SET session_replication_role = replica;

--
-- PostgreSQL database dump
--

-- \restrict Arq1c3tH88fTcGPLU2KihLXjnmJLDLNXDSncsYKFCav51aSIXgYq1CIINMi11Qj

-- Dumped from database version 17.6
-- Dumped by pg_dump version 17.6

SET statement_timeout = 0;
SET lock_timeout = 0;
SET idle_in_transaction_session_timeout = 0;
SET transaction_timeout = 0;
SET client_encoding = 'UTF8';
SET standard_conforming_strings = on;
SELECT pg_catalog.set_config('search_path', '', false);
SET check_function_bodies = false;
SET xmloption = content;
SET client_min_messages = warning;
SET row_security = off;

--
-- Data for Name: audit_log_entries; Type: TABLE DATA; Schema: auth; Owner: supabase_auth_admin
--

INSERT INTO "auth"."audit_log_entries" ("instance_id", "id", "payload", "created_at", "ip_address") VALUES
	('00000000-0000-0000-0000-000000000000', '63753bdf-7ed2-4dad-a679-4b50e04f2fe7', '{"action":"user_signedup","actor_id":"c9057edc-4fa4-499b-b67f-2936f4fd1fa3","actor_username":"zeta@abc.com","actor_via_sso":false,"log_type":"team","traits":{"provider":"email"}}', '2025-10-20 22:02:39.222415+00', ''),
	('00000000-0000-0000-0000-000000000000', '5a7b1397-510a-4def-b053-8dc3821be2e3', '{"action":"login","actor_id":"c9057edc-4fa4-499b-b67f-2936f4fd1fa3","actor_username":"zeta@abc.com","actor_via_sso":false,"log_type":"account","traits":{"provider":"email"}}', '2025-10-20 22:02:39.227116+00', ''),
	('00000000-0000-0000-0000-000000000000', '91d85ac4-1b94-4ec7-9bbf-d388905d2f59', '{"action":"logout","actor_id":"c9057edc-4fa4-499b-b67f-2936f4fd1fa3","actor_username":"zeta@abc.com","actor_via_sso":false,"log_type":"account"}', '2025-10-20 22:02:39.241863+00', ''),
	('00000000-0000-0000-0000-000000000000', '078b1209-2523-4a5c-8a80-7db0d793e55e', '{"action":"login","actor_id":"c9057edc-4fa4-499b-b67f-2936f4fd1fa3","actor_username":"zeta@abc.com","actor_via_sso":false,"log_type":"account","traits":{"provider":"email"}}', '2025-10-20 22:02:39.312276+00', ''),
	('00000000-0000-0000-0000-000000000000', '43dbb411-048a-4d5d-83df-d5a645f8563a', '{"action":"logout","actor_id":"c9057edc-4fa4-499b-b67f-2936f4fd1fa3","actor_username":"zeta@abc.com","actor_via_sso":false,"log_type":"account"}', '2025-10-20 22:02:39.31799+00', ''),
	('00000000-0000-0000-0000-000000000000', '4223b759-245a-4e99-b0d1-2979c550ad82', '{"action":"user_signedup","actor_id":"d0288cae-0334-4a86-90a5-8f72f92dd97c","actor_username":"adam.abacus@example.com","actor_via_sso":false,"log_type":"team","traits":{"provider":"email"}}', '2025-10-20 22:02:39.56645+00', ''),
	('00000000-0000-0000-0000-000000000000', '1f496db9-50de-40e4-9b79-afc783619520', '{"action":"login","actor_id":"d0288cae-0334-4a86-90a5-8f72f92dd97c","actor_username":"adam.abacus@example.com","actor_via_sso":false,"log_type":"account","traits":{"provider":"email"}}', '2025-10-20 22:02:39.568368+00', ''),
	('00000000-0000-0000-0000-000000000000', '7aff8c44-241f-435c-b2d7-a1cbc49854ce', '{"action":"logout","actor_id":"d0288cae-0334-4a86-90a5-8f72f92dd97c","actor_username":"adam.abacus@example.com","actor_via_sso":false,"log_type":"account"}', '2025-10-20 22:02:39.574605+00', ''),
	('00000000-0000-0000-0000-000000000000', 'b6c4255a-5044-4418-a465-a7d47abf00c5', '{"action":"user_signedup","actor_id":"2495cca3-1b11-4e50-a222-c8461bb47f2e","actor_username":"beth.bodmas@example.com","actor_via_sso":false,"log_type":"team","traits":{"provider":"email"}}', '2025-10-20 22:02:39.670773+00', ''),
	('00000000-0000-0000-0000-000000000000', '0f3442cf-6a46-451c-828e-f9a1e74a3c59', '{"action":"login","actor_id":"2495cca3-1b11-4e50-a222-c8461bb47f2e","actor_username":"beth.bodmas@example.com","actor_via_sso":false,"log_type":"account","traits":{"provider":"email"}}', '2025-10-20 22:02:39.672293+00', ''),
	('00000000-0000-0000-0000-000000000000', '918add9e-5752-4eed-9045-9d33599abcce', '{"action":"logout","actor_id":"2495cca3-1b11-4e50-a222-c8461bb47f2e","actor_username":"beth.bodmas@example.com","actor_via_sso":false,"log_type":"account"}', '2025-10-20 22:02:39.676921+00', ''),
	('00000000-0000-0000-0000-000000000000', '2af30cbb-a38b-47fb-b54d-a1fd1cfba288', '{"action":"login","actor_id":"2495cca3-1b11-4e50-a222-c8461bb47f2e","actor_username":"beth.bodmas@example.com","actor_via_sso":false,"log_type":"account","traits":{"provider":"email"}}', '2025-10-20 22:02:40.048565+00', ''),
	('00000000-0000-0000-0000-000000000000', '28633bbd-f0ef-407a-b64a-9e14aad7ca38', '{"action":"user_repeated_signup","actor_id":"c9057edc-4fa4-499b-b67f-2936f4fd1fa3","actor_username":"zeta@abc.com","actor_via_sso":false,"log_type":"user","traits":{"provider":"email"}}', '2025-10-20 22:04:39.271453+00', ''),
	('00000000-0000-0000-0000-000000000000', '2c7d389c-e460-4611-865c-bbf3748f9ac6', '{"action":"login","actor_id":"d0288cae-0334-4a86-90a5-8f72f92dd97c","actor_username":"adam.abacus@example.com","actor_via_sso":false,"log_type":"account","traits":{"provider":"email"}}', '2025-10-20 22:04:39.846648+00', ''),
	('00000000-0000-0000-0000-000000000000', '02e01097-8eaf-4dd9-a76d-7ef44b37e32c', '{"action":"logout","actor_id":"d0288cae-0334-4a86-90a5-8f72f92dd97c","actor_username":"adam.abacus@example.com","actor_via_sso":false,"log_type":"account"}', '2025-10-20 22:04:39.868745+00', '');


--
-- Data for Name: flow_state; Type: TABLE DATA; Schema: auth; Owner: supabase_auth_admin
--



--
-- Data for Name: users; Type: TABLE DATA; Schema: auth; Owner: supabase_auth_admin
--

INSERT INTO "auth"."users" ("instance_id", "id", "aud", "role", "email", "encrypted_password", "email_confirmed_at", "invited_at", "confirmation_token", "confirmation_sent_at", "recovery_token", "recovery_sent_at", "email_change_token_new", "email_change", "email_change_sent_at", "last_sign_in_at", "raw_app_meta_data", "raw_user_meta_data", "is_super_admin", "created_at", "updated_at", "phone", "phone_confirmed_at", "phone_change", "phone_change_token", "phone_change_sent_at", "email_change_token_current", "email_change_confirm_status", "banned_until", "reauthentication_token", "reauthentication_sent_at", "is_sso_user", "deleted_at", "is_anonymous") VALUES
	('00000000-0000-0000-0000-000000000000', '2495cca3-1b11-4e50-a222-c8461bb47f2e', 'authenticated', 'authenticated', 'beth.bodmas@example.com', '$2a$10$R0IPsOk0MWL25Lurm4zHS.lTQhUkeRZicEDQR4hQVpB9uvkyzT4Oe', '2025-10-20 22:02:39.671013+00', NULL, '', NULL, '', NULL, '', '', NULL, '2025-10-20 22:02:40.048873+00', '{"provider": "email", "providers": ["email"]}', '{"sub": "2495cca3-1b11-4e50-a222-c8461bb47f2e", "email": "beth.bodmas@example.com", "email_verified": true, "phone_verified": false}', NULL, '2025-10-20 22:02:39.668774+00', '2025-10-20 22:02:40.049634+00', NULL, NULL, '', '', NULL, '', 0, NULL, '', NULL, false, NULL, false),
	('00000000-0000-0000-0000-000000000000', 'd0288cae-0334-4a86-90a5-8f72f92dd97c', 'authenticated', 'authenticated', 'adam.abacus@example.com', '$2a$10$zbOMezyp3A9U58C5IKTlHeTY2KiqUbklTdeDn3K0N3uh7btvqeOpW', '2025-10-20 22:02:39.56676+00', NULL, '', NULL, '', NULL, '', '', NULL, '2025-10-20 22:04:39.847309+00', '{"provider": "email", "providers": ["email"]}', '{"sub": "d0288cae-0334-4a86-90a5-8f72f92dd97c", "email": "adam.abacus@example.com", "email_verified": true, "phone_verified": false}', NULL, '2025-10-20 22:02:39.564329+00', '2025-10-20 22:04:39.848728+00', NULL, NULL, '', '', NULL, '', 0, NULL, '', NULL, false, NULL, false),
	('00000000-0000-0000-0000-000000000000', 'c9057edc-4fa4-499b-b67f-2936f4fd1fa3', 'authenticated', 'authenticated', 'zeta@abc.com', '$2a$10$byPk4SIy9vJn9zuPWeVIye4xB1CTQXEaczk1TRFscZqttYAQBWo8C', '2025-10-20 22:02:39.224109+00', NULL, '', NULL, '', NULL, '', '', NULL, '2025-10-20 22:02:39.312659+00', '{"provider": "email", "providers": ["email"]}', '{"sub": "c9057edc-4fa4-499b-b67f-2936f4fd1fa3", "email": "zeta@abc.com", "email_verified": true, "phone_verified": false}', NULL, '2025-10-20 22:02:39.212303+00', '2025-10-20 22:02:39.3136+00', NULL, NULL, '', '', NULL, '', 0, NULL, '', NULL, false, NULL, false);


--
-- Data for Name: identities; Type: TABLE DATA; Schema: auth; Owner: supabase_auth_admin
--

INSERT INTO "auth"."identities" ("provider_id", "user_id", "identity_data", "provider", "last_sign_in_at", "created_at", "updated_at", "id") VALUES
	('c9057edc-4fa4-499b-b67f-2936f4fd1fa3', 'c9057edc-4fa4-499b-b67f-2936f4fd1fa3', '{"sub": "c9057edc-4fa4-499b-b67f-2936f4fd1fa3", "email": "zeta@abc.com", "email_verified": false, "phone_verified": false}', 'email', '2025-10-20 22:02:39.220384+00', '2025-10-20 22:02:39.220468+00', '2025-10-20 22:02:39.220468+00', 'd9f9ba3e-4a5b-45eb-92a3-b95c762e5e29'),
	('d0288cae-0334-4a86-90a5-8f72f92dd97c', 'd0288cae-0334-4a86-90a5-8f72f92dd97c', '{"sub": "d0288cae-0334-4a86-90a5-8f72f92dd97c", "email": "adam.abacus@example.com", "email_verified": false, "phone_verified": false}', 'email', '2025-10-20 22:02:39.565543+00', '2025-10-20 22:02:39.565562+00', '2025-10-20 22:02:39.565562+00', '9328bdea-55b3-403f-8daa-09807829c159'),
	('2495cca3-1b11-4e50-a222-c8461bb47f2e', '2495cca3-1b11-4e50-a222-c8461bb47f2e', '{"sub": "2495cca3-1b11-4e50-a222-c8461bb47f2e", "email": "beth.bodmas@example.com", "email_verified": false, "phone_verified": false}', 'email', '2025-10-20 22:02:39.669901+00', '2025-10-20 22:02:39.669919+00', '2025-10-20 22:02:39.669919+00', '499b106d-072e-4972-af80-de1e6b6fbe3a');


--
-- Data for Name: instances; Type: TABLE DATA; Schema: auth; Owner: supabase_auth_admin
--



--
-- Data for Name: oauth_clients; Type: TABLE DATA; Schema: auth; Owner: supabase_auth_admin
--



--
-- Data for Name: sessions; Type: TABLE DATA; Schema: auth; Owner: supabase_auth_admin
--

INSERT INTO "auth"."sessions" ("id", "user_id", "created_at", "updated_at", "factor_id", "aal", "not_after", "refreshed_at", "user_agent", "ip", "tag", "oauth_client_id") VALUES
	('0754f23d-bfdb-4fdc-b1d4-b45406d98381', '2495cca3-1b11-4e50-a222-c8461bb47f2e', '2025-10-20 22:02:40.048916+00', '2025-10-20 22:02:40.048916+00', NULL, 'aal1', NULL, NULL, 'python-httpx/0.28.1', '172.64.66.1', NULL, NULL);


--
-- Data for Name: mfa_amr_claims; Type: TABLE DATA; Schema: auth; Owner: supabase_auth_admin
--

INSERT INTO "auth"."mfa_amr_claims" ("session_id", "created_at", "updated_at", "authentication_method", "id") VALUES
	('0754f23d-bfdb-4fdc-b1d4-b45406d98381', '2025-10-20 22:02:40.049757+00', '2025-10-20 22:02:40.049757+00', 'password', '076b278a-e07b-4c78-adcc-3ee36f4571f5');


--
-- Data for Name: mfa_factors; Type: TABLE DATA; Schema: auth; Owner: supabase_auth_admin
--



--
-- Data for Name: mfa_challenges; Type: TABLE DATA; Schema: auth; Owner: supabase_auth_admin
--



--
-- Data for Name: oauth_authorizations; Type: TABLE DATA; Schema: auth; Owner: supabase_auth_admin
--



--
-- Data for Name: oauth_consents; Type: TABLE DATA; Schema: auth; Owner: supabase_auth_admin
--



--
-- Data for Name: one_time_tokens; Type: TABLE DATA; Schema: auth; Owner: supabase_auth_admin
--



--
-- Data for Name: refresh_tokens; Type: TABLE DATA; Schema: auth; Owner: supabase_auth_admin
--

INSERT INTO "auth"."refresh_tokens" ("instance_id", "id", "token", "user_id", "revoked", "created_at", "updated_at", "parent", "session_id") VALUES
	('00000000-0000-0000-0000-000000000000', 5, 'rwqdkxg6gp4f', '2495cca3-1b11-4e50-a222-c8461bb47f2e', false, '2025-10-20 22:02:40.049249+00', '2025-10-20 22:02:40.049249+00', NULL, '0754f23d-bfdb-4fdc-b1d4-b45406d98381');


--
-- Data for Name: sso_providers; Type: TABLE DATA; Schema: auth; Owner: supabase_auth_admin
--



--
-- Data for Name: saml_providers; Type: TABLE DATA; Schema: auth; Owner: supabase_auth_admin
--



--
-- Data for Name: saml_relay_states; Type: TABLE DATA; Schema: auth; Owner: supabase_auth_admin
--



--
-- Data for Name: sso_domains; Type: TABLE DATA; Schema: auth; Owner: supabase_auth_admin
--



--
-- Data for Name: checklist_steps; Type: TABLE DATA; Schema: public; Owner: postgres
--

INSERT INTO "public"."checklist_steps" ("id", "label", "description", "updated_at") VALUES
	('c79efe17-49fe-43ed-9b7a-98e3378067f0', 'Assemble an Emergency Kit', 'Collect essential supplies like food, water, medications, flashlights, and a first aid kit. Aim for a 72-hour supply to sustain you during the initial phase of an emergency.', '2025-10-20 22:02:39.937733'),
	('9ebe7523-ecd7-4800-ad39-b75f27b392c4', 'Create a Family Communication Plan', 'Establish a way to communicate with family members during an emergency, including identifying a central contact person outside the area for everyone to check in with.', '2025-10-20 22:02:39.941805'),
	('00223326-8dab-4e3f-8e32-c1cb50b87ef4', 'Know Your Local Risks', 'Identify specific risks in your area, such as hurricanes, earthquakes, or flooding, to better tailor your emergency preparations.', '2025-10-20 22:02:39.944228'),
	('3b939572-9197-4a57-82a2-dafb37b13fb9', 'Learn Basic First Aid and CPR', 'Familiarize yourself with first aid and CPR techniques, which can be crucial during emergencies if immediate medical help isn’t available.', '2025-10-20 22:02:39.94662'),
	('c56e7abc-8d27-4c72-8609-7df09fa359a4', 'Secure Important Documents', 'Gather and protect important documents, like identification, insurance policies, and medical records, storing them in a waterproof, fireproof container.', '2025-10-20 22:02:39.949014'),
	('24ee1ef0-330a-4c13-836d-71f950ac1348', 'Develop an Emergency Response Plan', 'Create a comprehensive response plan detailing evacuation routes, shelter-in-place procedures, and communication protocols.', '2025-10-20 22:02:39.953604'),
	('25f18cf5-ec5e-4606-ada6-ca13e5cf6d56', 'Conduct Regular Drills', 'Schedule drills for various scenarios like fire, earthquake, or active shooter situations to ensure employees know what to do in an emergency.', '2025-10-20 22:02:39.955859'),
	('0569c4f9-0146-4e12-af22-b4fbe9b55808', 'Establish a Communication Chain', 'Identify key personnel responsible for communicating updates during an emergency and establish clear methods for reaching all employees.', '2025-10-20 22:02:39.958138'),
	('e2c2fc8d-ed81-422a-ad1e-0c0192b3c518', 'Stock Workplace Emergency Supplies', 'Ensure the workplace has accessible emergency supplies, including first aid kits, fire extinguishers, and personal protective equipment.', '2025-10-20 22:02:39.960378'),
	('e96c432c-3bb1-4bae-9ffb-cf95a3a963b8', 'Train Employees on Emergency Procedures', 'Provide regular training on the emergency response plan, including how to safely evacuate, assist colleagues, and locate emergency supplies.', '2025-10-20 22:02:39.96264'),
	('f7ce2cc2-f543-4d95-89bf-8152e69642d8', 'Assemble an Emergency Kit', 'Collect essential supplies like food, water, medications, flashlights, and a first aid kit. Aim for a 72-hour supply to sustain you during the initial phase of an emergency.', '2025-10-20 22:04:39.730189'),
	('0d71c4e1-9b54-4dc4-afef-bde8e678254a', 'Create a Family Communication Plan', 'Establish a way to communicate with family members during an emergency, including identifying a central contact person outside the area for everyone to check in with.', '2025-10-20 22:04:39.734289'),
	('ded7796c-e6d9-4de2-9880-b8453fcacb0a', 'Know Your Local Risks', 'Identify specific risks in your area, such as hurricanes, earthquakes, or flooding, to better tailor your emergency preparations.', '2025-10-20 22:04:39.737473'),
	('831852b5-728d-41d0-93d4-ff1b3938f190', 'Learn Basic First Aid and CPR', 'Familiarize yourself with first aid and CPR techniques, which can be crucial during emergencies if immediate medical help isn’t available.', '2025-10-20 22:04:39.740018'),
	('fd5de407-a715-4468-8ace-e81fef6474ba', 'Secure Important Documents', 'Gather and protect important documents, like identification, insurance policies, and medical records, storing them in a waterproof, fireproof container.', '2025-10-20 22:04:39.742498'),
	('26629f57-fff4-4187-bc1d-84309d759829', 'Develop an Emergency Response Plan', 'Create a comprehensive response plan detailing evacuation routes, shelter-in-place procedures, and communication protocols.', '2025-10-20 22:04:39.747466'),
	('9e7b3947-643a-4107-8c9a-36366ec783a3', 'Conduct Regular Drills', 'Schedule drills for various scenarios like fire, earthquake, or active shooter situations to ensure employees know what to do in an emergency.', '2025-10-20 22:04:39.750204'),
	('9d3589ff-fb87-4d88-997a-5b6df63dbcda', 'Establish a Communication Chain', 'Identify key personnel responsible for communicating updates during an emergency and establish clear methods for reaching all employees.', '2025-10-20 22:04:39.752594'),
	('65239789-e3eb-439d-871f-e8f0369b9b8b', 'Stock Workplace Emergency Supplies', 'Ensure the workplace has accessible emergency supplies, including first aid kits, fire extinguishers, and personal protective equipment.', '2025-10-20 22:04:39.755'),
	('fb2481c4-2cad-475f-982e-b25e4fe94822', 'Train Employees on Emergency Procedures', 'Provide regular training on the emergency response plan, including how to safely evacuate, assist colleagues, and locate emergency supplies.', '2025-10-20 22:04:39.757323');


--
-- Data for Name: frequency; Type: TABLE DATA; Schema: public; Owner: postgres
--

INSERT INTO "public"."frequency" ("id", "name", "num_days") VALUES
	('6e2f25aa-5c89-4bfc-87a1-d9147ccb5e9f', 'Monthly', 30),
	('df24d30f-0364-4aea-a9f6-3ef9695609e7', 'Yearly', 365),
	('d9874116-e8f6-42a4-ae27-63a3f3557f59', 'Monthly', 30),
	('42c25e41-4b83-4c04-bda9-c4a3c30781ae', 'Yearly', 365);


--
-- Data for Name: checklists; Type: TABLE DATA; Schema: public; Owner: postgres
--

INSERT INTO "public"."checklists" ("id", "title", "description", "notes", "updated_at", "priority", "frequency_id") VALUES
	('36b46b3e-3250-480c-a67c-bb69404ec544', 'Personal Emergency Preparedness', 'This checklist helps individuals prepare for a variety of emergency situations, from natural disasters to unexpected crises, ensuring they have the necessary resources and plans in place to stay safe.', NULL, '2025-10-20 22:02:39.93293', 'LOW', NULL),
	('f19fb46f-c5ef-4d19-a5d0-42d55829f9d3', 'Workplace Emergency Preparedness', 'This checklist is designed for businesses and organizations to help staff prepare for emergencies, minimizing risk and ensuring a quick, organized response to keep everyone safe.', NULL, '2025-10-20 22:02:39.9513', 'LOW', NULL),
	('4c057cb7-93fd-40d9-80e4-deb817d4f4ea', 'Personal Emergency Preparedness', 'This checklist helps individuals prepare for a variety of emergency situations, from natural disasters to unexpected crises, ensuring they have the necessary resources and plans in place to stay safe.', NULL, '2025-10-20 22:04:39.725431', 'LOW', NULL),
	('ebcc122f-55ef-452d-995a-c121976c8ba6', 'Workplace Emergency Preparedness', 'This checklist is designed for businesses and organizations to help staff prepare for emergencies, minimizing risk and ensuring a quick, organized response to keep everyone safe.', NULL, '2025-10-20 22:04:39.744896', 'LOW', NULL);


--
-- Data for Name: checklist_steps_orders; Type: TABLE DATA; Schema: public; Owner: postgres
--

INSERT INTO "public"."checklist_steps_orders" ("id", "checklist_id", "checklist_step_id", "priority", "updated_at") VALUES
	('7a3c6a9c-20d5-4084-bbae-e3d3fa6ab21d', '36b46b3e-3250-480c-a67c-bb69404ec544', 'c79efe17-49fe-43ed-9b7a-98e3378067f0', 0, '2025-10-20 22:02:39.939704'),
	('d65b219f-9d4d-44ab-b77e-cc1869ed9392', '36b46b3e-3250-480c-a67c-bb69404ec544', '9ebe7523-ecd7-4800-ad39-b75f27b392c4', 1, '2025-10-20 22:02:39.942973'),
	('16c90c1e-6de4-4800-9b5e-b9fb8c5f4043', '36b46b3e-3250-480c-a67c-bb69404ec544', '00223326-8dab-4e3f-8e32-c1cb50b87ef4', 2, '2025-10-20 22:02:39.945354'),
	('d550ef49-c9bf-4661-9061-1bf92d365107', '36b46b3e-3250-480c-a67c-bb69404ec544', '3b939572-9197-4a57-82a2-dafb37b13fb9', 3, '2025-10-20 22:02:39.947799'),
	('f2ec0445-2975-4daa-8d64-f5593f7ee2bb', '36b46b3e-3250-480c-a67c-bb69404ec544', 'c56e7abc-8d27-4c72-8609-7df09fa359a4', 4, '2025-10-20 22:02:39.950139'),
	('0ef3abe3-1ec6-4d88-8be4-14feec95d412', 'f19fb46f-c5ef-4d19-a5d0-42d55829f9d3', '24ee1ef0-330a-4c13-836d-71f950ac1348', 0, '2025-10-20 22:02:39.954663'),
	('6bef30e9-f22a-499d-b1ae-74085ea93aa4', 'f19fb46f-c5ef-4d19-a5d0-42d55829f9d3', '25f18cf5-ec5e-4606-ada6-ca13e5cf6d56', 1, '2025-10-20 22:02:39.956954'),
	('e13ab3ba-bc15-4d3a-a23b-ad3855f25687', 'f19fb46f-c5ef-4d19-a5d0-42d55829f9d3', '0569c4f9-0146-4e12-af22-b4fbe9b55808', 2, '2025-10-20 22:02:39.959216'),
	('9fea6ee3-4025-472e-9e1d-68cf3dae643e', 'f19fb46f-c5ef-4d19-a5d0-42d55829f9d3', 'e2c2fc8d-ed81-422a-ad1e-0c0192b3c518', 3, '2025-10-20 22:02:39.961495'),
	('0e73ceb7-b30c-4d18-8be0-a97a39bdadc7', 'f19fb46f-c5ef-4d19-a5d0-42d55829f9d3', 'e96c432c-3bb1-4bae-9ffb-cf95a3a963b8', 4, '2025-10-20 22:02:39.963761'),
	('88b1e819-497f-4b2c-aaf2-4229146bbf00', '4c057cb7-93fd-40d9-80e4-deb817d4f4ea', 'f7ce2cc2-f543-4d95-89bf-8152e69642d8', 0, '2025-10-20 22:04:39.732123'),
	('1e7d0e90-3d5a-4b47-bf79-007408fb310b', '4c057cb7-93fd-40d9-80e4-deb817d4f4ea', '0d71c4e1-9b54-4dc4-afef-bde8e678254a', 1, '2025-10-20 22:04:39.735528'),
	('c9abed99-ee88-4351-89a1-5c18272ff4bf', '4c057cb7-93fd-40d9-80e4-deb817d4f4ea', 'ded7796c-e6d9-4de2-9880-b8453fcacb0a', 2, '2025-10-20 22:04:39.738642'),
	('826d8752-c366-46a8-8332-2b5712282575', '4c057cb7-93fd-40d9-80e4-deb817d4f4ea', '831852b5-728d-41d0-93d4-ff1b3938f190', 3, '2025-10-20 22:04:39.74119'),
	('4101669c-3031-42a7-a9a4-ba431b203aaf', '4c057cb7-93fd-40d9-80e4-deb817d4f4ea', 'fd5de407-a715-4468-8ace-e81fef6474ba', 4, '2025-10-20 22:04:39.743638'),
	('3fb4e931-68d1-4904-8e76-ceae3c97d41c', 'ebcc122f-55ef-452d-995a-c121976c8ba6', '26629f57-fff4-4187-bc1d-84309d759829', 0, '2025-10-20 22:04:39.748769'),
	('c878fa78-f424-4dbd-8040-05610278c5ab', 'ebcc122f-55ef-452d-995a-c121976c8ba6', '9e7b3947-643a-4107-8c9a-36366ec783a3', 1, '2025-10-20 22:04:39.751354'),
	('d7333af9-32dc-4acc-8ded-30bb525f6afe', 'ebcc122f-55ef-452d-995a-c121976c8ba6', '9d3589ff-fb87-4d88-997a-5b6df63dbcda', 2, '2025-10-20 22:04:39.753763'),
	('f75fc88b-b0d4-4b4c-aef3-31775a85f27c', 'ebcc122f-55ef-452d-995a-c121976c8ba6', '65239789-e3eb-439d-871f-e8f0369b9b8b', 3, '2025-10-20 22:04:39.756118'),
	('7dc995d0-0238-4303-bd91-64071ebea0eb', 'ebcc122f-55ef-452d-995a-c121976c8ba6', 'fb2481c4-2cad-475f-982e-b25e4fe94822', 4, '2025-10-20 22:04:39.758515');


--
-- Data for Name: user_profiles; Type: TABLE DATA; Schema: public; Owner: postgres
--

INSERT INTO "public"."user_profiles" ("id") VALUES
	('d0288cae-0334-4a86-90a5-8f72f92dd97c'),
	('2495cca3-1b11-4e50-a222-c8461bb47f2e');


--
-- Data for Name: checklist_steps_states; Type: TABLE DATA; Schema: public; Owner: postgres
--

INSERT INTO "public"."checklist_steps_states" ("id", "checklist_steps_order_id", "user_profile_id", "is_completed") VALUES
	('f2f2c229-6b9e-4013-a9e3-6b219cb8bc5f', '7a3c6a9c-20d5-4084-bbae-e3d3fa6ab21d', 'd0288cae-0334-4a86-90a5-8f72f92dd97c', false),
	('983af022-2d7a-4516-93e3-2bab624b98c8', '7a3c6a9c-20d5-4084-bbae-e3d3fa6ab21d', '2495cca3-1b11-4e50-a222-c8461bb47f2e', false),
	('817efb27-1352-41a8-a69a-201718cdaca3', 'd65b219f-9d4d-44ab-b77e-cc1869ed9392', 'd0288cae-0334-4a86-90a5-8f72f92dd97c', false),
	('f1fd6a25-1998-4855-855a-bd9c7d427f90', 'd65b219f-9d4d-44ab-b77e-cc1869ed9392', '2495cca3-1b11-4e50-a222-c8461bb47f2e', false),
	('a2a5dc03-70ea-4587-ae74-77d0a30ba3fc', '16c90c1e-6de4-4800-9b5e-b9fb8c5f4043', 'd0288cae-0334-4a86-90a5-8f72f92dd97c', false),
	('1730280d-9c3b-4b11-8118-35b0e1c5017e', '16c90c1e-6de4-4800-9b5e-b9fb8c5f4043', '2495cca3-1b11-4e50-a222-c8461bb47f2e', false),
	('28c1e632-1c84-495b-a54b-28aba355d763', 'd550ef49-c9bf-4661-9061-1bf92d365107', 'd0288cae-0334-4a86-90a5-8f72f92dd97c', false),
	('22c75383-5082-43f0-ac0f-68f5817bc08e', 'd550ef49-c9bf-4661-9061-1bf92d365107', '2495cca3-1b11-4e50-a222-c8461bb47f2e', false),
	('eb359d8a-f11a-4d1a-b742-095d7bc0cd2c', 'f2ec0445-2975-4daa-8d64-f5593f7ee2bb', 'd0288cae-0334-4a86-90a5-8f72f92dd97c', false),
	('1b37535f-8a0b-44bc-b350-6f9ae718b106', 'f2ec0445-2975-4daa-8d64-f5593f7ee2bb', '2495cca3-1b11-4e50-a222-c8461bb47f2e', false),
	('5c4a35af-0c69-43d0-8f92-260b8bb83a2d', '0ef3abe3-1ec6-4d88-8be4-14feec95d412', 'd0288cae-0334-4a86-90a5-8f72f92dd97c', false),
	('63052667-1ed6-4e8f-87a3-b8988284a6ab', '0ef3abe3-1ec6-4d88-8be4-14feec95d412', '2495cca3-1b11-4e50-a222-c8461bb47f2e', false),
	('e65669b2-05d2-4ca4-84d2-0dad5f134446', '6bef30e9-f22a-499d-b1ae-74085ea93aa4', 'd0288cae-0334-4a86-90a5-8f72f92dd97c', false),
	('734ff4bc-6eb5-41b2-961d-15707f5ae652', '6bef30e9-f22a-499d-b1ae-74085ea93aa4', '2495cca3-1b11-4e50-a222-c8461bb47f2e', false),
	('b4d0c04d-cae5-4ef6-8ae5-14b6ea316411', 'e13ab3ba-bc15-4d3a-a23b-ad3855f25687', 'd0288cae-0334-4a86-90a5-8f72f92dd97c', false),
	('241d1402-167a-406d-82b3-0a431ec9cc11', 'e13ab3ba-bc15-4d3a-a23b-ad3855f25687', '2495cca3-1b11-4e50-a222-c8461bb47f2e', false),
	('a27912cc-6363-49c9-8be9-80683be0a429', '9fea6ee3-4025-472e-9e1d-68cf3dae643e', 'd0288cae-0334-4a86-90a5-8f72f92dd97c', false),
	('3491eefa-d8a4-4d8b-a622-fac7724a6c54', '9fea6ee3-4025-472e-9e1d-68cf3dae643e', '2495cca3-1b11-4e50-a222-c8461bb47f2e', false),
	('76023af6-d6bb-43bb-a4cb-757392d907d5', '0e73ceb7-b30c-4d18-8be0-a97a39bdadc7', 'd0288cae-0334-4a86-90a5-8f72f92dd97c', false),
	('af3cb52b-77e0-45ae-80c0-3804f59ae3c2', '0e73ceb7-b30c-4d18-8be0-a97a39bdadc7', '2495cca3-1b11-4e50-a222-c8461bb47f2e', false),
	('fe9aa42f-0d7d-4b7c-b3a7-27b3b29f9961', '88b1e819-497f-4b2c-aaf2-4229146bbf00', 'd0288cae-0334-4a86-90a5-8f72f92dd97c', false),
	('daf8ccd4-caa9-4206-a1f8-6eb0431bebb2', '88b1e819-497f-4b2c-aaf2-4229146bbf00', '2495cca3-1b11-4e50-a222-c8461bb47f2e', false),
	('a5bc9fb8-d23d-46c8-b407-002c1670ee3d', '1e7d0e90-3d5a-4b47-bf79-007408fb310b', 'd0288cae-0334-4a86-90a5-8f72f92dd97c', false),
	('ec8e6291-d8cd-4e61-a52d-6a1428ed0cf7', '1e7d0e90-3d5a-4b47-bf79-007408fb310b', '2495cca3-1b11-4e50-a222-c8461bb47f2e', false),
	('ab9f50d4-79fa-44a2-854c-3a3d813eb6e1', 'c9abed99-ee88-4351-89a1-5c18272ff4bf', 'd0288cae-0334-4a86-90a5-8f72f92dd97c', false),
	('f4a187dd-f1e3-4650-bfbf-87efc32e5754', 'c9abed99-ee88-4351-89a1-5c18272ff4bf', '2495cca3-1b11-4e50-a222-c8461bb47f2e', false),
	('079b27d9-bfe6-4773-8711-ce662773b59d', '826d8752-c366-46a8-8332-2b5712282575', 'd0288cae-0334-4a86-90a5-8f72f92dd97c', false),
	('176636f7-086f-4a9c-9dfd-1d1921e48673', '826d8752-c366-46a8-8332-2b5712282575', '2495cca3-1b11-4e50-a222-c8461bb47f2e', false),
	('29b0ad8c-bb46-404d-91a7-f5e7579f48d2', '4101669c-3031-42a7-a9a4-ba431b203aaf', 'd0288cae-0334-4a86-90a5-8f72f92dd97c', false),
	('c15afa65-7298-4328-a833-a209b915a8ac', '4101669c-3031-42a7-a9a4-ba431b203aaf', '2495cca3-1b11-4e50-a222-c8461bb47f2e', false),
	('b1081bc2-1a28-44b4-99d1-623bd1335f52', '3fb4e931-68d1-4904-8e76-ceae3c97d41c', 'd0288cae-0334-4a86-90a5-8f72f92dd97c', false),
	('916f71b7-36da-4685-8dd4-1aba6d7cd216', '3fb4e931-68d1-4904-8e76-ceae3c97d41c', '2495cca3-1b11-4e50-a222-c8461bb47f2e', false),
	('5bb90b59-b2b6-410d-8dd0-b18f162a0a9e', 'c878fa78-f424-4dbd-8040-05610278c5ab', 'd0288cae-0334-4a86-90a5-8f72f92dd97c', false),
	('338b7656-c888-462f-a93d-3a1def1e4c98', 'c878fa78-f424-4dbd-8040-05610278c5ab', '2495cca3-1b11-4e50-a222-c8461bb47f2e', false),
	('12158a11-7c9d-42bf-9f33-e8fd9cbaddd2', 'd7333af9-32dc-4acc-8ded-30bb525f6afe', 'd0288cae-0334-4a86-90a5-8f72f92dd97c', false),
	('a4b28749-c986-4042-a918-ae01e5673d0f', 'd7333af9-32dc-4acc-8ded-30bb525f6afe', '2495cca3-1b11-4e50-a222-c8461bb47f2e', false),
	('5e0d28ab-f777-4b72-875a-105bc70c57fd', 'f75fc88b-b0d4-4b4c-aef3-31775a85f27c', 'd0288cae-0334-4a86-90a5-8f72f92dd97c', false),
	('239ba6df-c13e-4655-b72b-da931976d0eb', 'f75fc88b-b0d4-4b4c-aef3-31775a85f27c', '2495cca3-1b11-4e50-a222-c8461bb47f2e', false),
	('3d4ae42d-7dc2-4944-834e-fb3c11bba7b7', '7dc995d0-0238-4303-bd91-64071ebea0eb', 'd0288cae-0334-4a86-90a5-8f72f92dd97c', false),
	('039b0b50-8fe6-4a71-aaf4-393d60e09e5a', '7dc995d0-0238-4303-bd91-64071ebea0eb', '2495cca3-1b11-4e50-a222-c8461bb47f2e', false);


--
-- Data for Name: clusters; Type: TABLE DATA; Schema: public; Owner: postgres
--

INSERT INTO "public"."clusters" ("id", "name", "meeting_place", "meeting_point", "notes", "geom") VALUES
	('2d4d5095-6810-4b51-92e0-b2df23b4997a', 'c_21', 'c_21 meeting place', NULL, '', '01030000000100000007000000A705E56CF0D347408982740C23925EC01E7EFE7BF0D347405137DE1D19925EC0E08233F8FBD34740046C843419925EC00094E1D3F7D3474040170D190F925EC05E21DF4A1BD44740FEF96CD30E925EC0E9A8C53B1BD44740892650C422925EC0A705E56CF0D347408982740C23925EC0'),
	('493eb4b5-6e74-4bde-a8c1-8f66435d1867', 'c_22', 'c_22 meeting place', NULL, '', '01030000000100000005000000C667C3ABF6D34740D45438DD0D925EC051B99A86F2D34740C8D7F91205925EC07D73243C46D447407A0CA02905925EC059558A7846D44740292092C60D925EC0C667C3ABF6D34740D45438DD0D925EC0'),
	('3b8ec382-6873-4d24-966c-66d631883bfc', 'c_23', 'c_23 meeting place', NULL, '', '0103000000010000000500000031D582CDEFD347403B01A83D00925EC0DF8B625EECD34740DB45E22FF7915EC06864575A46D447409E3220D6F6915EC07D73243C46D44740D60A896A00925EC031D582CDEFD347403B01A83D00925EC0'),
	('9cc25e89-ea6e-420c-8a9c-c5d259a847dd', 'c_24', 'c_24 meeting place', NULL, '', '01030000000100000005000000BC265AA8EBD34740B6EAB765F6915EC0D9370884E7D34740F01E2E39EE915EC0DA05949746D4474045EA8722EE915EC07D73243C46D44740BE778A0BF6915EC0BC265AA8EBD34740B6EAB765F6915EC0'),
	('bae44c34-9e87-4564-a78f-6ba999f5b080', 'c_25', 'c_25 meeting place', NULL, '', '01030000000100000005000000327E1AF7E6D347408164952DED915EC0FD344987E2D3474091B4F347E2915EC0C9E259DD45D44740334BA71AE2915EC03A84961A46D44740E65AB400ED915EC0327E1AF7E6D347408164952DED915EC0'),
	('b9c4b70e-9592-4e27-8417-68e84e73e590', 'c_26', 'c_26 meeting place', NULL, '', '0103000000010000000B00000059B34B0AE2D347402DF21E0CE1915EC08CA2BDB0EBD3474057EA5910CA915EC042238E2BE4D3474048C2BE9DC4915EC070CF04D4E5D34740E0264811BE915EC0BCD42A55FDD347400A1F0027CA915EC01338239408D447407927FAD7CD915EC0D7FDCF0605D447405CC1DB28D7915EC0F917F7D50BD4474019CE6850D9915EC0A7BD778A0BD44740A5373701E1915EC0C562073AFFD34740A5373701E1915EC059B34B0AE2D347402DF21E0CE1915EC0'),
	('403259aa-b5b2-4fb6-9f03-09830c1c227d', 'c_27', 'c_27 meeting place', NULL, '', '010300000001000000080000006E62FEC00BD4474087D970FDE0915EC08A00F1040CD4474098F0958AD7915EC00F44937A05D447401B8D32D1D6915EC0D105CDF808D44740CBFC31ADCD915EC0DC8F36E911D447403D091115CF915EC036E9B6442ED447403D7C3E6FCF915EC04EFD721C2ED447403F41182EE1915EC06E62FEC00BD4474087D970FDE0915EC0'),
	('ec2f9bda-abb4-4c05-98f0-974cc90b2638', 'c_28', 'c_28 meeting place', NULL, '', '01030000000100000009000000DC8F36E911D44740A28C028ECE915EC08BBCAC8905D44740FCF93372CC915EC0DEFE34FFF9D34740580A37CFC7915EC0C734F515FFD34740A9914C3DC1915EC095FD158D10D44740BC4DC983BE915EC09A90F87024D4474016681C8FBE915EC0F874E1AC2DD44740D4056113BE915EC0CF7F6A172ED44740EFCA89D1CE915EC0DC8F36E911D44740A28C028ECE915EC0'),
	('95dbeddf-2d48-4b4b-853b-e7b9f3cc285f', 'c_29', 'c_29 meeting place', NULL, '', '01030000000100000010000000FCF2C98AE1D347401D1D5723BB915EC0BAA71721E1D34740E87618EEB7915EC0F5E95097D6D3474050E449D2B5915EC042BA66F2CDD34740AC4FB637AE915EC0FC704683CAD34740BFF18D32AC915EC016C78157CBD3474082774DA3A4915EC07EFD3273DCD34740ED832C0BA6915EC0C7B2710EE8D3474002582E65AA915EC016C20F73EED347408F0E31B9AC915EC047885EEBF7D347403FEC1340B1915EC0312EB022FED34740C15DAC5EB4915EC0C941E1FD02D44740072FB07DB7915EC0C4C463F5FDD34740163DA6A4BD915EC031E5AF3500D44740DAF0AABDBE915EC042D95BCAF9D34740FFEFE3C3C7915EC0FCF2C98AE1D347401D1D5723BB915EC0'),
	('e32bbaef-7a0d-4b12-b1de-8ae2a6a3a9f2', 'c_30', 'c_30 meeting place', NULL, '', '0103000000010000000600000029EFBB3324D44740690A534ABE915EC03024383F0FD4474009F0FF3EBE915EC01B11F86816D44740FA06A348AD915EC082FCC79D2DD44740777C201EAE915EC0F874E1AC2DD44740CF8D44C3BD915EC029EFBB3324D44740690A534ABE915EC0'),
	('21af0c38-c50d-4bb3-bf7d-a2e688fa8fbc', 'c_31', 'c_31 meeting place', NULL, '', '01030000000100000012000000A8E7FFB000D447404D874ECFBB915EC0AEAD7DA603D44740C0B0FCF9B6915EC078F41A16FED347407ADFF8DAB3915EC05618E945EDD34740CC3E3498AB915EC0C9C39D66DCD347409929ADBFA5915EC0AD71A202CCD347404DC34BCBA3915EC0C99EBAA8CCD3474056FABFD99C915EC0B1DE6FB4E3D347403C832B4597915EC00F15BBC7E3D347400AA8CBBD9B915EC0DFA815A6EFD347406F0536429A915EC0262CB81FF0D3474039B93A5B9B915EC088DA9145F5D3474056FABFD99C915EC0059A1947F6D34740459506239B915EC013A1004004D447406C5B94D9A0915EC0C006FAFA10D4474041CDDAB7A4915EC0E5F7FD9B17D447406A04D149A5915EC0FBBA89100DD4474028D9452CBD915EC0A8E7FFB000D447404D874ECFBB915EC0'),
	('2b02ea1c-7326-4f28-8c11-24a224712f07', 'c_32', 'c_32 meeting place', NULL, '', '0103000000010000001100000073DF7BC910D44740186B6E3BA3915EC0CAF1F917F7D347409F6A3EF89A915EC08836B68DF5D347401C19F55A9A915EC0722E6A9CF2D3474039E74C7F9B915EC0D1898164F0D347404BB1FE2A9B915EC0AF2479AEEFD34740C9062D7F99915EC0E6555348E8D347409FF7109E9A915EC0063EDEF5E3D34740E5A8C53B9B915EC0063EDEF5E3D34740C66F0A2B95915EC02EA9EB9ADAD3474004A09B478F915EC05A5EDB36E7D34740A357039486915EC0BAECD79DEED347406011B2E28A915EC0179139E004D447406B60AB048B915EC027A50CC116D4474023AB11B08C915EC001BD81131BD447408E44C3BD8D915EC0BE35882018D447404DF15DEFA3915EC073DF7BC910D44740186B6E3BA3915EC0'),
	('fc63350f-e874-4ef4-8c36-21454c6ef570', 'c_33', 'c_33 meeting place', NULL, '', '0103000000010000000B00000068B477A114D44740410C74ED8B915EC032011A0005D44740AC85D6798A915EC0D05CB8BDEED34740729648588A915EC0B07C13F9E4D347400AE12C8084915EC017E65F26E5D347407248B42E7F915EC08756934CF3D3474010E6762F77915EC0515936CE01D447400993985679915EC0962ADF3312D44740B00518F178915EC065B004AD1BD44740AB7C2A0277915EC03B4BFCF61AD44740C4D0EAE48C915EC068B477A114D44740410C74ED8B915EC0'),
	('92351638-e3ca-4ac9-bda9-7e0907c48da3', 'c_34', 'c_34 meeting place', NULL, '', '0103000000010000000D00000032E5F9C21AD44740E2372ADC97915EC02346BE011CD44740BABBCE867C915EC06E5413E923D44740F490B75C7D915EC0755C435F30D4474063C18BBE82915EC06FA087DA36D44740F8D4FBD783915EC03D72D7B738D447403F259D3784915EC0A2A1A1DA3BD44740A51BBC0A84915EC0B3D991EA3BD44740D5A5907582915EC0EE5A536A40D4474016951E9782915EC00641FD1D40D4474031F20DE088915EC04D782BA62DD44740C01F234589915EC0B3E177D32DD447400475CAA39B915EC032E5F9C21AD44740E2372ADC97915EC0'),
	('17a82313-b4ab-4d53-bb46-dd03af7fbd0b', 'c_35', 'c_35 meeting place', NULL, '', '0103000000010000000F000000EFC16B9736D4474010E9B7AF83915EC04B10977730D447404535B39682915EC022754C2723D44740A8F11CDB7C915EC0A97180AA1BD4474088A647AE76915EC0A5BEF38B12D44740B136C64E78915EC0E774311702D44740DA6DBCE078915EC03134E895FCD3474063F83E0B78915EC01BF4119D0AD447406C544C4A66915EC01DA79EBB13D4474068E503A763915EC0FD126EE81CD4474061C614AC71915EC020A69FCB2FD44740C27B308477915EC0A102829433D4474061E0B9F770915EC01AF818AC38D44740BF49062571915EC06ED696F03AD44740C7554ED683915EC0EFC16B9736D4474010E9B7AF83915EC0'),
	('5f2083a9-8959-4b24-9515-8e218ab134cf', 'c_36', 'c_36 meeting place', NULL, '', '0103000000010000000C00000001DDA85F33D44740B482F0B270915EC0CAA255D22FD44740637693CE76915EC039CFFAEF1CD4474043B0051871915EC00F27F73B14D44740A8AB6E9A63915EC097616A4B1DD44740BD9069C853915EC0EAB776A224D4474072FC83ED4C915EC0F3C4628A28D44740FAF609FB51915EC0FD18BD642DD44740FAF609FB51915EC05B71AAB530D447402863546353915EC0B646150F39D447402863546353915EC0E03B8CA438D44740D225D2EC70915EC001DDA85F33D44740B482F0B270915EC0'),
	('cafe77b9-95d0-4464-8ec3-e42801e909a1', 'c_37', 'c_37 meeting place', NULL, '', '0103000000010000000F00000018A07E6143D4474072BD12ED4F915EC0CFD3DBFA44D44740C8BF5DF66B915EC0D0AE42CA4FD4474036A0EFB872915EC08F90590751D44740B8F6274C73915EC0E8B4C93C4DD447408819750877915EC0D098107349D44740680EFF9F79915EC0556A73524ED447407209D16B7D915EC061B895B954D447400BD3F71A82915EC0AE44B12660D44740703C444882915EC048DB64F95FD4474006784FD488915EC016D68D7747D44740CC88C1B288915EC027AF4B4343D447404276B6917C915EC0C00204183BD44740E82D1EDE73915EC00307488F3AD44740B3ACA00E50915EC018A07E6143D4474072BD12ED4F915EC0'),
	('163705c6-258d-4cd2-9f15-c43d9c261122', 'c_38', 'c_38 meeting place', NULL, '', '0103000000010000001300000002453D8E30D4474035F515FF52915EC084CEB5792DD44740BF993D7551915EC08589288128D4474024038AA251915EC04040081225D447408BDD3EAB4C915EC0EAB8F2A32BD4474004708B4347915EC0DB6EA4C74AD447401E6B460639915EC0804D428E52D4474084B7DFEB35915EC0C2D2760250D44740B115342D31915EC063F393C558D44740884BC1BF2D915EC0640080AD5CD44740104647CD32915EC0A070E25064D44740FFE08D1631915EC04BA25EF069D44740F06EC04241915EC01F2B645353D44740F87CB66947915EC0F68F4C874ED44740982FD4064C915EC04851E4FF44D447401A811DA44C915EC0D26839D043D447400C87C7D94F915EC04401FD1939D44740547655FB4F915EC0B94B040539D4474035F515FF52915EC002453D8E30D4474035F515FF52915EC0'),
	('dae6799f-6f8b-4a5c-923f-3dbe338e6697', 'c_39', 'c_39 meeting place', NULL, '', '010300000001000000090000008E0B73277DD4474038DCA22740915EC0B7B475CB69D44740EB9D1BE43F915EC09A514E0F65D44740D561E01431915EC0C30B44AA83D447400D3F93582D915EC02DDC25169DD447409C44CE0C2C915EC00A2E1D739ED4474091231A9334915EC0F60CA837A3D4474003081F4A34915EC02F11ECAEA2D447403453B5383E915EC08E0B73277DD4474038DCA22740915EC0'),
	('b1727322-3fb7-4215-abac-daad1c4930f7', 'c_40', 'c_40 meeting place', NULL, '', '0103000000010000000D000000A1643909A5D447401395B2B137915EC01917D522A2D447401063885231915EC0844A123A9ED44740DB0132CF25915EC0B9CDAF41BAD44740AC6928FF24915EC09E896654CFD447400FD594641D915EC0B1741607E1D447406DEB02B91F915EC0A99D3935E1D447407C9521333C915EC02200EE68D2D44740694628113C915EC05C353BF7C3D44740E6F4DE733B915EC07682FDD7B9D447408FDE701F39915EC0A732E774B4D447404213173639915EC072C284D1ACD44740AC9223F83A915EC0A1643909A5D447401395B2B137915EC0'),
	('fdde61bd-fc91-453a-9773-306db3c7cc58', 'c_41', 'c_41 meeting place', NULL, '', '0103000000010000000B000000DBC9F154D1D4474026E71FD84C915EC0BEEDBF84C0D44740E56415DB49915EC0315EA91DB4D447408C6A11514C915EC0EA83D151B3D44740DC16C0EF3A915EC0CBACA580B4D44740547E086039915EC0D9FFB6DDBAD447400C14C2B439915EC0259A07B0C8D447405213D8F73C915EC08A42DCE6D7D44740B0B618F23E915EC0068E5FD3DED44740A4DA4C2A3F915EC0169D2CB5DED44740E0151CB949915EC0DBC9F154D1D4474026E71FD84C915EC0'),
	('1ba76bdb-6771-4387-ade5-4a2c6173104d', 'c_42', 'c_42 meeting place', NULL, '', '0103000000010000000E000000F7DE9513A3D4474019A9F7544E915EC049F2A66CA2D4474069FF03AC55915EC0FCF675E09CD44740698CD65155915EC073136BA79CD44740A8BC676E4F915EC0FE560D1D96D4474073C34A604E915EC0FEDD02098AD4474036EA7CD34F915EC023361FD786D44740C93846B247915EC0EFB63E517ED44740E1630B9C47915EC052D91C8C7DD447407F31337D40915EC00CEE62F5A2D44740811B73E83E915EC0B9E3CA8FAED447408D64C2D43B915EC04FBF0B5BB3D447408B802C9F40915EC0AA1E7A9CB3D44740140901544C915EC0F7DE9513A3D4474019A9F7544E915EC0'),
	('eb05b955-626f-4464-a73f-e3c7d92003f1', 'c_43', 'c_43 meeting place', NULL, '', '0103000000010000000B0000005993139271D44740ADD2270351915EC01AD7868A71D44740E2B19FC552915EC0984A9A9A5FD44740B25B15F252915EC0BA207DEE5FD44740AA8658584B915EC0A304C4245CD447407091200148915EC0EE9F5D7468D44740FCFF386142915EC07EBA26497CD4474086A460D740915EC00D897B2C7DD447403445251A49915EC05996879686D4474017EAFA4F48915EC0CB4642B687D447409004D0DE4F915EC05993139271D44740ADD2270351915EC0'),
	('81d3c4e3-fcc4-498d-9617-7692e053cd29', 'c_44', 'c_44 meeting place', NULL, '', '0103000000010000000C00000057FFE7305FD44740D53439C65F915EC040E32E675BD44740867F9F7161915EC05E01C92A5BD447403F2AB4626E915EC04763A36252D447402BCA5B6471915EC0212E5B4645D44740823F57B66A915EC095A6745545D44740BBBDFFEA4C915EC0BF14F6FE50D44740CC026A204C915EC047625AE553D44740D5592DB047915EC03008AC1C5AD44740AC3CDC6946915EC0294D39155FD447407F3710374C915EC08F73BDC85FD44740747973B856915EC057FFE7305FD44740D53439C65F915EC0'),
	('f896a342-5f01-4266-9dfa-e71721c6e667', 'c_45', 'c_45 meeting place', NULL, '', '0103000000010000000A0000003AA87AE871D44740E617A2F952915EC0467DC5BF74D44740CAD1D2CB5E915EC098994F0C7FD44740C2F1214D61915EC028A226FA7CD4474056DC137F6F915EC063D773886ED44740099E8C3B6F915EC0457A51BB5FD447406925636B6C915EC094C7E41E5CD44740F7EA3E5B62915EC0C90138AC5FD44740E6F8B2FE60915EC0C62A5BDA5FD4474094707C4853915EC03AA87AE871D44740E617A2F952915EC0'),
	('789c8e2e-c86d-4b6d-9241-e0239df250be', 'c_46', 'c_46 meeting place', NULL, '', '0103000000010000000A0000002B830FCAA0D44740E712584A60915EC0ADE29EF87BD44740709DDA745F915EC0B2E611ED74D44740999ADC395E915EC08F02FA3372D4474036CD3B4E51915EC0F0A65B7688D4474066CA3D1350915EC08498011D9CD447407E82D5A24F915EC0D11BA4969CD44740337678BE55915EC02BF41CECA8D447405C65B7E056915EC0A34B10BFACD447409B9EC1F05B915EC02B830FCAA0D44740E712584A60915EC0'),
	('fe5f3909-4da6-4e08-9b3c-2117515c3881', 'c_47', 'c_47 meeting place', NULL, '', '0103000000010000000C00000066A3F08FADD44740AE0C4F545B915EC04F40C9D3A8D44740C8FB5AF253915EC0BB337FF1B1D44740CD5603394D915EC08A1C7D27C1D447402D5107C34A915EC0FB999C35D3D44740C0ED64CB4D915EC06653D048DFD447404A928C414C915EC014F950FDDED44740172422A152915EC000E10A28D4D44740C8FB5AF253915EC0A2684018D3D44740CD6AA39556915EC09D72B8FBC1D447409C1AC3F759915EC0FCF73B6FBED4474093228D6555915EC066A3F08FADD44740AE0C4F545B915EC0'),
	('f64f0a45-0f7d-4e8b-9e9c-70bf13ac4aa8', 'c_48', 'c_48 meeting place', NULL, '', '0103000000010000000A0000001D4DE438A6D44740576941DE61915EC0AD780CEAB6D447403010374C59915EC084528C3DC5D44740C623A7655A915EC08EA6E617CAD447400ED940BA58915EC06653D048DFD447408038FEFA57915EC05FC4AAE6DED447406CF2EF8E67915EC033E61A0BAFD44740BFAB2F5C67915EC01D1219B1AAD447402AA4A1EB67915EC04B7A4BDEA5D4474072E0D57267915EC01D4DE438A6D44740576941DE61915EC0'),
	('13f34e7f-68bc-4674-b034-a21ea856c682', 'c_49', 'c_49 meeting place', NULL, '', '01030000000100000008000000401449AAA5D4474033BEAC3F78915EC074F409EAA5D44740066FFE1568915EC0F5694881AAD447407C31225168915EC03DF33977BBD44740593CABBB68915EC0D27954FCDFD44740593CABBB68915EC0846643A3E0D447404BCADDE778915EC00303E0E9DFD447406F449CF378915EC0401449AAA5D4474033BEAC3F78915EC0'),
	('d9b133fa-a78c-48c3-9bed-5240919a74d6', 'c_50', 'c_50 meeting place', NULL, '', '01030000000100000005000000252625F37ED4474044858F2D70915EC09646713381D447405E46562360915EC060EB747BA4D44740D4BBD3F860915EC0FE580520A4D447408AC3167170915EC0252625F37ED4474044858F2D70915EC0'),
	('fcb69696-8347-48bf-80d3-60c9dbb3ae36', 'c_51', 'c_51 meeting place', NULL, '', '01030000000100000005000000F8E93F6B7ED447401E75CF1580915EC0E9DA72897ED447408AC3167170915EC0A83627E5A4D447402CCDF79D70915EC09DEFB8F2A3D447402AC4C83780915EC0F8E93F6B7ED447401E75CF1580915EC0'),
	('c5bd2e15-493d-415a-a119-5bb8a92d18d8', 'c_52', 'c_52 meeting place', NULL, '', '0103000000010000000800000030208CE953D44740845A1D4A7E915EC066E1D4624BD44740F8109E1A79915EC0716B3E5354D4474078839B3171915EC0DC86CE215FD4474063A70EA86D915EC0D899098673D44740D89DEE3C71915EC01798480E7DD44740C072295371915EC0347EF2C17CD44740CF21927C80915EC030208CE953D44740845A1D4A7E915EC0'),
	('f4ed20a0-1443-4894-8310-071d32e7e432', 'c_53', 'c_53 meeting place', NULL, '', '01030000000100000008000000AA1E300F99D44740D43208628F915EC0478CC0B398D44740D9BBF55091915EC013EE015F76D44740092C257090915EC0DB673AE05FD447403A2927358F915EC0CA9FDBF060D44740B28D2E2581915EC00E91F52FA4D4474017844DF880915EC043BE5CD5A3D44740ECEA9FF18E915EC0AA1E300F99D44740D43208628F915EC0'),
	('5b0db435-acd1-49ac-b512-4d146e4bc6b8', 'c_54', 'c_54 meeting place', NULL, '', '0103000000010000000B0000000AD5287F52D4474030629F008A915EC07585E39E53D44740D84BAEBDAA915EC097A37D6253D44740DDBAF660AD915EC0657616BD53D4474015E63DCEB4915EC03E468A123ED44740BBCBEAC2B4915EC052E47C563ED447406CE80BC6AD915EC0B4F8252C3BD447406B5B3920AE915EC0A3E9584A3BD44740D326987B92915EC00819236D3ED44740EBDE2F0B92915EC0FF41469B3ED4474030629F008A915EC00AD5287F52D4474030629F008A915EC0'),
	('65fb8b87-ebc6-4b6f-9c42-e5b4aa861222', 'c_55', 'c_55 meeting place', NULL, '', '0103000000010000000E00000079957CEC2ED44740927A4FE5B4915EC01C030D912ED44740A78D8FBBAD915EC0FE2A4EB516D4474066B8A6E5AC915EC0542B6E371CD447404BF37D279C915EC0F00D96FB2ED447407483FCC79D915EC0CAEFFB372FD4474059B829D489915EC06D2B3A483ED44740A8C3AFFD89915EC0D20561133ED44740438B44B291915EC03062C1583AD447408011346692915EC0328BE4863AD44740DC137F6FAE915EC0F57F1F1F3ED4474030CDBE3CAE915EC0BEC8810D3ED44740A5507177B1915EC0FF56FCF03DD447403D6ADAC5B4915EC079957CEC2ED44740927A4FE5B4915EC0'),
	('652c082d-e229-40e7-8c2b-33e02043a6bf', 'c_57', 'c_57 meeting place', NULL, '', '01030000000100000005000000F85D7DE13AD447404B901150E1915EC02DFB75A73BD447407FC40A12B6915EC0EE8F190346D447407FC40A12B6915EC0EE8F190346D44740A9863023E1915EC0F85D7DE13AD447404B901150E1915EC0'),
	('69549e9d-92aa-4e7f-aad7-45aee3628a7a', 'c_56', 'c_56 meeting place', NULL, '', '01030000000100000005000000BA3C539E2FD4474016AB611AE1915EC063AAE3422FD44740F51301F3B5915EC0E2AAD4473BD447400863FA14B6915EC0DE6366553AD447401BFA5A3CE1915EC0BA3C539E2FD4474016AB611AE1915EC0'),
	('a5af5a48-ca8d-4195-a56f-4e58c71d233d', 'c_58', 'c_58 meeting place', NULL, '', '0103000000010000000B00000075421B2554D4474015CF34BCB4915EC039F768BB53D4474069CD1DFDAF915EC075421B2554D44740FCAE63B7AA915EC076FBAC3253D4474096B4E21B8A915EC09A22C0E95DD447407E891D328A915EC03548991E5ED44740A54FABE88F915EC0B2C8E2A36AD447409173DF2090915EC0C7D7AF856AD44740E9F2E670AD915EC09E29A7E26BD4474036316EB4AD915EC08E1ADA006CD4474067E987C7B4915EC075421B2554D4474015CF34BCB4915EC0'),
	('1454c62a-25f8-4e42-803b-dda0db84a3f6', 'c_59', 'c_59 meeting place', NULL, '', '0103000000010000000A000000FD173B866CD44740D912A8B4B4915EC07A9054956CD44740EA9CFA9BAB915EC0A9764D486BD44740910F7A36AB915EC02FFE33396BD4474010ECF82F90915EC0D1AA4CE779D447408B3D42CD90915EC03C90CD9F80D447402D4723FA90915EC0572EC0E380D44740CA04B28DAE915EC0FC9A070B82D447403B191C25AF915EC011AAD4EC81D44740C1E7E2CAB4915EC0FD173B866CD44740D912A8B4B4915EC0'),
	('1cbc9573-c2d5-45ef-92fd-e0cacb4add93', 'c_60', 'c_60 meeting place', NULL, '', '010300000001000000070000004EF5865682D44740F16B7FC2B4915EC0D87C6D4782D447409A35C2ECAF915EC0D435FF5481D4474051EFF32991915EC02D8606BD92D44740F747CE7891915EC09ED189A999D4474038AA89F491915EC02A1202A898D447403E37D9ABB4915EC04EF5865682D44740F16B7FC2B4915EC0'),
	('d5daa2fc-a736-4872-815f-dd8667e6f553', 'c_1', 'c_1 meeting place', NULL, '', '0103000000010000000B00000047DD184C0DD34740DBF1CB05D3915EC0D549C7E6F4D247403E682C50C1915EC08736B68DF5D247401C30D637B0915EC0C5260A3E17D347402C19B61C9E915EC062625F5738D3474008F87F1F9F915EC039CF447D37D347405B218491A8915EC09523BFD941D34740A1F287B0AB915EC036069D103AD347408991CAB9B9915EC0056CCEC133D34740ADB200B7B8915EC0C22A943B22D34740A10D654DD1915EC047DD184C0DD34740DBF1CB05D3915EC0'),
	('c0b4d7b1-191e-41f8-9140-41f232cf20d9', 'c_2', 'c_2 meeting place', NULL, '', '0103000000010000000B0000008317E9EA33D34740EE1120F9B9915EC0B8D408FD4CD347404AA01C60C1915EC0EE8D6B8D52D34740AD3F78A3C5915EC07941E9B067D34740A6EC99CAC7915EC0F70D5D9A6CD34740A871A202CC915EC00D17258D76D347400919C8B3CB915EC00BDDA28279D34740EC9804B9D5915EC0B3D9DB7756D34740DEAA9097DA915EC007D5DEF137D34740C7E4C3A2D8915EC06871C63027D347406B984638D2915EC08317E9EA33D34740EE1120F9B9915EC0'),
	('08957164-51f5-460b-8fc3-c3814a7ce298', 'c_3', 'c_3 meeting place', NULL, '', '0103000000010000000B0000000E42F6306AD347401506F357C8915EC078AFB55263D3474065D531F8C5915EC0C8CBF51153D34740F5DA6CACC4915EC0F97BDFAE4DD347403194EBB7C0915EC003F291393BD347400BC96E0BBB915EC0F0B7F3B347D347407B246FCAA6915EC0E8AB9AD65CD34740DCF9D923AF915EC0CF47742A74D3474087DBA161B1915EC01784A8B173D347400FEAC7CBBF915EC0F0E890E56ED3474069F926F2C9915EC00E42F6306AD347401506F357C8915EC0'),
	('9d723959-e1d0-49f4-b8a8-2b2f6fdb42bb', 'c_4', 'c_4 meeting place', NULL, '', '0103000000010000000B00000057F0B3DB78D3474080B163C8D6915EC065440EB67DD34740F07475C7E2915EC00A410E4A98D34740C98FF815EB915EC0D220600894D347400D24DEF0F1915EC0085BB39597D34740A37F38FEFA915EC0E333A0DE8CD347409532045B00925EC0B398220A77D3474097FF907EFB915EC00283C6A75BD3474088A3062EEA915EC070BC3B3256D34740560F7052E2915EC0637B4F406ED347401BB8A8BBD7915EC057F0B3DB78D3474080B163C8D6915EC0'),
	('d945013b-2606-49d1-9e3e-9eda8adaf479', 'c_5', 'c_5 meeting place', NULL, '', '0103000000010000000C000000709B5F8374D34740AA2116D6B2915EC0C13170E591D34740205AD020AA915EC0F531416898D34740BD7B3661B1915EC0CE883EC4ABD34740B5C01E13A9915EC002B6A569ABD34740D5C0A096B0915EC094E94DFB9CD347402F713F3BBB915EC0698445459CD347409BBD7D67C5915EC06EC383C190D3474005B0B783C7915EC023379BD88DD347401AF44AFECC915EC069B20DDC81D34740B478E4B4CC915EC01828846973D347405924DC1AC7915EC0709B5F8374D34740AA2116D6B2915EC0'),
	('fb1507ae-9da6-4337-b139-79bb158fa31e', 'c_6', 'c_6 meeting place', NULL, '', '0103000000010000001200000015119DAFA3D34740109CE9149A915EC0271884A8B1D34740F37FFDC68D915EC0CF52793BC2D3474028B8585183915EC0FEF0040CDCD347404C51065875915EC0E2D95141EAD34740920E6A1A6F915EC06F500CDAF5D34740495057D265915EC03D34982B28D447409A52A8B83B915EC06612ABF534D447402B4AAE0738915EC0913D31A138D447409FC1F05B3E915EC0B6292F432DD4474065A71FD445915EC0A25AE95A20D44740132E3FCB4E915EC05939590F04D447406916E5886B915EC0D73E8974E4D3474077E200FA7D915EC0DB334B02D4D347408F6104438C915EC0A3C85A43A9D34740692CABFAA6915EC042F762DE99D347404723FA10AF915EC01D065F3D93D3474021EA3E00A9915EC015119DAFA3D34740109CE9149A915EC0'),
	('b1f32223-0bec-446a-9974-b9967bd7aca9', 'c_7', 'c_7 meeting place', NULL, '', '01030000000100000009000000D6787764ACD34740C068458AB7915EC02D8AF6C2AED347406B4F5777AC915EC0D781F057B7D347405F0B523AA2915EC081590D2EC2D34740941E1494A2915EC039D66AB4C1D347404FE938C8B5915EC0F28AB84AC1D34740977FE321C2915EC057F9765C9ED34740A3755435C1915EC048EAA97A9ED34740237BCE27BC915EC0D6787764ACD34740C068458AB7915EC0'),
	('4b7f2bf0-f0e1-4b0c-b9b5-83f04da17ecd', 'c_8', 'c_8 meeting place', NULL, '', '01030000000100000008000000164A703491D3474016B94CF2C8915EC02F9AA6199CD34740ED9BFBABC7915EC0C93FD8CE9CD3474061DF4E22C2915EC0A4D3CB39C2D347405576B0B4C2915EC0F6E6DC92C1D34740F286EA9CD5915EC05348AFBC9AD3474033C95697D3915EC038A28C028ED34740C6C4419DCD915EC0164A703491D3474016B94CF2C8915EC0'),
	('2f1ad222-a416-4519-8a1d-26310a9ec5a5', 'c_9', 'c_9 meeting place', NULL, '', '010300000001000000090000005AF3BBFAC2D34740CBDCAFA7C2915EC0A685DC56C4D347408923B48AA3915EC0D7AED007CBD347407D47E8C2A3915EC096F38C7DC9D34740A61F5157AD915EC036972C38CDD34740DB186E65AE915EC0B299AF37D6D34740A971CA37B6915EC05C71CC0DE1D347408EB54DF1B8915EC0E8F8B2FEE0D3474079358AF6C2915EC05AF3BBFAC2D34740CBDCAFA7C2915EC0'),
	('01656c31-ee89-4aa3-b854-a59e98388941', 'c_10', 'c_10 meeting place', NULL, '', '0103000000010000000600000012701981C2D3474048388831C4915EC0E2B1440CE0D347404D1454F9C3915EC09BF28D8DE5D34740448A0112CD915EC037894160E5D34740229BF573D4915EC0489D8026C2D34740A55F6C6BD5915EC012701981C2D3474048388831C4915EC0'),
	('cd5a3b46-5492-4fe3-865d-c12214d03940', 'c_11', 'c_11 meeting place', NULL, '', '01030000000100000007000000B9DB61B8DFD34740644B4519E0915EC0D5642195BDD34740C80A7E1BE2915EC0AFFA12E0AAD347403EA59421D8915EC0A1AF31F9B0D34740989F98ABD5915EC020F5AFF6C1D347402D40DB6AD6915EC0751CAB39E5D3474044451960D5915EC0B9DB61B8DFD34740644B4519E0915EC0'),
	('472e6091-11e5-4db8-b92b-668e2d9a0a5a', 'c_12', 'c_12 meeting place', NULL, '', '010300000001000000110000004E1F37B2E1D347400036C588E9915EC096E26025D5D347405C8242F3EF915EC0E63CE070D5D34740DC6223B5F5915EC03E5C4AA7BFD3474098895528F7915EC036F790F0BDD347407E9F9339F1915EC0C3C958C8B7D34740A94D9CDCEF915EC063BA6B64B2D34740F855140AEC915EC04C428E52AED3474036C82423E7915EC0C53C974E90D347403C6876DDDB915EC0C2460F327FD34740458545A0D5915EC08ED0A79F81D34740A8F0B105CE915EC084074AC09ED34740BCFAC275D6915EC0B262DA92B0D34740AB367CC1DD915EC0AEC93C4DC1D347406150A6D1E4915EC046E87816CED347404529C69EE2915EC012E5E324DED34740A4761AC4E2915EC04E1F37B2E1D347400036C588E9915EC0'),
	('6627a541-33f6-47e9-92c0-f6f0a53c063b', 'c_13', 'c_13 meeting place', NULL, '', '01030000000100000012000000B897569E9BD3474036DF2D35E7915EC038BEF6CC92D347407F243669E4915EC06067F9707FD347400A9BD9F8DD915EC04F91651C7ED34740E05D786FD6915EC00269B57691D347407DC7951FDD915EC07509F3C3ADD34740D7D6F445E7915EC0BFE28112B0D347401159FF42EA915EC0A9795567B5D347403DFB58C1EF915EC021356A74BDD34740A77A6583F1915EC0F84E71C1BED34740DAA991A7F6915EC0207AF76CC2D347402524D236FE915EC05A68D608B3D34740942CCCE701925EC06AD102B4ADD347403F0E942504925EC0FB96DEA3A3D347405025B9B2FA915EC013BB7D5699D34740EB2E9ADFFA915EC0D839BCD694D347408A592F86F2915EC0A342644799D3474046C549ABEB915EC0B897569E9BD3474036DF2D35E7915EC0'),
	('6f38a9e0-716b-4f07-9233-d79b01d17702', 'c_14', 'c_14 meeting place', NULL, '', '01030000000100000011000000EA2FAAFBB6D347408D2F682101925EC0A561759ABBD34740776110FDFF915EC0CFFE51E5C5D34740C67A59C9FD915EC016D8E033C8D3474015638275F7915EC0F8B34181D2D34740283F4E3DF7915EC0E91406C0D3D34740FDCA3967FA915EC0F0DEF6A9CFD34740B911BB5BFE915EC0B9641C23D9D3474038B57DD907925EC0003BB47EE9D34740CFEB996F0E925EC0BAA0AD39F6D34740C80BE9F010925EC080734694F6D347400CA0CECB17925EC0B52C5F97E1D347408A4050C914925EC0B5E81A1CDBD347404458E8DE1E925EC06C69EB96D3D347406CE8667F20925EC0D69722AFBDD34740F1B50CDD11925EC009530031AED34740CE24A07804925EC0EA2FAAFBB6D347408D2F682101925EC0'),
	('10ae366c-bdc4-498a-a66c-0d38baf1b9d4', 'c_15', 'c_15 meeting place', NULL, '', '01030000000100000007000000D32CE11AE9D34740EC99A2120D925EC0F90BF3D4D9D3474097C0520207925EC01A3D7E6FD3D347407F2D54A3FC915EC0DF7B35F6DBD34740DA50D614ED915EC037C3C36AE2D347406B48DC63E9915EC0862249B5F4D34740ABCA63720F925EC0D32CE11AE9D34740EC99A2120D925EC0'),
	('1087fc6e-d53d-47fd-9d86-22b6cccb9999', 'c_16', 'c_16 meeting place', NULL, '', '0103000000010000000D000000328D81D0D5D34740C681FC112B925EC06633F389E1D347406A74BD2319925EC00A1A8E42EDD347400564F9041A925EC00E61FC34EED347406687F8872D925EC0A1EFC91EFCD34740A77686A92D925EC01768E32DFCD34740BAF3C47336925EC041DAD7CB00D4474019FF3EE342925EC0F709C27009D447406E4BBC4D49925EC07F4EAD6301D447401F2455255B925EC05E9D6340F6D34740015361C75A925EC06873AD07DDD34740CC7EDDE94E925EC058D8E43AD7D347405C9B7C6940925EC0328D81D0D5D34740C681FC112B925EC0'),
	('13247d99-1a8a-4d1e-8a63-c7f1b0a84916', 'c_17', 'c_17 meeting place', NULL, '', '0103000000010000000C0000005CEA9DC02AD447406642DD512D925EC0B2441D0C2BD447402C0E677E35925EC056A32FCE29D44740FC1065B936925EC0DCF225AF29D44740EE6AA8073B925EC0C04A71FA1FD447403B1C5DA53B925EC0236D4F351FD44740A8CD93C643925EC0BB5076E915D44740B9A57AD745925EC018236D3E09D44740FA21DB9E45925EC0F708466F02D447400DDE57E542925EC014AA622AFDD34740087A032736925EC04CD7C9CFFCD347404E8A45C22D925EC05CEA9DC02AD447406642DD512D925EC0'),
	('f13f1aad-fc04-4e1b-b540-49c6f428d942', 'c_93', 'c_93 meeting place', NULL, '', '0103000000010000000500000073DC950277D44740DB3A93910E925EC08E0EFE34A4D44740D5D97F530E925EC02D34D769A4D44740B9991B1D21925EC04FBEFB3E77D44740A1E1838D21925EC073DC950277D44740DB3A93910E925EC0'),
	('3eb77c82-50b1-447b-87d3-69b220c53f5f', 'c_18', 'c_18 meeting place', NULL, '', '0103000000010000000B000000225E9ECE15D44740D0B69A7546925EC05A24ED461FD44740B3E8425145925EC01820A9CF1FD44740FCE285193F925EC01261C3D32BD447406A58422D3C925EC016A831C62CD44740FB01B4522D925EC0C395B37746D4474048CD0D3C2D925EC0C7DC216A47D447407A8F334D58925EC09498C2DE1FD44740AA8C351257925EC064A0D7440BD447401E43B6E251925EC069E745370CD447409BA3D81B46925EC0225E9ECE15D44740D0B69A7546925EC0'),
	('b2b8dcfc-ea72-4906-a5e8-f8da270520de', 'c_19', 'c_19 meeting place', NULL, '', '0103000000010000000500000094C80567F0D34740CC553DAA2B925EC02227C929F0D347401EB5786723925EC0E266A7D546D447401E424B0D23925EC0B3019F1F46D44740C5C86A042C925EC094C80567F0D34740CC553DAA2B925EC0'),
	('4b18f3b7-5da9-4d49-b449-afb0be077a71', 'c_20', 'c_20 meeting place', NULL, '', '01030000000100000005000000E9A8C53B1BD44740892650C422925EC04D1212691BD44740755B7DD00E925EC0E53D84A746D44740E13F82870E925EC06EC56A9846D4474077E970BE22925EC0E9A8C53B1BD44740892650C422925EC0'),
	('75e399fe-630d-44ec-b818-84058ab818ac', 'c_61', 'c_61 meeting place', NULL, '', '0103000000010000000B0000007E03D7CBA5D44740D7344AF2B7915EC031A95780A5D44740506562049E915EC00B3BD6D699D44740681DFA939D915EC00B3BD6D699D44740ECD0FAA58F915EC0FA3482E8A4D447403F7820578F915EC0E14ED834A5D447402965E08096915EC05D515B34AED44740827F338C96915EC06C602816AED44740BF81FC11AB915EC0944440CFB0D44740BA3203F0AA915EC032B2D073B0D4474066EF31FDB7915EC07E03D7CBA5D44740D7344AF2B7915EC0'),
	('e8ef8281-bacc-406d-b4c4-919a30c0532f', 'c_62', 'c_62 meeting place', NULL, '', '0103000000010000000A000000EA478AC8B0D44740F1B270A392915EC083D5C4A7A5D44740A850B52792915EC0EA3E11D5A5D4474033B6211079915EC01892EE42CED447401BFE898079915EC0D5463CD9CDD44740B47169A189915EC03245FDE4DED4474036A90DF38A915EC09AD76C40DFD44740935DC4D29B915EC09D3DF262BCD44740394371C79B915EC0EA478AC8B0D44740B77EFACF9A915EC0EA478AC8B0D44740F1B270A392915EC0'),
	('32fe0af3-17f0-4295-8ad9-9c15bfb0f82b', 'c_63', 'c_63 meeting place', NULL, '', '0103000000010000000B00000066D14C41C8D4474089E4750EAF915EC0045B142CC4D44740712CDE7EAF915EC098A5530DB1D447403BA6EECAAE915EC0000FA03AB1D44740DBB034F0A3915EC0C244DECDAED44740CA856F06A4915EC0B23511ECAED44740BB3D85129C915EC0B354EFBAC8D44740F7C374C69C915EC0B330D28BDAD44740206E98B29D915EC01AD02DCFDED4474008B600239E915EC0508D0354DDD4474058E77349B0915EC066D14C41C8D4474089E4750EAF915EC0'),
	('91cf56e6-8bfe-454b-9108-e267c3a01225', 'c_64', 'c_64 meeting place', NULL, '', '010300000001000000090000009D0E643DB5D447402A3894EBB7915EC08BFB2367BCD447407B44F1CFB1915EC06A2D7189C8D44740162E837BAF915EC083959E44DFD447403A6F08FAB0915EC083959E44DFD447404C2256DABD915EC0C44263DCC3D44740C9D00C3DBD915EC0C9EBE3FCA8D447400A33C8B8BD915EC0E0D18DB0A8D4474001C864CCB8915EC09D0E643DB5D447402A3894EBB7915EC0'),
	('efca153e-d70b-4b20-a0d2-bb001a3039ec', 'c_65', 'c_65 meeting place', NULL, '', '01030000000100000007000000B71DE1B4E0D44740EB854C439E915EC04E459671F8D447407E8F2D709E915EC05C7E4C101AD5474079268F029F915EC0E50533011AD54740A03AB1E2AF915EC08E954EDA0AD54740BD95DBACB0915EC0EB59C63CE1D44740B1B90FE5B0915EC0B71DE1B4E0D44740EB854C439E915EC0'),
	('997a2281-02e1-4637-9816-a6954d365622', 'c_66', 'c_66 meeting place', NULL, '', '010300000001000000050000001E872DE2E0D44740F1A4E0849D915EC03296FAC3E0D44740CA3131A795915EC0C2E7983D1AD547402A4C84B295915EC06D8D19F219D547402B7AC95A9E915EC01E872DE2E0D44740F1A4E0849D915EC0'),
	('a793c8e4-e8ef-4398-b728-b72377f11a19', 'c_67', 'c_67 meeting place', NULL, '', '01030000000100000008000000FA97B55E1DD547407526C86361915EC06BC17A922AD547408D2CF41C6C915EC0728A9F104BD547409F2DD62684915EC0F60027254ED54740F7FCD58885915EC0C5619C6450D547409761928087915EC05D775F3A52D54740BAA46ABB89915EC01FB64F221DD54740CB5C024B89915EC0FA97B55E1DD547407526C86361915EC0'),
	('da7faf95-4e5c-4dba-a17a-0929de2059a7', 'c_68', 'c_68 meeting place', NULL, '', '0103000000010000000A0000002209C21550D54740DF58ABD186915EC017296C5045D547408AECDEE57D915EC0C8B3812A24D547400719124166915EC0AED14A6B1DD547403AE004F060915EC0654EA8F11CD5474086F5903A4B915EC0725902DF23D5474023F7A7F94F915EC05FFFD0274DD54740FEE19D326D915EC06D52E28453D5474045A56CEC6D915EC01D87889B53D547409730E42288915EC02209C21550D54740DF58ABD186915EC0'),
	('3d0c8853-1ca5-4ab7-b691-e7c83d41e363', 'c_69', 'c_69 meeting place', NULL, '', '01030000000100000007000000F31ACC704DD547405C93A1CF6C915EC0D1BCE3141DD54740B2248ADA47915EC0D1BCE3141DD547400F12FD3534915EC07306578A2ED54740329787F13F915EC04E8F238C55D547401D20706E5D915EC05510148953D54740153B75406D915EC0F31ACC704DD547405C93A1CF6C915EC0'),
	('d454b6d5-5e77-45e2-bc29-d8a9b5800bdb', 'c_70', 'c_70 meeting place', NULL, '', '01030000000100000006000000A3A1EB6756D54740F3CED4905D915EC00B2A166470D547403248B02770915EC0E8DEE57D77D5474032C489F983915EC0BEA673EA6FD5474083C10D428A915EC0A3A1EB6756D54740CBE9D4F088915EC0A3A1EB6756D54740F3CED4905D915EC0'),
	('2b3b287d-48d0-4a38-9eef-dd8194ded562', 'c_71', 'c_71 meeting place', NULL, '', '010300000001000000060000001DA4F1553CD547409CF639E3A0915EC07207EA9447D5474078F4F2E093915EC02532CE3A3ED54740E99898D38A915EC058BBED4273D54740D0532E9E8B915EC07CD9870673D547405441A08EA2915EC01DA4F1553CD547409CF639E3A0915EC0'),
	('cb7e0089-1051-4b4e-b8e4-ab3d641b9c80', 'c_72', 'c_72 meeting place', NULL, '', '010300000001000000060000001EE659492BD5474033BD699FB3915EC0A380FE8C1CD54740ED5E93DAB0915EC041EE8E311CD547408AE4D0C7A1915EC0DB7D22AA4BD54740303DAB16A2915EC050F63BB94BD547405751CDF6B2915EC01EE659492BD5474033BD699FB3915EC0'),
	('df5104fd-0df2-4955-ada0-022914df7e28', 'c_73', 'c_73 meeting place', NULL, '', '010300000001000000060000006BC72F174CD54740DFDDA2DDB2915EC0F44E16084CD5474018E4D308A2915EC099A608707AD54740A7F74322A3915EC0D5F1BAD97AD547408CE8E802A8915EC0C21C700278D547400F88C6C9B3915EC06BC72F174CD54740DFDDA2DDB2915EC0'),
	('851e9728-d259-4bfa-85b4-680bc493820b', 'c_74', 'c_74 meeting place', NULL, '', '0103000000010000000600000008512A8650D547403617FCECB6915EC0EC94698F72D5474050D37833B4915EC0F82F325C78D5474050D37833B4915EC0B5F3FDD478D547408DD541B9C8915EC008512A8650D547403448C153C8915EC008512A8650D547403617FCECB6915EC0'),
	('da6251a2-5d1b-4780-bb77-b746e0b447e3', 'c_75', 'c_75 meeting place', NULL, '', '01030000000100000007000000CFFFAB8E1CD547407C8CA83FB1915EC09AA13BD22AD54740B69B85E2B3915EC07F3F0D2950D54740434AFD06B7915EC0FBB7263850D547409FE40E9BC8915EC0139D0A5D2ED547409F71E140C8915EC0054B5EF81CD54740230E7E87C7915EC0CFFFAB8E1CD547407C8CA83FB1915EC0'),
	('9f1fec67-1f30-48c4-a895-883ac263f1bd', 'c_76', 'c_76 meeting place', NULL, '', '0103000000010000000F000000DEBD7B911AD5474029B74835C7915EC09ADB734F0DD5474011FFB0A5C7915EC08015A75A0BD5474083EB408CC6915EC02762C735F4D4474029D1ED80C6915EC0C5F87A08F4D447405ECA0A8FC7915EC0DFF3C308E1D44740B8713040C7915EC0DFF3C308E1D44740288E4D3CB1915EC0BF5F9335EAD447407659A725B1915EC017BA1281EAD4474096AC0782B6915EC0CCC5DFF604D54740F13D6D9EB4915EC0B8B6121505D54740A684EE92B8915EC0FF8B2E6F0ED54740079F419EB8915EC0E16D94AB0ED54740288E4D3CB1915EC0C96740BD19D5474041D3B771B0915EC0DEBD7B911AD5474029B74835C7915EC0'),
	('20aeb6c0-e423-4b0b-b314-20b0bceaabfa', 'c_77', 'c_77 meeting place', NULL, '', '010300000001000000050000004862FF2BE1D44740C24F4FC4C7915EC0E5EB8DB51AD54740BDE6B056C8915EC0CDDCC0D31AD54740D8ABD914D9915EC0B8033C69E1D44740A39817BBD8915EC04862FF2BE1D44740C24F4FC4C7915EC0'),
	('f91c02bb-665d-403f-b1ca-66ae47ce1e02', 'c_78', 'c_78 meeting place', NULL, '', '01030000000100000005000000FF5536621CD5474002147E04D9915EC0022D13341CD547401C6217A0C8915EC0B9CD548847D5474010F97832C9915EC05364085B47D54740EAE8B81AD9915EC0FF5536621CD5474002147E04D9915EC0'),
	('b09c41c9-c429-41b8-a87a-02b38422d751', 'c_79', 'c_79 meeting place', NULL, '', '01030000000100000007000000CB0F238447D54740D28FE10CD9915EC0125BD5ED47D547406913CC3DC9915EC0F037FCC973D54740B7515381C9915EC01E2D735F73D54740132BA391CF915EC0A0A76D686FD54740AB50EE88D4915EC0B54560AC6FD547401ACC1594D8915EC0CB0F238447D54740D28FE10CD9915EC0'),
	('8004b7d4-b4fe-4936-b260-f04e83081ff8', 'c_80', 'c_80 meeting place', NULL, '', '0103000000010000000D00000051615BF56FD5474044A7E7DDD8915EC0EBF70EC86FD547404010C589D4915EC0ED04FBAF73D54740BA275998CF915EC03D5F7AFB73D547409F3D97A9C9915EC05242FA3779D547406FB9FAB1C9915EC0D7C9E02879D54740FB07C490C1915EC0E019C80E85D54740381B86EAC1915EC07BB07BE184D547401B289595CB915EC025D97E8D7FD5474055F833BCD9915EC07219260978D547401BC4BDE8E1915EC023371EC76AD54740996CCA15DE915EC0A7BE04B86AD54740BB7B2535D9915EC051615BF56FD5474044A7E7DDD8915EC0'),
	('15bf122a-3d24-4af1-964e-0fdcaa9e7bf7', 'c_81', 'c_81 meeting place', NULL, '', '010300000001000000080000003E447B061ED54740DE510889D9915EC0CAA99D616AD547406D7F1DEED9915EC03E22B7706AD5474022E6ED63E0915EC0FA89CA8635D547409141C6EDE1915EC09CF75A2B35D547401DAB949EE9915EC0F58051932AD54740330C699EED915EC03E447B061ED54740198AE024F2915EC03E447B061ED54740DE510889D9915EC0'),
	('698a8579-671e-41d5-9676-dd138b7441fb', 'c_82', 'c_82 meeting place', NULL, '', '01030000000100000005000000C221872DE2D4474038F92D3AD9915EC0623B84961AD547406D7F1DEED9915EC04D2CB7B41AD547403B06BF68EA915EC0A93BDD79E2D4474011CFC8D6E9915EC0C221872DE2D4474038F92D3AD9915EC0'),
	('2d6e70bc-4594-4fd1-95e5-f0f08685293f', 'c_83', 'c_83 meeting place', NULL, '', '010300000001000000070000001B1A16A3AED44740860F0E51E0915EC01B1A16A3AED44740A8714749D9915EC0697022FAB5D44740A8714749D9915EC02BFC4C62B5D447409BDA6333D1915EC012838769DFD44740D0ED258DD1915EC00374BA87DFD44740F2785A7EE0915EC01B1A16A3AED44740860F0E51E0915EC0'),
	('c7fdef84-ec18-4a72-baa5-b32dd3df1135', 'c_84', 'c_84 meeting place', NULL, '', '010300000001000000050000001130A990E1D447409075278EF2915EC0193F7672E1D447407C5171D2EA915EC07F542F641AD5474016CE7F59EB915EC030D18CEA19D5474042AACDA4F2915EC01130A990E1D447409075278EF2915EC0'),
	('d25754b2-c674-4b21-b763-29e7744bb728', 'c_85', 'c_85 meeting place', NULL, '', '0103000000010000000700000068C471851CD54740A629DA66F4915EC0699CE16135D547405D0C079DEB915EC09049A18735D54740C7EAA05CE4915EC003BA51BF66D547404F2AD0DDE4915EC0AF9E10F05AD54740B6ED201BED915EC03EA6D7C11CD54740DDC2047F09925EC068C471851CD54740A629DA66F4915EC0'),
	('68d52850-a5ff-4c21-a5ff-caebbebcd1f0', 'c_86', 'c_86 meeting place', NULL, '', '01030000000100000008000000300DD4731CD54740308A79B10B925EC04EE152DF43D54740754C2723F8915EC019B127CB5AD547409EA8B6E5ED915EC08F8433AE6ED54740E682E96AE1915EC007F9D9C875D54740F51DB237E7915EC07436AB3E57D5474015BFA6BDF7915EC02BD5E3631CD547408E08217B18925EC0300DD4731CD54740308A79B10B925EC0'),
	('21ecbdd2-ed53-4d78-8f9c-7351b9fc2d76', 'c_87', 'c_87 meeting place', NULL, '', '0103000000010000000500000058F92CCF83D4474017050B71F6915EC058F92CCF83D44740F2BAD97AE1915EC0E29B7E9AA4D44740DA0242EBE1915EC09A18DC20A4D44740B6EAB765F6915EC058F92CCF83D4474017050B71F6915EC0'),
	('dd3b83d1-ca74-4f3d-b846-a8be43d17086', 'c_88', 'c_88 meeting place', NULL, '', '01030000000100000005000000E083D72E6DD4474070AC3022F6915EC08CB9C6C26BD4474068A384AAE2915EC0CC86FC3383D44740AA9212CCE2915EC0580EE32483D447400BB6114FF6915EC0E083D72E6DD4474070AC3022F6915EC0'),
	('75d0152d-934c-4a78-82ed-466443c43980', 'c_89', 'c_89 meeting place', NULL, '', '01030000000100000005000000D40D91894AD447401D210379F6915EC04F86AA984AD4474009C95DDFE2915EC0576974626AD4474062E3B0EAE2915EC04A5AA7806AD4474011D20957F6915EC0D40D91894AD447401D210379F6915EC0'),
	('6fbe0ff6-b201-406f-84c4-d517e78ada8f', 'c_90', 'c_90 meeting place', NULL, '', '0103000000010000000600000072C4211B48D447403B18B14F00925EC04EA6875748D4474040530A15F7915EC0C4B71C5487D44740A54929E8F6915EC04A4D8237A4D44740587ECFFEF6915EC04A4D8237A4D4474089E30A3900925EC072C4211B48D447403B18B14F00925EC0'),
	('157a0a46-3524-4573-ae27-d7e47cf2cffa', 'c_91', 'c_91 meeting place', NULL, '', '01030000000100000005000000FE1DF6E747D44740176DE92C0E925EC0FE1DF6E747D44740CEDCE80805925EC08D6A227DA4D44740812B346B04925EC0B188BC40A4D44740757DAD4B0D925EC0FE1DF6E747D44740176DE92C0E925EC0'),
	('c5fc5b00-aadc-427b-8e9c-46b507b482e1', 'c_92', 'c_92 meeting place', NULL, '', '01030000000100000005000000C0BD8D2848D4474083F34EAA22925EC0D0CC5A0A48D447408CA23AC20E925EC0DEEEACDD76D447403A88E7B60E925EC04558F90A77D44740BF3F4A9121925EC0C0BD8D2848D4474083F34EAA22925EC0'),
	('55eaf31f-0d41-480a-b530-6cbbc18a06f7', 'c_94', 'c_94 meeting place', NULL, '', '0103000000010000000A00000010848659C3D447405FCDA6C846925EC0EA9282B8BCD447404ED5703642925EC0CEE3E60AA5D447406D1ADB6B41925EC0CEE3E60AA5D4474053F624B039925EC0F6CFE4AC99D4474005B89D6C39925EC0C9236E0498D44740BFDDEDD522925EC0906F1173A4D44740711294EC22925EC0D22A55FDA5D44740BF06E9CE38925EC0D621A3A8D8D44740580CE5443B925EC010848659C3D447405FCDA6C846925EC0'),
	('eddfa417-913c-4455-a918-e9bf1bfd029d', 'c_95', 'c_95 meeting place', NULL, '', '01030000000100000005000000764B283394D44740A453573E4B925EC0431EC18D94D44740A146C60F3A925EC0EA02CA4BA3D447408E6AFA473A925EC0FA11972DA3D4474098778B764B925EC0764B283394D44740A453573E4B925EC0'),
	('667983ce-9d66-4d65-b85e-2ca193a8d8fb', 'c_96', 'c_96 meeting place', NULL, '', '01030000000100000005000000ED5267A494D447400089CB9651925EC0FAE18C0695D447400253BC804D925EC019876643A3D44740DE4B2BCF4D925EC02E963325A3D4474041EB861252925EC0ED5267A494D447400089CB9651925EC0'),
	('40d9277f-0890-4fa7-bca1-f5ef3daf654a', 'c_97', 'c_97 meeting place', NULL, '', '0103000000010000000A000000518DA89A6AD44740CDDC8D4F92925EC0299831056BD44740C5854DAE73925EC0436F5DD669D44740B50F1E1263925EC0B881F1C28CD44740206FDB5262925EC01CEB3DF08CD447402A7C6C8173925EC0BE0B5BB395D447408423923273925EC0E029F57695D447401E61623D7F925EC03BC269C18BD447401E61623D7F925EC0F9BD254A8CD44740CDDC8D4F92925EC0518DA89A6AD44740CDDC8D4F92925EC0'),
	('5f75075c-337f-4ba9-836f-5715a97c5c20', 'c_98', 'c_98 meeting place', NULL, '', '0103000000010000000600000019A732D648D44740073F49CB92925EC057AB764D48D44740EB22E06B63925EC0D676EB4669D44740B50F1E1263925EC0C09FBF756AD44740AD40E37874925EC02CD16A9269D447403246DA7C92925EC019A732D648D44740073F49CB92925EC0'),
	('e432bb99-fcc8-4e46-99c7-9fe0b5c0c7d6', 'c_21', 'c_21 meeting place', NULL, '', '01030000000100000007000000A705E56CF0D347408982740C23925EC01E7EFE7BF0D347405137DE1D19925EC0E08233F8FBD34740046C843419925EC00094E1D3F7D3474040170D190F925EC05E21DF4A1BD44740FEF96CD30E925EC0E9A8C53B1BD44740892650C422925EC0A705E56CF0D347408982740C23925EC0'),
	('ecf37140-d1fa-439b-9838-b267faf85efc', 'c_22', 'c_22 meeting place', NULL, '', '01030000000100000005000000C667C3ABF6D34740D45438DD0D925EC051B99A86F2D34740C8D7F91205925EC07D73243C46D447407A0CA02905925EC059558A7846D44740292092C60D925EC0C667C3ABF6D34740D45438DD0D925EC0'),
	('c118f08d-6644-471d-b06d-01c5e9b8ff90', 'c_23', 'c_23 meeting place', NULL, '', '0103000000010000000500000031D582CDEFD347403B01A83D00925EC0DF8B625EECD34740DB45E22FF7915EC06864575A46D447409E3220D6F6915EC07D73243C46D44740D60A896A00925EC031D582CDEFD347403B01A83D00925EC0'),
	('3b01d5fd-ebea-4e2d-a2ee-aadeea47d849', 'c_24', 'c_24 meeting place', NULL, '', '01030000000100000005000000BC265AA8EBD34740B6EAB765F6915EC0D9370884E7D34740F01E2E39EE915EC0DA05949746D4474045EA8722EE915EC07D73243C46D44740BE778A0BF6915EC0BC265AA8EBD34740B6EAB765F6915EC0'),
	('27865bf3-ffc3-4f0a-a8bf-653e94bc17e7', 'c_25', 'c_25 meeting place', NULL, '', '01030000000100000005000000327E1AF7E6D347408164952DED915EC0FD344987E2D3474091B4F347E2915EC0C9E259DD45D44740334BA71AE2915EC03A84961A46D44740E65AB400ED915EC0327E1AF7E6D347408164952DED915EC0'),
	('f1e27c88-0e80-4aa7-91b2-cd8c7263c0c5', 'c_26', 'c_26 meeting place', NULL, '', '0103000000010000000B00000059B34B0AE2D347402DF21E0CE1915EC08CA2BDB0EBD3474057EA5910CA915EC042238E2BE4D3474048C2BE9DC4915EC070CF04D4E5D34740E0264811BE915EC0BCD42A55FDD347400A1F0027CA915EC01338239408D447407927FAD7CD915EC0D7FDCF0605D447405CC1DB28D7915EC0F917F7D50BD4474019CE6850D9915EC0A7BD778A0BD44740A5373701E1915EC0C562073AFFD34740A5373701E1915EC059B34B0AE2D347402DF21E0CE1915EC0'),
	('ac1b100d-2121-44f5-88a0-e3036cd39e50', 'c_27', 'c_27 meeting place', NULL, '', '010300000001000000080000006E62FEC00BD4474087D970FDE0915EC08A00F1040CD4474098F0958AD7915EC00F44937A05D447401B8D32D1D6915EC0D105CDF808D44740CBFC31ADCD915EC0DC8F36E911D447403D091115CF915EC036E9B6442ED447403D7C3E6FCF915EC04EFD721C2ED447403F41182EE1915EC06E62FEC00BD4474087D970FDE0915EC0'),
	('f1210aac-18ae-41e4-be64-b2ecb7c516fd', 'c_28', 'c_28 meeting place', NULL, '', '01030000000100000009000000DC8F36E911D44740A28C028ECE915EC08BBCAC8905D44740FCF93372CC915EC0DEFE34FFF9D34740580A37CFC7915EC0C734F515FFD34740A9914C3DC1915EC095FD158D10D44740BC4DC983BE915EC09A90F87024D4474016681C8FBE915EC0F874E1AC2DD44740D4056113BE915EC0CF7F6A172ED44740EFCA89D1CE915EC0DC8F36E911D44740A28C028ECE915EC0'),
	('04cd502f-df7e-4511-8d4a-a25dc5ffd3d0', 'c_29', 'c_29 meeting place', NULL, '', '01030000000100000010000000FCF2C98AE1D347401D1D5723BB915EC0BAA71721E1D34740E87618EEB7915EC0F5E95097D6D3474050E449D2B5915EC042BA66F2CDD34740AC4FB637AE915EC0FC704683CAD34740BFF18D32AC915EC016C78157CBD3474082774DA3A4915EC07EFD3273DCD34740ED832C0BA6915EC0C7B2710EE8D3474002582E65AA915EC016C20F73EED347408F0E31B9AC915EC047885EEBF7D347403FEC1340B1915EC0312EB022FED34740C15DAC5EB4915EC0C941E1FD02D44740072FB07DB7915EC0C4C463F5FDD34740163DA6A4BD915EC031E5AF3500D44740DAF0AABDBE915EC042D95BCAF9D34740FFEFE3C3C7915EC0FCF2C98AE1D347401D1D5723BB915EC0'),
	('a02abffc-9097-4565-a576-7a5110cac84f', 'c_30', 'c_30 meeting place', NULL, '', '0103000000010000000600000029EFBB3324D44740690A534ABE915EC03024383F0FD4474009F0FF3EBE915EC01B11F86816D44740FA06A348AD915EC082FCC79D2DD44740777C201EAE915EC0F874E1AC2DD44740CF8D44C3BD915EC029EFBB3324D44740690A534ABE915EC0'),
	('c08a4054-51ec-4f96-9ec2-dcc1f0ac078c', 'c_31', 'c_31 meeting place', NULL, '', '01030000000100000012000000A8E7FFB000D447404D874ECFBB915EC0AEAD7DA603D44740C0B0FCF9B6915EC078F41A16FED347407ADFF8DAB3915EC05618E945EDD34740CC3E3498AB915EC0C9C39D66DCD347409929ADBFA5915EC0AD71A202CCD347404DC34BCBA3915EC0C99EBAA8CCD3474056FABFD99C915EC0B1DE6FB4E3D347403C832B4597915EC00F15BBC7E3D347400AA8CBBD9B915EC0DFA815A6EFD347406F0536429A915EC0262CB81FF0D3474039B93A5B9B915EC088DA9145F5D3474056FABFD99C915EC0059A1947F6D34740459506239B915EC013A1004004D447406C5B94D9A0915EC0C006FAFA10D4474041CDDAB7A4915EC0E5F7FD9B17D447406A04D149A5915EC0FBBA89100DD4474028D9452CBD915EC0A8E7FFB000D447404D874ECFBB915EC0'),
	('407f2209-e401-4d90-aec6-1f8e20cba1bd', 'c_32', 'c_32 meeting place', NULL, '', '0103000000010000001100000073DF7BC910D44740186B6E3BA3915EC0CAF1F917F7D347409F6A3EF89A915EC08836B68DF5D347401C19F55A9A915EC0722E6A9CF2D3474039E74C7F9B915EC0D1898164F0D347404BB1FE2A9B915EC0AF2479AEEFD34740C9062D7F99915EC0E6555348E8D347409FF7109E9A915EC0063EDEF5E3D34740E5A8C53B9B915EC0063EDEF5E3D34740C66F0A2B95915EC02EA9EB9ADAD3474004A09B478F915EC05A5EDB36E7D34740A357039486915EC0BAECD79DEED347406011B2E28A915EC0179139E004D447406B60AB048B915EC027A50CC116D4474023AB11B08C915EC001BD81131BD447408E44C3BD8D915EC0BE35882018D447404DF15DEFA3915EC073DF7BC910D44740186B6E3BA3915EC0'),
	('da108014-277b-46b8-b81f-76e621a97d73', 'c_33', 'c_33 meeting place', NULL, '', '0103000000010000000B00000068B477A114D44740410C74ED8B915EC032011A0005D44740AC85D6798A915EC0D05CB8BDEED34740729648588A915EC0B07C13F9E4D347400AE12C8084915EC017E65F26E5D347407248B42E7F915EC08756934CF3D3474010E6762F77915EC0515936CE01D447400993985679915EC0962ADF3312D44740B00518F178915EC065B004AD1BD44740AB7C2A0277915EC03B4BFCF61AD44740C4D0EAE48C915EC068B477A114D44740410C74ED8B915EC0'),
	('90cc38d6-3fb0-494a-9e91-d964613819e0', 'c_34', 'c_34 meeting place', NULL, '', '0103000000010000000D00000032E5F9C21AD44740E2372ADC97915EC02346BE011CD44740BABBCE867C915EC06E5413E923D44740F490B75C7D915EC0755C435F30D4474063C18BBE82915EC06FA087DA36D44740F8D4FBD783915EC03D72D7B738D447403F259D3784915EC0A2A1A1DA3BD44740A51BBC0A84915EC0B3D991EA3BD44740D5A5907582915EC0EE5A536A40D4474016951E9782915EC00641FD1D40D4474031F20DE088915EC04D782BA62DD44740C01F234589915EC0B3E177D32DD447400475CAA39B915EC032E5F9C21AD44740E2372ADC97915EC0'),
	('49fd9a88-3a7d-4389-a8d0-da3476b57784', 'c_35', 'c_35 meeting place', NULL, '', '0103000000010000000F000000EFC16B9736D4474010E9B7AF83915EC04B10977730D447404535B39682915EC022754C2723D44740A8F11CDB7C915EC0A97180AA1BD4474088A647AE76915EC0A5BEF38B12D44740B136C64E78915EC0E774311702D44740DA6DBCE078915EC03134E895FCD3474063F83E0B78915EC01BF4119D0AD447406C544C4A66915EC01DA79EBB13D4474068E503A763915EC0FD126EE81CD4474061C614AC71915EC020A69FCB2FD44740C27B308477915EC0A102829433D4474061E0B9F770915EC01AF818AC38D44740BF49062571915EC06ED696F03AD44740C7554ED683915EC0EFC16B9736D4474010E9B7AF83915EC0'),
	('dc764f7c-0f68-4898-9f46-1c1b83f0706c', 'c_36', 'c_36 meeting place', NULL, '', '0103000000010000000C00000001DDA85F33D44740B482F0B270915EC0CAA255D22FD44740637693CE76915EC039CFFAEF1CD4474043B0051871915EC00F27F73B14D44740A8AB6E9A63915EC097616A4B1DD44740BD9069C853915EC0EAB776A224D4474072FC83ED4C915EC0F3C4628A28D44740FAF609FB51915EC0FD18BD642DD44740FAF609FB51915EC05B71AAB530D447402863546353915EC0B646150F39D447402863546353915EC0E03B8CA438D44740D225D2EC70915EC001DDA85F33D44740B482F0B270915EC0'),
	('2ed2a896-61a8-43fd-90d6-c756f1347839', 'c_37', 'c_37 meeting place', NULL, '', '0103000000010000000F00000018A07E6143D4474072BD12ED4F915EC0CFD3DBFA44D44740C8BF5DF66B915EC0D0AE42CA4FD4474036A0EFB872915EC08F90590751D44740B8F6274C73915EC0E8B4C93C4DD447408819750877915EC0D098107349D44740680EFF9F79915EC0556A73524ED447407209D16B7D915EC061B895B954D447400BD3F71A82915EC0AE44B12660D44740703C444882915EC048DB64F95FD4474006784FD488915EC016D68D7747D44740CC88C1B288915EC027AF4B4343D447404276B6917C915EC0C00204183BD44740E82D1EDE73915EC00307488F3AD44740B3ACA00E50915EC018A07E6143D4474072BD12ED4F915EC0'),
	('c68c2b88-1b18-443f-8718-d5c5a9a5015b', 'c_38', 'c_38 meeting place', NULL, '', '0103000000010000001300000002453D8E30D4474035F515FF52915EC084CEB5792DD44740BF993D7551915EC08589288128D4474024038AA251915EC04040081225D447408BDD3EAB4C915EC0EAB8F2A32BD4474004708B4347915EC0DB6EA4C74AD447401E6B460639915EC0804D428E52D4474084B7DFEB35915EC0C2D2760250D44740B115342D31915EC063F393C558D44740884BC1BF2D915EC0640080AD5CD44740104647CD32915EC0A070E25064D44740FFE08D1631915EC04BA25EF069D44740F06EC04241915EC01F2B645353D44740F87CB66947915EC0F68F4C874ED44740982FD4064C915EC04851E4FF44D447401A811DA44C915EC0D26839D043D447400C87C7D94F915EC04401FD1939D44740547655FB4F915EC0B94B040539D4474035F515FF52915EC002453D8E30D4474035F515FF52915EC0'),
	('b114dc5e-758a-4772-a20a-744a615958a3', 'c_39', 'c_39 meeting place', NULL, '', '010300000001000000090000008E0B73277DD4474038DCA22740915EC0B7B475CB69D44740EB9D1BE43F915EC09A514E0F65D44740D561E01431915EC0C30B44AA83D447400D3F93582D915EC02DDC25169DD447409C44CE0C2C915EC00A2E1D739ED4474091231A9334915EC0F60CA837A3D4474003081F4A34915EC02F11ECAEA2D447403453B5383E915EC08E0B73277DD4474038DCA22740915EC0'),
	('1e3c1a96-bd09-4fa7-859c-cd32d3bef347', 'c_40', 'c_40 meeting place', NULL, '', '0103000000010000000D000000A1643909A5D447401395B2B137915EC01917D522A2D447401063885231915EC0844A123A9ED44740DB0132CF25915EC0B9CDAF41BAD44740AC6928FF24915EC09E896654CFD447400FD594641D915EC0B1741607E1D447406DEB02B91F915EC0A99D3935E1D447407C9521333C915EC02200EE68D2D44740694628113C915EC05C353BF7C3D44740E6F4DE733B915EC07682FDD7B9D447408FDE701F39915EC0A732E774B4D447404213173639915EC072C284D1ACD44740AC9223F83A915EC0A1643909A5D447401395B2B137915EC0'),
	('e5c40ce5-f9f4-4066-af85-b3ea11b25f55', 'c_41', 'c_41 meeting place', NULL, '', '0103000000010000000B000000DBC9F154D1D4474026E71FD84C915EC0BEEDBF84C0D44740E56415DB49915EC0315EA91DB4D447408C6A11514C915EC0EA83D151B3D44740DC16C0EF3A915EC0CBACA580B4D44740547E086039915EC0D9FFB6DDBAD447400C14C2B439915EC0259A07B0C8D447405213D8F73C915EC08A42DCE6D7D44740B0B618F23E915EC0068E5FD3DED44740A4DA4C2A3F915EC0169D2CB5DED44740E0151CB949915EC0DBC9F154D1D4474026E71FD84C915EC0'),
	('b8ba0e2d-c10c-4389-8560-2596e8a5281b', 'c_42', 'c_42 meeting place', NULL, '', '0103000000010000000E000000F7DE9513A3D4474019A9F7544E915EC049F2A66CA2D4474069FF03AC55915EC0FCF675E09CD44740698CD65155915EC073136BA79CD44740A8BC676E4F915EC0FE560D1D96D4474073C34A604E915EC0FEDD02098AD4474036EA7CD34F915EC023361FD786D44740C93846B247915EC0EFB63E517ED44740E1630B9C47915EC052D91C8C7DD447407F31337D40915EC00CEE62F5A2D44740811B73E83E915EC0B9E3CA8FAED447408D64C2D43B915EC04FBF0B5BB3D447408B802C9F40915EC0AA1E7A9CB3D44740140901544C915EC0F7DE9513A3D4474019A9F7544E915EC0'),
	('79e0aee4-6249-4982-89e0-9609a116d9eb', 'c_43', 'c_43 meeting place', NULL, '', '0103000000010000000B0000005993139271D44740ADD2270351915EC01AD7868A71D44740E2B19FC552915EC0984A9A9A5FD44740B25B15F252915EC0BA207DEE5FD44740AA8658584B915EC0A304C4245CD447407091200148915EC0EE9F5D7468D44740FCFF386142915EC07EBA26497CD4474086A460D740915EC00D897B2C7DD447403445251A49915EC05996879686D4474017EAFA4F48915EC0CB4642B687D447409004D0DE4F915EC05993139271D44740ADD2270351915EC0'),
	('f76c5b08-d0ee-4ca9-844c-d6809d8a001e', 'c_44', 'c_44 meeting place', NULL, '', '0103000000010000000C00000057FFE7305FD44740D53439C65F915EC040E32E675BD44740867F9F7161915EC05E01C92A5BD447403F2AB4626E915EC04763A36252D447402BCA5B6471915EC0212E5B4645D44740823F57B66A915EC095A6745545D44740BBBDFFEA4C915EC0BF14F6FE50D44740CC026A204C915EC047625AE553D44740D5592DB047915EC03008AC1C5AD44740AC3CDC6946915EC0294D39155FD447407F3710374C915EC08F73BDC85FD44740747973B856915EC057FFE7305FD44740D53439C65F915EC0'),
	('1f9d39a2-f43a-4e3c-9412-2b70d6be45f4', 'c_45', 'c_45 meeting place', NULL, '', '0103000000010000000A0000003AA87AE871D44740E617A2F952915EC0467DC5BF74D44740CAD1D2CB5E915EC098994F0C7FD44740C2F1214D61915EC028A226FA7CD4474056DC137F6F915EC063D773886ED44740099E8C3B6F915EC0457A51BB5FD447406925636B6C915EC094C7E41E5CD44740F7EA3E5B62915EC0C90138AC5FD44740E6F8B2FE60915EC0C62A5BDA5FD4474094707C4853915EC03AA87AE871D44740E617A2F952915EC0'),
	('9bd58fe5-7e3b-4fca-9c19-0badc1185d1e', 'c_46', 'c_46 meeting place', NULL, '', '0103000000010000000A0000002B830FCAA0D44740E712584A60915EC0ADE29EF87BD44740709DDA745F915EC0B2E611ED74D44740999ADC395E915EC08F02FA3372D4474036CD3B4E51915EC0F0A65B7688D4474066CA3D1350915EC08498011D9CD447407E82D5A24F915EC0D11BA4969CD44740337678BE55915EC02BF41CECA8D447405C65B7E056915EC0A34B10BFACD447409B9EC1F05B915EC02B830FCAA0D44740E712584A60915EC0'),
	('ea44213a-8560-40a8-85ab-2460d59728f1', 'c_47', 'c_47 meeting place', NULL, '', '0103000000010000000C00000066A3F08FADD44740AE0C4F545B915EC04F40C9D3A8D44740C8FB5AF253915EC0BB337FF1B1D44740CD5603394D915EC08A1C7D27C1D447402D5107C34A915EC0FB999C35D3D44740C0ED64CB4D915EC06653D048DFD447404A928C414C915EC014F950FDDED44740172422A152915EC000E10A28D4D44740C8FB5AF253915EC0A2684018D3D44740CD6AA39556915EC09D72B8FBC1D447409C1AC3F759915EC0FCF73B6FBED4474093228D6555915EC066A3F08FADD44740AE0C4F545B915EC0'),
	('a5531092-0e5d-44ed-8fe5-58ab2d0d15d3', 'c_48', 'c_48 meeting place', NULL, '', '0103000000010000000A0000001D4DE438A6D44740576941DE61915EC0AD780CEAB6D447403010374C59915EC084528C3DC5D44740C623A7655A915EC08EA6E617CAD447400ED940BA58915EC06653D048DFD447408038FEFA57915EC05FC4AAE6DED447406CF2EF8E67915EC033E61A0BAFD44740BFAB2F5C67915EC01D1219B1AAD447402AA4A1EB67915EC04B7A4BDEA5D4474072E0D57267915EC01D4DE438A6D44740576941DE61915EC0'),
	('00afa2d6-c4b6-4976-b94a-fc94c011f9c6', 'c_49', 'c_49 meeting place', NULL, '', '01030000000100000008000000401449AAA5D4474033BEAC3F78915EC074F409EAA5D44740066FFE1568915EC0F5694881AAD447407C31225168915EC03DF33977BBD44740593CABBB68915EC0D27954FCDFD44740593CABBB68915EC0846643A3E0D447404BCADDE778915EC00303E0E9DFD447406F449CF378915EC0401449AAA5D4474033BEAC3F78915EC0'),
	('13060714-dbfb-46dc-a4d4-3b6b2aaee3a7', 'c_50', 'c_50 meeting place', NULL, '', '01030000000100000005000000252625F37ED4474044858F2D70915EC09646713381D447405E46562360915EC060EB747BA4D44740D4BBD3F860915EC0FE580520A4D447408AC3167170915EC0252625F37ED4474044858F2D70915EC0'),
	('7a47a287-ff44-438a-8ecb-04a242c6d889', 'c_51', 'c_51 meeting place', NULL, '', '01030000000100000005000000F8E93F6B7ED447401E75CF1580915EC0E9DA72897ED447408AC3167170915EC0A83627E5A4D447402CCDF79D70915EC09DEFB8F2A3D447402AC4C83780915EC0F8E93F6B7ED447401E75CF1580915EC0'),
	('ee78f370-2937-4242-963c-a61482b20f87', 'c_52', 'c_52 meeting place', NULL, '', '0103000000010000000800000030208CE953D44740845A1D4A7E915EC066E1D4624BD44740F8109E1A79915EC0716B3E5354D4474078839B3171915EC0DC86CE215FD4474063A70EA86D915EC0D899098673D44740D89DEE3C71915EC01798480E7DD44740C072295371915EC0347EF2C17CD44740CF21927C80915EC030208CE953D44740845A1D4A7E915EC0'),
	('7b6d145f-f352-43ab-8dbc-a94b04b58e78', 'c_53', 'c_53 meeting place', NULL, '', '01030000000100000008000000AA1E300F99D44740D43208628F915EC0478CC0B398D44740D9BBF55091915EC013EE015F76D44740092C257090915EC0DB673AE05FD447403A2927358F915EC0CA9FDBF060D44740B28D2E2581915EC00E91F52FA4D4474017844DF880915EC043BE5CD5A3D44740ECEA9FF18E915EC0AA1E300F99D44740D43208628F915EC0'),
	('00250fe4-fe83-4cdb-be2b-c67791ac5626', 'c_54', 'c_54 meeting place', NULL, '', '0103000000010000000B0000000AD5287F52D4474030629F008A915EC07585E39E53D44740D84BAEBDAA915EC097A37D6253D44740DDBAF660AD915EC0657616BD53D4474015E63DCEB4915EC03E468A123ED44740BBCBEAC2B4915EC052E47C563ED447406CE80BC6AD915EC0B4F8252C3BD447406B5B3920AE915EC0A3E9584A3BD44740D326987B92915EC00819236D3ED44740EBDE2F0B92915EC0FF41469B3ED4474030629F008A915EC00AD5287F52D4474030629F008A915EC0'),
	('ea6e7df8-bae3-41f8-9d87-9bb90178887b', 'c_55', 'c_55 meeting place', NULL, '', '0103000000010000000E00000079957CEC2ED44740927A4FE5B4915EC01C030D912ED44740A78D8FBBAD915EC0FE2A4EB516D4474066B8A6E5AC915EC0542B6E371CD447404BF37D279C915EC0F00D96FB2ED447407483FCC79D915EC0CAEFFB372FD4474059B829D489915EC06D2B3A483ED44740A8C3AFFD89915EC0D20561133ED44740438B44B291915EC03062C1583AD447408011346692915EC0328BE4863AD44740DC137F6FAE915EC0F57F1F1F3ED4474030CDBE3CAE915EC0BEC8810D3ED44740A5507177B1915EC0FF56FCF03DD447403D6ADAC5B4915EC079957CEC2ED44740927A4FE5B4915EC0'),
	('38322b6b-ad31-4064-a762-3a7cc7749605', 'c_57', 'c_57 meeting place', NULL, '', '01030000000100000005000000F85D7DE13AD447404B901150E1915EC02DFB75A73BD447407FC40A12B6915EC0EE8F190346D447407FC40A12B6915EC0EE8F190346D44740A9863023E1915EC0F85D7DE13AD447404B901150E1915EC0'),
	('9d6d0816-b874-459a-aa03-05e7621f3b05', 'c_56', 'c_56 meeting place', NULL, '', '01030000000100000005000000BA3C539E2FD4474016AB611AE1915EC063AAE3422FD44740F51301F3B5915EC0E2AAD4473BD447400863FA14B6915EC0DE6366553AD447401BFA5A3CE1915EC0BA3C539E2FD4474016AB611AE1915EC0'),
	('295d409b-18de-4b25-8360-52b00d906754', 'c_58', 'c_58 meeting place', NULL, '', '0103000000010000000B00000075421B2554D4474015CF34BCB4915EC039F768BB53D4474069CD1DFDAF915EC075421B2554D44740FCAE63B7AA915EC076FBAC3253D4474096B4E21B8A915EC09A22C0E95DD447407E891D328A915EC03548991E5ED44740A54FABE88F915EC0B2C8E2A36AD447409173DF2090915EC0C7D7AF856AD44740E9F2E670AD915EC09E29A7E26BD4474036316EB4AD915EC08E1ADA006CD4474067E987C7B4915EC075421B2554D4474015CF34BCB4915EC0'),
	('a261e47d-09e9-472c-8fab-1f1436afa3e1', 'c_59', 'c_59 meeting place', NULL, '', '0103000000010000000A000000FD173B866CD44740D912A8B4B4915EC07A9054956CD44740EA9CFA9BAB915EC0A9764D486BD44740910F7A36AB915EC02FFE33396BD4474010ECF82F90915EC0D1AA4CE779D447408B3D42CD90915EC03C90CD9F80D447402D4723FA90915EC0572EC0E380D44740CA04B28DAE915EC0FC9A070B82D447403B191C25AF915EC011AAD4EC81D44740C1E7E2CAB4915EC0FD173B866CD44740D912A8B4B4915EC0'),
	('2855fea3-73a6-4ba4-82cc-0f6fe0b2ece3', 'c_60', 'c_60 meeting place', NULL, '', '010300000001000000070000004EF5865682D44740F16B7FC2B4915EC0D87C6D4782D447409A35C2ECAF915EC0D435FF5481D4474051EFF32991915EC02D8606BD92D44740F747CE7891915EC09ED189A999D4474038AA89F491915EC02A1202A898D447403E37D9ABB4915EC04EF5865682D44740F16B7FC2B4915EC0'),
	('aed8389d-af93-4d92-b00c-a79a212ecd82', 'c_1', 'c_1 meeting place', NULL, '', '0103000000010000000B00000047DD184C0DD34740DBF1CB05D3915EC0D549C7E6F4D247403E682C50C1915EC08736B68DF5D247401C30D637B0915EC0C5260A3E17D347402C19B61C9E915EC062625F5738D3474008F87F1F9F915EC039CF447D37D347405B218491A8915EC09523BFD941D34740A1F287B0AB915EC036069D103AD347408991CAB9B9915EC0056CCEC133D34740ADB200B7B8915EC0C22A943B22D34740A10D654DD1915EC047DD184C0DD34740DBF1CB05D3915EC0'),
	('d315624d-32bb-4f2c-b4d8-24ea9d696241', 'c_2', 'c_2 meeting place', NULL, '', '0103000000010000000B0000008317E9EA33D34740EE1120F9B9915EC0B8D408FD4CD347404AA01C60C1915EC0EE8D6B8D52D34740AD3F78A3C5915EC07941E9B067D34740A6EC99CAC7915EC0F70D5D9A6CD34740A871A202CC915EC00D17258D76D347400919C8B3CB915EC00BDDA28279D34740EC9804B9D5915EC0B3D9DB7756D34740DEAA9097DA915EC007D5DEF137D34740C7E4C3A2D8915EC06871C63027D347406B984638D2915EC08317E9EA33D34740EE1120F9B9915EC0'),
	('7d6506ac-135b-4bd0-9c35-0e853b4553c4', 'c_3', 'c_3 meeting place', NULL, '', '0103000000010000000B0000000E42F6306AD347401506F357C8915EC078AFB55263D3474065D531F8C5915EC0C8CBF51153D34740F5DA6CACC4915EC0F97BDFAE4DD347403194EBB7C0915EC003F291393BD347400BC96E0BBB915EC0F0B7F3B347D347407B246FCAA6915EC0E8AB9AD65CD34740DCF9D923AF915EC0CF47742A74D3474087DBA161B1915EC01784A8B173D347400FEAC7CBBF915EC0F0E890E56ED3474069F926F2C9915EC00E42F6306AD347401506F357C8915EC0'),
	('9d980fef-c192-4678-aef5-bdae8cfd289c', 'c_4', 'c_4 meeting place', NULL, '', '0103000000010000000B00000057F0B3DB78D3474080B163C8D6915EC065440EB67DD34740F07475C7E2915EC00A410E4A98D34740C98FF815EB915EC0D220600894D347400D24DEF0F1915EC0085BB39597D34740A37F38FEFA915EC0E333A0DE8CD347409532045B00925EC0B398220A77D3474097FF907EFB915EC00283C6A75BD3474088A3062EEA915EC070BC3B3256D34740560F7052E2915EC0637B4F406ED347401BB8A8BBD7915EC057F0B3DB78D3474080B163C8D6915EC0'),
	('f7bed757-13bd-4d8c-8f90-2f741b3cb35d', 'c_5', 'c_5 meeting place', NULL, '', '0103000000010000000C000000709B5F8374D34740AA2116D6B2915EC0C13170E591D34740205AD020AA915EC0F531416898D34740BD7B3661B1915EC0CE883EC4ABD34740B5C01E13A9915EC002B6A569ABD34740D5C0A096B0915EC094E94DFB9CD347402F713F3BBB915EC0698445459CD347409BBD7D67C5915EC06EC383C190D3474005B0B783C7915EC023379BD88DD347401AF44AFECC915EC069B20DDC81D34740B478E4B4CC915EC01828846973D347405924DC1AC7915EC0709B5F8374D34740AA2116D6B2915EC0'),
	('484cd50b-6ee6-44a9-959b-e19eaf73dcf2', 'c_6', 'c_6 meeting place', NULL, '', '0103000000010000001200000015119DAFA3D34740109CE9149A915EC0271884A8B1D34740F37FFDC68D915EC0CF52793BC2D3474028B8585183915EC0FEF0040CDCD347404C51065875915EC0E2D95141EAD34740920E6A1A6F915EC06F500CDAF5D34740495057D265915EC03D34982B28D447409A52A8B83B915EC06612ABF534D447402B4AAE0738915EC0913D31A138D447409FC1F05B3E915EC0B6292F432DD4474065A71FD445915EC0A25AE95A20D44740132E3FCB4E915EC05939590F04D447406916E5886B915EC0D73E8974E4D3474077E200FA7D915EC0DB334B02D4D347408F6104438C915EC0A3C85A43A9D34740692CABFAA6915EC042F762DE99D347404723FA10AF915EC01D065F3D93D3474021EA3E00A9915EC015119DAFA3D34740109CE9149A915EC0'),
	('80ce4743-a002-42f2-939d-af3bcd4dcae3', 'c_7', 'c_7 meeting place', NULL, '', '01030000000100000009000000D6787764ACD34740C068458AB7915EC02D8AF6C2AED347406B4F5777AC915EC0D781F057B7D347405F0B523AA2915EC081590D2EC2D34740941E1494A2915EC039D66AB4C1D347404FE938C8B5915EC0F28AB84AC1D34740977FE321C2915EC057F9765C9ED34740A3755435C1915EC048EAA97A9ED34740237BCE27BC915EC0D6787764ACD34740C068458AB7915EC0'),
	('d9bb6d5b-f7dc-4c4d-ab68-d0b3da4d1f95', 'c_8', 'c_8 meeting place', NULL, '', '01030000000100000008000000164A703491D3474016B94CF2C8915EC02F9AA6199CD34740ED9BFBABC7915EC0C93FD8CE9CD3474061DF4E22C2915EC0A4D3CB39C2D347405576B0B4C2915EC0F6E6DC92C1D34740F286EA9CD5915EC05348AFBC9AD3474033C95697D3915EC038A28C028ED34740C6C4419DCD915EC0164A703491D3474016B94CF2C8915EC0'),
	('894b9687-442b-4376-a9d1-58ac5924e69c', 'c_9', 'c_9 meeting place', NULL, '', '010300000001000000090000005AF3BBFAC2D34740CBDCAFA7C2915EC0A685DC56C4D347408923B48AA3915EC0D7AED007CBD347407D47E8C2A3915EC096F38C7DC9D34740A61F5157AD915EC036972C38CDD34740DB186E65AE915EC0B299AF37D6D34740A971CA37B6915EC05C71CC0DE1D347408EB54DF1B8915EC0E8F8B2FEE0D3474079358AF6C2915EC05AF3BBFAC2D34740CBDCAFA7C2915EC0'),
	('574d1940-412d-4c6d-88b4-4906c88d0396', 'c_10', 'c_10 meeting place', NULL, '', '0103000000010000000600000012701981C2D3474048388831C4915EC0E2B1440CE0D347404D1454F9C3915EC09BF28D8DE5D34740448A0112CD915EC037894160E5D34740229BF573D4915EC0489D8026C2D34740A55F6C6BD5915EC012701981C2D3474048388831C4915EC0'),
	('79a79bd5-992b-4444-ba14-ab84752a2acf', 'c_11', 'c_11 meeting place', NULL, '', '01030000000100000007000000B9DB61B8DFD34740644B4519E0915EC0D5642195BDD34740C80A7E1BE2915EC0AFFA12E0AAD347403EA59421D8915EC0A1AF31F9B0D34740989F98ABD5915EC020F5AFF6C1D347402D40DB6AD6915EC0751CAB39E5D3474044451960D5915EC0B9DB61B8DFD34740644B4519E0915EC0'),
	('9968aa01-4a4b-4dee-9c6d-1364bdc29c81', 'c_12', 'c_12 meeting place', NULL, '', '010300000001000000110000004E1F37B2E1D347400036C588E9915EC096E26025D5D347405C8242F3EF915EC0E63CE070D5D34740DC6223B5F5915EC03E5C4AA7BFD3474098895528F7915EC036F790F0BDD347407E9F9339F1915EC0C3C958C8B7D34740A94D9CDCEF915EC063BA6B64B2D34740F855140AEC915EC04C428E52AED3474036C82423E7915EC0C53C974E90D347403C6876DDDB915EC0C2460F327FD34740458545A0D5915EC08ED0A79F81D34740A8F0B105CE915EC084074AC09ED34740BCFAC275D6915EC0B262DA92B0D34740AB367CC1DD915EC0AEC93C4DC1D347406150A6D1E4915EC046E87816CED347404529C69EE2915EC012E5E324DED34740A4761AC4E2915EC04E1F37B2E1D347400036C588E9915EC0'),
	('f117525c-7504-481f-b1de-0d45da482461', 'c_13', 'c_13 meeting place', NULL, '', '01030000000100000012000000B897569E9BD3474036DF2D35E7915EC038BEF6CC92D347407F243669E4915EC06067F9707FD347400A9BD9F8DD915EC04F91651C7ED34740E05D786FD6915EC00269B57691D347407DC7951FDD915EC07509F3C3ADD34740D7D6F445E7915EC0BFE28112B0D347401159FF42EA915EC0A9795567B5D347403DFB58C1EF915EC021356A74BDD34740A77A6583F1915EC0F84E71C1BED34740DAA991A7F6915EC0207AF76CC2D347402524D236FE915EC05A68D608B3D34740942CCCE701925EC06AD102B4ADD347403F0E942504925EC0FB96DEA3A3D347405025B9B2FA915EC013BB7D5699D34740EB2E9ADFFA915EC0D839BCD694D347408A592F86F2915EC0A342644799D3474046C549ABEB915EC0B897569E9BD3474036DF2D35E7915EC0'),
	('9e917107-94d2-487e-8a77-797c59a50a8a', 'c_87', 'c_87 meeting place', NULL, '', '0103000000010000000500000058F92CCF83D4474017050B71F6915EC058F92CCF83D44740F2BAD97AE1915EC0E29B7E9AA4D44740DA0242EBE1915EC09A18DC20A4D44740B6EAB765F6915EC058F92CCF83D4474017050B71F6915EC0'),
	('82001151-60aa-4d89-b324-40f539e7eff2', 'c_14', 'c_14 meeting place', NULL, '', '01030000000100000011000000EA2FAAFBB6D347408D2F682101925EC0A561759ABBD34740776110FDFF915EC0CFFE51E5C5D34740C67A59C9FD915EC016D8E033C8D3474015638275F7915EC0F8B34181D2D34740283F4E3DF7915EC0E91406C0D3D34740FDCA3967FA915EC0F0DEF6A9CFD34740B911BB5BFE915EC0B9641C23D9D3474038B57DD907925EC0003BB47EE9D34740CFEB996F0E925EC0BAA0AD39F6D34740C80BE9F010925EC080734694F6D347400CA0CECB17925EC0B52C5F97E1D347408A4050C914925EC0B5E81A1CDBD347404458E8DE1E925EC06C69EB96D3D347406CE8667F20925EC0D69722AFBDD34740F1B50CDD11925EC009530031AED34740CE24A07804925EC0EA2FAAFBB6D347408D2F682101925EC0'),
	('3e99d96c-2bd7-4aa5-88d6-027dd321295a', 'c_15', 'c_15 meeting place', NULL, '', '01030000000100000007000000D32CE11AE9D34740EC99A2120D925EC0F90BF3D4D9D3474097C0520207925EC01A3D7E6FD3D347407F2D54A3FC915EC0DF7B35F6DBD34740DA50D614ED915EC037C3C36AE2D347406B48DC63E9915EC0862249B5F4D34740ABCA63720F925EC0D32CE11AE9D34740EC99A2120D925EC0'),
	('170b29c9-5758-45f1-b05c-bbe56815127a', 'c_16', 'c_16 meeting place', NULL, '', '0103000000010000000D000000328D81D0D5D34740C681FC112B925EC06633F389E1D347406A74BD2319925EC00A1A8E42EDD347400564F9041A925EC00E61FC34EED347406687F8872D925EC0A1EFC91EFCD34740A77686A92D925EC01768E32DFCD34740BAF3C47336925EC041DAD7CB00D4474019FF3EE342925EC0F709C27009D447406E4BBC4D49925EC07F4EAD6301D447401F2455255B925EC05E9D6340F6D34740015361C75A925EC06873AD07DDD34740CC7EDDE94E925EC058D8E43AD7D347405C9B7C6940925EC0328D81D0D5D34740C681FC112B925EC0'),
	('c321ab39-c083-40a2-b22e-1b3918a04d33', 'c_17', 'c_17 meeting place', NULL, '', '0103000000010000000C0000005CEA9DC02AD447406642DD512D925EC0B2441D0C2BD447402C0E677E35925EC056A32FCE29D44740FC1065B936925EC0DCF225AF29D44740EE6AA8073B925EC0C04A71FA1FD447403B1C5DA53B925EC0236D4F351FD44740A8CD93C643925EC0BB5076E915D44740B9A57AD745925EC018236D3E09D44740FA21DB9E45925EC0F708466F02D447400DDE57E542925EC014AA622AFDD34740087A032736925EC04CD7C9CFFCD347404E8A45C22D925EC05CEA9DC02AD447406642DD512D925EC0'),
	('dd06add3-73ea-42c4-95db-7435758c20f9', 'c_18', 'c_18 meeting place', NULL, '', '0103000000010000000B000000225E9ECE15D44740D0B69A7546925EC05A24ED461FD44740B3E8425145925EC01820A9CF1FD44740FCE285193F925EC01261C3D32BD447406A58422D3C925EC016A831C62CD44740FB01B4522D925EC0C395B37746D4474048CD0D3C2D925EC0C7DC216A47D447407A8F334D58925EC09498C2DE1FD44740AA8C351257925EC064A0D7440BD447401E43B6E251925EC069E745370CD447409BA3D81B46925EC0225E9ECE15D44740D0B69A7546925EC0'),
	('bde45ca9-8a9f-49c9-ab73-95857ebec2c8', 'c_19', 'c_19 meeting place', NULL, '', '0103000000010000000500000094C80567F0D34740CC553DAA2B925EC02227C929F0D347401EB5786723925EC0E266A7D546D447401E424B0D23925EC0B3019F1F46D44740C5C86A042C925EC094C80567F0D34740CC553DAA2B925EC0'),
	('f4c42271-d3e0-4687-af50-a306711d4f2a', 'c_20', 'c_20 meeting place', NULL, '', '01030000000100000005000000E9A8C53B1BD44740892650C422925EC04D1212691BD44740755B7DD00E925EC0E53D84A746D44740E13F82870E925EC06EC56A9846D4474077E970BE22925EC0E9A8C53B1BD44740892650C422925EC0'),
	('64fd82ae-6bc4-4e16-a76e-01b39af2b9f2', 'c_61', 'c_61 meeting place', NULL, '', '0103000000010000000B0000007E03D7CBA5D44740D7344AF2B7915EC031A95780A5D44740506562049E915EC00B3BD6D699D44740681DFA939D915EC00B3BD6D699D44740ECD0FAA58F915EC0FA3482E8A4D447403F7820578F915EC0E14ED834A5D447402965E08096915EC05D515B34AED44740827F338C96915EC06C602816AED44740BF81FC11AB915EC0944440CFB0D44740BA3203F0AA915EC032B2D073B0D4474066EF31FDB7915EC07E03D7CBA5D44740D7344AF2B7915EC0'),
	('8ffdcefe-5731-40ba-899f-36b33490e45e', 'c_62', 'c_62 meeting place', NULL, '', '0103000000010000000A000000EA478AC8B0D44740F1B270A392915EC083D5C4A7A5D44740A850B52792915EC0EA3E11D5A5D4474033B6211079915EC01892EE42CED447401BFE898079915EC0D5463CD9CDD44740B47169A189915EC03245FDE4DED4474036A90DF38A915EC09AD76C40DFD44740935DC4D29B915EC09D3DF262BCD44740394371C79B915EC0EA478AC8B0D44740B77EFACF9A915EC0EA478AC8B0D44740F1B270A392915EC0'),
	('c03a463b-bf43-4097-8925-4f5415398500', 'c_63', 'c_63 meeting place', NULL, '', '0103000000010000000B00000066D14C41C8D4474089E4750EAF915EC0045B142CC4D44740712CDE7EAF915EC098A5530DB1D447403BA6EECAAE915EC0000FA03AB1D44740DBB034F0A3915EC0C244DECDAED44740CA856F06A4915EC0B23511ECAED44740BB3D85129C915EC0B354EFBAC8D44740F7C374C69C915EC0B330D28BDAD44740206E98B29D915EC01AD02DCFDED4474008B600239E915EC0508D0354DDD4474058E77349B0915EC066D14C41C8D4474089E4750EAF915EC0'),
	('9303ef2e-51b9-483a-abb3-d33c56b45353', 'c_64', 'c_64 meeting place', NULL, '', '010300000001000000090000009D0E643DB5D447402A3894EBB7915EC08BFB2367BCD447407B44F1CFB1915EC06A2D7189C8D44740162E837BAF915EC083959E44DFD447403A6F08FAB0915EC083959E44DFD447404C2256DABD915EC0C44263DCC3D44740C9D00C3DBD915EC0C9EBE3FCA8D447400A33C8B8BD915EC0E0D18DB0A8D4474001C864CCB8915EC09D0E643DB5D447402A3894EBB7915EC0'),
	('9d348db8-1360-495f-8e90-fa4b90aaa1db', 'c_65', 'c_65 meeting place', NULL, '', '01030000000100000007000000B71DE1B4E0D44740EB854C439E915EC04E459671F8D447407E8F2D709E915EC05C7E4C101AD5474079268F029F915EC0E50533011AD54740A03AB1E2AF915EC08E954EDA0AD54740BD95DBACB0915EC0EB59C63CE1D44740B1B90FE5B0915EC0B71DE1B4E0D44740EB854C439E915EC0'),
	('d4f8027b-46cb-4c47-a45b-08b427f97276', 'c_66', 'c_66 meeting place', NULL, '', '010300000001000000050000001E872DE2E0D44740F1A4E0849D915EC03296FAC3E0D44740CA3131A795915EC0C2E7983D1AD547402A4C84B295915EC06D8D19F219D547402B7AC95A9E915EC01E872DE2E0D44740F1A4E0849D915EC0'),
	('2ab45ef3-6f3a-4152-8293-996b4ce017a3', 'c_67', 'c_67 meeting place', NULL, '', '01030000000100000008000000FA97B55E1DD547407526C86361915EC06BC17A922AD547408D2CF41C6C915EC0728A9F104BD547409F2DD62684915EC0F60027254ED54740F7FCD58885915EC0C5619C6450D547409761928087915EC05D775F3A52D54740BAA46ABB89915EC01FB64F221DD54740CB5C024B89915EC0FA97B55E1DD547407526C86361915EC0'),
	('7050619d-55a1-4355-8841-a008596ebf79', 'c_68', 'c_68 meeting place', NULL, '', '0103000000010000000A0000002209C21550D54740DF58ABD186915EC017296C5045D547408AECDEE57D915EC0C8B3812A24D547400719124166915EC0AED14A6B1DD547403AE004F060915EC0654EA8F11CD5474086F5903A4B915EC0725902DF23D5474023F7A7F94F915EC05FFFD0274DD54740FEE19D326D915EC06D52E28453D5474045A56CEC6D915EC01D87889B53D547409730E42288915EC02209C21550D54740DF58ABD186915EC0'),
	('dc5e5315-e88f-44f8-918c-1d59214d031b', 'c_69', 'c_69 meeting place', NULL, '', '01030000000100000007000000F31ACC704DD547405C93A1CF6C915EC0D1BCE3141DD54740B2248ADA47915EC0D1BCE3141DD547400F12FD3534915EC07306578A2ED54740329787F13F915EC04E8F238C55D547401D20706E5D915EC05510148953D54740153B75406D915EC0F31ACC704DD547405C93A1CF6C915EC0'),
	('f2d65506-7d60-4377-b93a-d4369b8ca7d6', 'c_70', 'c_70 meeting place', NULL, '', '01030000000100000006000000A3A1EB6756D54740F3CED4905D915EC00B2A166470D547403248B02770915EC0E8DEE57D77D5474032C489F983915EC0BEA673EA6FD5474083C10D428A915EC0A3A1EB6756D54740CBE9D4F088915EC0A3A1EB6756D54740F3CED4905D915EC0'),
	('40720f65-3bd2-4932-ad59-5a80653f5b5f', 'c_71', 'c_71 meeting place', NULL, '', '010300000001000000060000001DA4F1553CD547409CF639E3A0915EC07207EA9447D5474078F4F2E093915EC02532CE3A3ED54740E99898D38A915EC058BBED4273D54740D0532E9E8B915EC07CD9870673D547405441A08EA2915EC01DA4F1553CD547409CF639E3A0915EC0'),
	('3f265817-1544-4ef7-ad9d-7744871143c4', 'c_72', 'c_72 meeting place', NULL, '', '010300000001000000060000001EE659492BD5474033BD699FB3915EC0A380FE8C1CD54740ED5E93DAB0915EC041EE8E311CD547408AE4D0C7A1915EC0DB7D22AA4BD54740303DAB16A2915EC050F63BB94BD547405751CDF6B2915EC01EE659492BD5474033BD699FB3915EC0'),
	('f896a3e4-c683-488f-b463-499eb581cc2e', 'c_73', 'c_73 meeting place', NULL, '', '010300000001000000060000006BC72F174CD54740DFDDA2DDB2915EC0F44E16084CD5474018E4D308A2915EC099A608707AD54740A7F74322A3915EC0D5F1BAD97AD547408CE8E802A8915EC0C21C700278D547400F88C6C9B3915EC06BC72F174CD54740DFDDA2DDB2915EC0'),
	('fc68c12e-0880-4f6e-90ec-39975fe69c00', 'c_74', 'c_74 meeting place', NULL, '', '0103000000010000000600000008512A8650D547403617FCECB6915EC0EC94698F72D5474050D37833B4915EC0F82F325C78D5474050D37833B4915EC0B5F3FDD478D547408DD541B9C8915EC008512A8650D547403448C153C8915EC008512A8650D547403617FCECB6915EC0'),
	('92fb2c48-be49-4668-ae40-f5cae31ae513', 'c_75', 'c_75 meeting place', NULL, '', '01030000000100000007000000CFFFAB8E1CD547407C8CA83FB1915EC09AA13BD22AD54740B69B85E2B3915EC07F3F0D2950D54740434AFD06B7915EC0FBB7263850D547409FE40E9BC8915EC0139D0A5D2ED547409F71E140C8915EC0054B5EF81CD54740230E7E87C7915EC0CFFFAB8E1CD547407C8CA83FB1915EC0'),
	('064d8c7c-b9c4-4feb-bc5b-361f75e1f73e', 'c_76', 'c_76 meeting place', NULL, '', '0103000000010000000F000000DEBD7B911AD5474029B74835C7915EC09ADB734F0DD5474011FFB0A5C7915EC08015A75A0BD5474083EB408CC6915EC02762C735F4D4474029D1ED80C6915EC0C5F87A08F4D447405ECA0A8FC7915EC0DFF3C308E1D44740B8713040C7915EC0DFF3C308E1D44740288E4D3CB1915EC0BF5F9335EAD447407659A725B1915EC017BA1281EAD4474096AC0782B6915EC0CCC5DFF604D54740F13D6D9EB4915EC0B8B6121505D54740A684EE92B8915EC0FF8B2E6F0ED54740079F419EB8915EC0E16D94AB0ED54740288E4D3CB1915EC0C96740BD19D5474041D3B771B0915EC0DEBD7B911AD5474029B74835C7915EC0'),
	('e7c4b804-1354-4203-9521-cf1c1af6da68', 'c_77', 'c_77 meeting place', NULL, '', '010300000001000000050000004862FF2BE1D44740C24F4FC4C7915EC0E5EB8DB51AD54740BDE6B056C8915EC0CDDCC0D31AD54740D8ABD914D9915EC0B8033C69E1D44740A39817BBD8915EC04862FF2BE1D44740C24F4FC4C7915EC0'),
	('f0cf0b00-9362-47d7-a936-201c9ab7d252', 'c_78', 'c_78 meeting place', NULL, '', '01030000000100000005000000FF5536621CD5474002147E04D9915EC0022D13341CD547401C6217A0C8915EC0B9CD548847D5474010F97832C9915EC05364085B47D54740EAE8B81AD9915EC0FF5536621CD5474002147E04D9915EC0'),
	('3ed10af0-52d3-4ec5-92c2-96a26bb0b831', 'c_79', 'c_79 meeting place', NULL, '', '01030000000100000007000000CB0F238447D54740D28FE10CD9915EC0125BD5ED47D547406913CC3DC9915EC0F037FCC973D54740B7515381C9915EC01E2D735F73D54740132BA391CF915EC0A0A76D686FD54740AB50EE88D4915EC0B54560AC6FD547401ACC1594D8915EC0CB0F238447D54740D28FE10CD9915EC0'),
	('099a489c-5cac-42dd-80ef-cba76305f41a', 'c_80', 'c_80 meeting place', NULL, '', '0103000000010000000D00000051615BF56FD5474044A7E7DDD8915EC0EBF70EC86FD547404010C589D4915EC0ED04FBAF73D54740BA275998CF915EC03D5F7AFB73D547409F3D97A9C9915EC05242FA3779D547406FB9FAB1C9915EC0D7C9E02879D54740FB07C490C1915EC0E019C80E85D54740381B86EAC1915EC07BB07BE184D547401B289595CB915EC025D97E8D7FD5474055F833BCD9915EC07219260978D547401BC4BDE8E1915EC023371EC76AD54740996CCA15DE915EC0A7BE04B86AD54740BB7B2535D9915EC051615BF56FD5474044A7E7DDD8915EC0'),
	('2c73411c-0d9e-4ff9-a447-d49f8e09ffa0', 'c_81', 'c_81 meeting place', NULL, '', '010300000001000000080000003E447B061ED54740DE510889D9915EC0CAA99D616AD547406D7F1DEED9915EC03E22B7706AD5474022E6ED63E0915EC0FA89CA8635D547409141C6EDE1915EC09CF75A2B35D547401DAB949EE9915EC0F58051932AD54740330C699EED915EC03E447B061ED54740198AE024F2915EC03E447B061ED54740DE510889D9915EC0'),
	('9572f2fd-be85-440b-aefb-1804422a9ef3', 'c_82', 'c_82 meeting place', NULL, '', '01030000000100000005000000C221872DE2D4474038F92D3AD9915EC0623B84961AD547406D7F1DEED9915EC04D2CB7B41AD547403B06BF68EA915EC0A93BDD79E2D4474011CFC8D6E9915EC0C221872DE2D4474038F92D3AD9915EC0'),
	('dbaebca8-3c77-4588-9acf-7643f19de45d', 'c_83', 'c_83 meeting place', NULL, '', '010300000001000000070000001B1A16A3AED44740860F0E51E0915EC01B1A16A3AED44740A8714749D9915EC0697022FAB5D44740A8714749D9915EC02BFC4C62B5D447409BDA6333D1915EC012838769DFD44740D0ED258DD1915EC00374BA87DFD44740F2785A7EE0915EC01B1A16A3AED44740860F0E51E0915EC0'),
	('3fe46764-4934-45a5-986d-ee115ac9bcc1', 'c_84', 'c_84 meeting place', NULL, '', '010300000001000000050000001130A990E1D447409075278EF2915EC0193F7672E1D447407C5171D2EA915EC07F542F641AD5474016CE7F59EB915EC030D18CEA19D5474042AACDA4F2915EC01130A990E1D447409075278EF2915EC0'),
	('98b57ba8-460c-43bb-8666-7c5734f8931c', 'c_85', 'c_85 meeting place', NULL, '', '0103000000010000000700000068C471851CD54740A629DA66F4915EC0699CE16135D547405D0C079DEB915EC09049A18735D54740C7EAA05CE4915EC003BA51BF66D547404F2AD0DDE4915EC0AF9E10F05AD54740B6ED201BED915EC03EA6D7C11CD54740DDC2047F09925EC068C471851CD54740A629DA66F4915EC0'),
	('950d83fa-fc0b-4995-9a1b-606d58f0a8a2', 'c_86', 'c_86 meeting place', NULL, '', '01030000000100000008000000300DD4731CD54740308A79B10B925EC04EE152DF43D54740754C2723F8915EC019B127CB5AD547409EA8B6E5ED915EC08F8433AE6ED54740E682E96AE1915EC007F9D9C875D54740F51DB237E7915EC07436AB3E57D5474015BFA6BDF7915EC02BD5E3631CD547408E08217B18925EC0300DD4731CD54740308A79B10B925EC0'),
	('b441d408-ec64-4eff-adc9-bcc6796e1783', 'c_88', 'c_88 meeting place', NULL, '', '01030000000100000005000000E083D72E6DD4474070AC3022F6915EC08CB9C6C26BD4474068A384AAE2915EC0CC86FC3383D44740AA9212CCE2915EC0580EE32483D447400BB6114FF6915EC0E083D72E6DD4474070AC3022F6915EC0'),
	('b2c827bb-133a-405a-8135-80b4f1fc47d3', 'c_89', 'c_89 meeting place', NULL, '', '01030000000100000005000000D40D91894AD447401D210379F6915EC04F86AA984AD4474009C95DDFE2915EC0576974626AD4474062E3B0EAE2915EC04A5AA7806AD4474011D20957F6915EC0D40D91894AD447401D210379F6915EC0'),
	('c708d13a-a760-4e08-8bc8-34ca7984d1b6', 'c_90', 'c_90 meeting place', NULL, '', '0103000000010000000600000072C4211B48D447403B18B14F00925EC04EA6875748D4474040530A15F7915EC0C4B71C5487D44740A54929E8F6915EC04A4D8237A4D44740587ECFFEF6915EC04A4D8237A4D4474089E30A3900925EC072C4211B48D447403B18B14F00925EC0'),
	('89df7363-94ec-4898-9a53-4ef9e83cae14', 'c_91', 'c_91 meeting place', NULL, '', '01030000000100000005000000FE1DF6E747D44740176DE92C0E925EC0FE1DF6E747D44740CEDCE80805925EC08D6A227DA4D44740812B346B04925EC0B188BC40A4D44740757DAD4B0D925EC0FE1DF6E747D44740176DE92C0E925EC0'),
	('8ed5500f-12e5-4fee-9676-da1c68771af0', 'c_92', 'c_92 meeting place', NULL, '', '01030000000100000005000000C0BD8D2848D4474083F34EAA22925EC0D0CC5A0A48D447408CA23AC20E925EC0DEEEACDD76D447403A88E7B60E925EC04558F90A77D44740BF3F4A9121925EC0C0BD8D2848D4474083F34EAA22925EC0'),
	('ce944416-b563-48ff-80a0-7f1c0106f16d', 'c_93', 'c_93 meeting place', NULL, '', '0103000000010000000500000073DC950277D44740DB3A93910E925EC08E0EFE34A4D44740D5D97F530E925EC02D34D769A4D44740B9991B1D21925EC04FBEFB3E77D44740A1E1838D21925EC073DC950277D44740DB3A93910E925EC0'),
	('fe90182e-dfa4-480a-9588-a3a1829526d7', 'c_94', 'c_94 meeting place', NULL, '', '0103000000010000000A00000010848659C3D447405FCDA6C846925EC0EA9282B8BCD447404ED5703642925EC0CEE3E60AA5D447406D1ADB6B41925EC0CEE3E60AA5D4474053F624B039925EC0F6CFE4AC99D4474005B89D6C39925EC0C9236E0498D44740BFDDEDD522925EC0906F1173A4D44740711294EC22925EC0D22A55FDA5D44740BF06E9CE38925EC0D621A3A8D8D44740580CE5443B925EC010848659C3D447405FCDA6C846925EC0'),
	('74f134a8-f122-4215-a247-cd56a8c83ccd', 'c_95', 'c_95 meeting place', NULL, '', '01030000000100000005000000764B283394D44740A453573E4B925EC0431EC18D94D44740A146C60F3A925EC0EA02CA4BA3D447408E6AFA473A925EC0FA11972DA3D4474098778B764B925EC0764B283394D44740A453573E4B925EC0'),
	('c8c09335-5f68-41fd-98c1-acb1e91c2a3e', 'c_96', 'c_96 meeting place', NULL, '', '01030000000100000005000000ED5267A494D447400089CB9651925EC0FAE18C0695D447400253BC804D925EC019876643A3D44740DE4B2BCF4D925EC02E963325A3D4474041EB861252925EC0ED5267A494D447400089CB9651925EC0'),
	('4f8c28bc-fde7-4f04-92bf-da2ea7ab8071', 'c_97', 'c_97 meeting place', NULL, '', '0103000000010000000A000000518DA89A6AD44740CDDC8D4F92925EC0299831056BD44740C5854DAE73925EC0436F5DD669D44740B50F1E1263925EC0B881F1C28CD44740206FDB5262925EC01CEB3DF08CD447402A7C6C8173925EC0BE0B5BB395D447408423923273925EC0E029F57695D447401E61623D7F925EC03BC269C18BD447401E61623D7F925EC0F9BD254A8CD44740CDDC8D4F92925EC0518DA89A6AD44740CDDC8D4F92925EC0'),
	('acafc5bf-c867-4a78-bdcd-142dba8b98c6', 'c_98', 'c_98 meeting place', NULL, '', '0103000000010000000600000019A732D648D44740073F49CB92925EC057AB764D48D44740EB22E06B63925EC0D676EB4669D44740B50F1E1263925EC0C09FBF756AD44740AD40E37874925EC02CD16A9269D447403246DA7C92925EC019A732D648D44740073F49CB92925EC0');


--
-- Data for Name: households; Type: TABLE DATA; Schema: public; Owner: postgres
--

INSERT INTO "public"."households" ("id", "cluster_id", "name", "address", "notes", "pets", "accessibility_needs", "geom") VALUES
	('10af73e7-5369-4829-a99d-a5eb17528250', 'd5daa2fc-a736-4872-815f-dd8667e6f553', 'Household1', NULL, NULL, NULL, NULL, NULL),
	('7634648a-f6e8-44d5-929b-e0040e27f83f', 'd5daa2fc-a736-4872-815f-dd8667e6f553', 'Household1', NULL, NULL, NULL, NULL, NULL),
	('3b29a542-71e9-4a34-9ffd-35acb577c711', 'aed8389d-af93-4d92-b00c-a79a212ecd82', NULL, '3057 E LAURELHURST DR NE', NULL, NULL, NULL, NULL),
	('801ed562-a244-45cf-9b21-f1f4788c6265', 'aed8389d-af93-4d92-b00c-a79a212ecd82', NULL, '3049 E LAURELHURST DR NE', NULL, NULL, NULL, NULL),
	('827c4a64-5504-4f55-a172-72b72e97a37a', 'aed8389d-af93-4d92-b00c-a79a212ecd82', NULL, '3045 E LAURELHURST DR NE', NULL, NULL, NULL, NULL),
	('9c97d28f-6c35-4489-aca7-992e41d9b26d', 'aed8389d-af93-4d92-b00c-a79a212ecd82', NULL, '3033 E LAURELHURST DR NE', NULL, NULL, NULL, NULL),
	('af38a954-251b-4d81-a8b8-d1305e39ac08', 'aed8389d-af93-4d92-b00c-a79a212ecd82', NULL, '3023 E LAURELHURST DR NE', NULL, NULL, NULL, NULL),
	('930a816c-43be-4478-a64f-3de695604aa1', 'aed8389d-af93-4d92-b00c-a79a212ecd82', NULL, '3011 E LAURELHURST DR NE', NULL, NULL, NULL, NULL),
	('83c49190-c0b4-4f02-8937-d42a28e2a68d', 'aed8389d-af93-4d92-b00c-a79a212ecd82', NULL, '3004 W LAURELHURST DR NE', NULL, NULL, NULL, NULL),
	('7193e17e-f755-4d82-a4a6-d90330ce6a91', 'aed8389d-af93-4d92-b00c-a79a212ecd82', NULL, '3022 W LAURELHURST DR NE', NULL, NULL, NULL, NULL),
	('d1c81b1b-b619-415e-a271-a81d606bbc09', 'aed8389d-af93-4d92-b00c-a79a212ecd82', NULL, '3030 W LAURELHURST DR NE', NULL, NULL, NULL, NULL),
	('eca7da05-58fc-4403-b199-149a47258032', 'aed8389d-af93-4d92-b00c-a79a212ecd82', NULL, '3040 W LAURELHURST DR NE', NULL, NULL, NULL, NULL),
	('19933d35-2adf-42e6-b9e3-bd0e771fd13b', 'aed8389d-af93-4d92-b00c-a79a212ecd82', NULL, '3054 E LAURELHURST DR NE', NULL, NULL, NULL, NULL),
	('f6b54bd6-3129-4ac7-b1ee-04cefab7106e', 'aed8389d-af93-4d92-b00c-a79a212ecd82', NULL, '3048 E LAURELHURST DR NE', NULL, NULL, NULL, NULL),
	('3b230943-fbe4-4dd1-8b11-8cef1cf8ebba', 'aed8389d-af93-4d92-b00c-a79a212ecd82', NULL, '3042 E LAURELHURST DR NE', NULL, NULL, NULL, NULL),
	('e5945092-3db9-4bc8-86cc-7b843e279d9a', 'aed8389d-af93-4d92-b00c-a79a212ecd82', NULL, '3038 E LAURELHURST DR NE', NULL, NULL, NULL, NULL),
	('a2cc0606-5005-4fe2-87a5-1ed756225ecd', 'aed8389d-af93-4d92-b00c-a79a212ecd82', NULL, '3018 E LAURELHURST DR NE', NULL, NULL, NULL, NULL),
	('f5d79620-56c9-46da-a700-70061f159cb8', 'aed8389d-af93-4d92-b00c-a79a212ecd82', NULL, '3012 E LAURELHURST DR NE', NULL, NULL, NULL, NULL),
	('2ae46c31-1cee-4b00-890a-9fcf0e87a927', 'aed8389d-af93-4d92-b00c-a79a212ecd82', NULL, '3008 E LAURELHURST DR NE', NULL, NULL, NULL, NULL),
	('44df26ed-c12c-49f9-9bd5-f9b816a9b2d2', 'aed8389d-af93-4d92-b00c-a79a212ecd82', NULL, '3027 W LAURELHURST DR NE', NULL, NULL, NULL, NULL),
	('0822aa55-c3ac-4c74-a861-3a084fffe1b8', 'aed8389d-af93-4d92-b00c-a79a212ecd82', NULL, '3033 W LAURELHURST DR NE', NULL, NULL, NULL, NULL),
	('b3902018-02a4-4528-b082-b8d07b501678', 'aed8389d-af93-4d92-b00c-a79a212ecd82', NULL, '3008 WEBSTER POINT RD NE', NULL, NULL, NULL, NULL),
	('c06d4389-a215-44f8-99f0-bd4d7528ad2a', 'aed8389d-af93-4d92-b00c-a79a212ecd82', NULL, '3008 W LAURELHURST DR NE', NULL, NULL, NULL, NULL),
	('c2969399-5a38-4343-9513-2718fe21c138', 'aed8389d-af93-4d92-b00c-a79a212ecd82', NULL, '3011 WEBSTER POINT RD NE', NULL, NULL, NULL, NULL),
	('79a3b917-9e3e-4655-b325-72a7d3224c43', 'aed8389d-af93-4d92-b00c-a79a212ecd82', NULL, '3007 WEBSTER POINT RD NE', NULL, NULL, NULL, NULL),
	('ad966272-1483-4db6-9db7-733034ebbaa3', 'aed8389d-af93-4d92-b00c-a79a212ecd82', NULL, '3005 WEBSTER POINT RD NE', NULL, NULL, NULL, NULL),
	('46f2ea13-dcc6-4757-99b2-bee47c99f319', 'aed8389d-af93-4d92-b00c-a79a212ecd82', NULL, '3001 WEBSTER POINT RD NE', NULL, NULL, NULL, NULL),
	('04d304b4-be01-4ff7-9f38-fdaa240174a0', 'aed8389d-af93-4d92-b00c-a79a212ecd82', NULL, '3000 WEBSTER POINT RD NE', NULL, NULL, NULL, NULL),
	('bd203fb8-634c-4297-bf17-12a77a032825', 'aed8389d-af93-4d92-b00c-a79a212ecd82', NULL, '3006 WEBSTER POINT RD NE', NULL, NULL, NULL, NULL),
	('79d9a22b-233d-454e-bad5-1938a11ce721', 'aed8389d-af93-4d92-b00c-a79a212ecd82', NULL, '3004 WEBSTER POINT RD NE', NULL, NULL, NULL, NULL),
	('326043df-7950-4cf5-9103-bbc896127f17', 'd315624d-32bb-4f2c-b4d8-24ea9d696241', NULL, '3211 W LAURELHURST DR NE', NULL, NULL, NULL, NULL),
	('d8918b65-a4fa-419c-b269-3a6a82e7534f', 'd315624d-32bb-4f2c-b4d8-24ea9d696241', NULL, '3201 W LAURELHURST DR NE', NULL, NULL, NULL, NULL),
	('f3e17a38-f7b2-4c2c-bbc7-f32034f08f2c', 'd315624d-32bb-4f2c-b4d8-24ea9d696241', NULL, '3164 W LAURELHURST DR NE', NULL, NULL, NULL, NULL),
	('2b7ab495-2259-49e7-b46e-d169a0d30e7b', 'd315624d-32bb-4f2c-b4d8-24ea9d696241', NULL, '3102 W LAURELHURST DR NE', NULL, NULL, NULL, NULL),
	('34b6561a-11be-45e8-b0b9-7ba965e87837', 'd315624d-32bb-4f2c-b4d8-24ea9d696241', NULL, '3110 W LAURELHURST DR NE', NULL, NULL, NULL, NULL),
	('ac5cd2d7-ed05-4045-9da5-5aafe59164e9', 'd315624d-32bb-4f2c-b4d8-24ea9d696241', NULL, '3126 W LAURELHURST DR NE', NULL, NULL, NULL, NULL),
	('c4571050-8659-46b9-9846-7475b23661a5', 'd315624d-32bb-4f2c-b4d8-24ea9d696241', NULL, '3132 W LAURELHURST DR NE', NULL, NULL, NULL, NULL),
	('50d7e0ff-62b5-4223-8b6d-d3a14f6db242', 'd315624d-32bb-4f2c-b4d8-24ea9d696241', NULL, '3144 W LAURELHURST DR NE', NULL, NULL, NULL, NULL),
	('a6527305-6d8b-4d6e-8bfb-d4044442b860', 'd315624d-32bb-4f2c-b4d8-24ea9d696241', NULL, '3150 W LAURELHURST DR NE', NULL, NULL, NULL, NULL),
	('25067ca9-04fe-4187-adbf-97f5bba2a920', 'd315624d-32bb-4f2c-b4d8-24ea9d696241', NULL, '3156 W LAURELHURST DR NE', NULL, NULL, NULL, NULL),
	('7ec9cfb2-d3d5-46a2-82b2-2e32a7c604b1', 'd315624d-32bb-4f2c-b4d8-24ea9d696241', NULL, '3163 W LAURELHURST DR NE', NULL, NULL, NULL, NULL),
	('e975382b-7469-4943-a69f-f0a91ea8a09a', 'd315624d-32bb-4f2c-b4d8-24ea9d696241', NULL, '3155 W LAURELHURST DR NE', NULL, NULL, NULL, NULL),
	('0fac262d-19d9-43cb-989e-0a46052705bd', 'd315624d-32bb-4f2c-b4d8-24ea9d696241', NULL, '3151 W LAURELHURST DR NE', NULL, NULL, NULL, NULL),
	('9b857274-6bfa-4191-b376-24ec8e49074b', 'd315624d-32bb-4f2c-b4d8-24ea9d696241', NULL, '3143 W LAURELHURST DR NE', NULL, NULL, NULL, NULL),
	('cd70c844-846c-49c9-b10a-61e17947b53d', 'd315624d-32bb-4f2c-b4d8-24ea9d696241', NULL, '3137 W LAURELHURST DR NE', NULL, NULL, NULL, NULL),
	('76498700-c8d1-47fa-9e26-bbc785922565', 'd315624d-32bb-4f2c-b4d8-24ea9d696241', NULL, '3129 W LAURELHURST DR NE', NULL, NULL, NULL, NULL),
	('007b95de-60c9-482e-a5b8-368487086b93', 'd315624d-32bb-4f2c-b4d8-24ea9d696241', NULL, '3121 W LAURELHURST DR NE', NULL, NULL, NULL, NULL),
	('dd05e9a0-16ab-45a2-9424-ef312c78e24c', 'd315624d-32bb-4f2c-b4d8-24ea9d696241', NULL, '3115 W LAURELHURST DR NE', NULL, NULL, NULL, NULL),
	('82356f0a-f3f6-4d73-8039-38584115c0e2', 'd315624d-32bb-4f2c-b4d8-24ea9d696241', NULL, '3109 W LAURELHURST DR NE', NULL, NULL, NULL, NULL),
	('2619eb86-b846-4fa6-ae73-05a827995685', 'd315624d-32bb-4f2c-b4d8-24ea9d696241', NULL, '3101 W LAURELHURST DR NE', NULL, NULL, NULL, NULL),
	('10941042-78b1-4222-afbe-2db7f3e88539', '7d6506ac-135b-4bd0-9c35-0e853b4553c4', NULL, '3156 E LAURELHURST DR NE', NULL, NULL, NULL, NULL),
	('977943a7-eea9-48d0-b524-0adac56da09d', '7d6506ac-135b-4bd0-9c35-0e853b4553c4', NULL, '3150 E LAURELHURST DR NE', NULL, NULL, NULL, NULL),
	('dd32d771-893e-4469-8dc6-d95bab5dc2d4', '7d6506ac-135b-4bd0-9c35-0e853b4553c4', NULL, '3140 E LAURELHURST DR NE', NULL, NULL, NULL, NULL),
	('823343fb-402a-469c-ad4b-063f8802feed', '7d6506ac-135b-4bd0-9c35-0e853b4553c4', NULL, '3134 E LAURELHURST DR NE', NULL, NULL, NULL, NULL),
	('795ec714-7a43-4d87-8e7d-19bdc1322a18', '7d6506ac-135b-4bd0-9c35-0e853b4553c4', NULL, '3128 E LAURELHURST DR NE', NULL, NULL, NULL, NULL),
	('3442e534-e982-4d41-9e85-d77e21198592', '7d6506ac-135b-4bd0-9c35-0e853b4553c4', NULL, '3124 E LAURELHURST DR NE', NULL, NULL, NULL, NULL),
	('e24072a2-79bf-4829-a170-c889b9ae97e6', '7d6506ac-135b-4bd0-9c35-0e853b4553c4', NULL, '3120 E LAURELHURST DR NE', NULL, NULL, NULL, NULL),
	('85eeb02e-dc9b-4e4c-9819-9f2f9794f074', '7d6506ac-135b-4bd0-9c35-0e853b4553c4', NULL, '3112 E LAURELHURST DR NE', NULL, NULL, NULL, NULL),
	('03b62c04-c432-43e4-8cb1-cd864be61ee7', '7d6506ac-135b-4bd0-9c35-0e853b4553c4', NULL, '3100 E LAURELHURST DR NE', NULL, NULL, NULL, NULL),
	('676e2963-a046-426a-b108-d555fd896945', '7d6506ac-135b-4bd0-9c35-0e853b4553c4', NULL, '4505 NE 33RD ST', NULL, NULL, NULL, NULL),
	('3e3cb69c-9eee-40ea-9e25-1cadaec4a83b', '7d6506ac-135b-4bd0-9c35-0e853b4553c4', NULL, '3151 E LAURELHURST DR NE', NULL, NULL, NULL, NULL),
	('a5d4533c-a120-40f1-988f-ce51ab54f145', '7d6506ac-135b-4bd0-9c35-0e853b4553c4', NULL, '3145 E LAURELHURST DR NE', NULL, NULL, NULL, NULL),
	('99cd91cb-3491-40a5-886e-df51e589df1f', '7d6506ac-135b-4bd0-9c35-0e853b4553c4', NULL, '3141 E LAURELHURST DR NE', NULL, NULL, NULL, NULL),
	('fb33f340-8ab8-49a8-aebe-d76b2a540626', '7d6506ac-135b-4bd0-9c35-0e853b4553c4', NULL, '3135 E LAURELHURST DR NE', NULL, NULL, NULL, NULL),
	('c42db9d7-9dd7-4ba5-bc2e-166b6d86e1da', '7d6506ac-135b-4bd0-9c35-0e853b4553c4', NULL, '3131 E LAURELHURST DR NE', NULL, NULL, NULL, NULL),
	('4b111b2f-8771-436f-95b2-be7f88aa3f9b', '7d6506ac-135b-4bd0-9c35-0e853b4553c4', NULL, '3125 E LAURELHURST DR NE', NULL, NULL, NULL, NULL),
	('2e6def66-da6f-42d4-8048-084d31cb754e', '7d6506ac-135b-4bd0-9c35-0e853b4553c4', NULL, '3109 E LAURELHURST DR NE', NULL, NULL, NULL, NULL),
	('c27a8011-55c9-4439-959b-3cb21ac6e5f1', '9d980fef-c192-4678-aef5-bdae8cfd289c', NULL, '3222 43RD AVE NE', NULL, NULL, NULL, NULL),
	('973a9110-930c-4907-a40e-784d51c9cac4', '9d980fef-c192-4678-aef5-bdae8cfd289c', NULL, '3203 43RD AVE NE', NULL, NULL, NULL, NULL),
	('cc09eadc-eeb5-4123-aac6-f23c8d31f5b0', '9d980fef-c192-4678-aef5-bdae8cfd289c', NULL, '4315 NE 33RD ST', NULL, NULL, NULL, NULL),
	('583a7c9e-4e3d-44c1-9255-657b2d5d9658', '9d980fef-c192-4678-aef5-bdae8cfd289c', NULL, '3201 43RD AVE NE', NULL, NULL, NULL, NULL),
	('a785d7fa-0407-4560-a560-98f264c938df', '9d980fef-c192-4678-aef5-bdae8cfd289c', NULL, '3223 43RD AVE NE', NULL, NULL, NULL, NULL),
	('ba3b120f-af47-45b1-acbe-da43d243828f', '9d980fef-c192-4678-aef5-bdae8cfd289c', NULL, '4227 NE 33RD ST', NULL, NULL, NULL, NULL),
	('7e778362-33a7-40e8-9c58-a3db7c6ddd8d', '9d980fef-c192-4678-aef5-bdae8cfd289c', NULL, '4229 NE 33RD ST', NULL, NULL, NULL, NULL),
	('e8160a3f-9ee9-4745-b04d-c09ebcace73e', '9d980fef-c192-4678-aef5-bdae8cfd289c', NULL, '4223 NE 33RD ST', NULL, NULL, NULL, NULL),
	('417600d3-cd8b-4f43-84b2-efd1552a876e', '9d980fef-c192-4678-aef5-bdae8cfd289c', NULL, '4219 NE 33RD ST', NULL, NULL, NULL, NULL),
	('1a6922a9-cb17-42a0-8cc2-e1dfce0f895b', '9d980fef-c192-4678-aef5-bdae8cfd289c', NULL, '4215 NE 33RD ST', NULL, NULL, NULL, NULL),
	('25a9d254-2f5b-405e-b674-fc928107d944', '9d980fef-c192-4678-aef5-bdae8cfd289c', NULL, '4207 NE 33RD ST', NULL, NULL, NULL, NULL),
	('d1f22e5a-9071-4fd5-ace5-4768a651c14a', '9d980fef-c192-4678-aef5-bdae8cfd289c', NULL, '4203 NE 33RD ST', NULL, NULL, NULL, NULL),
	('9b448d46-c090-4132-b9a3-d099b420d3fc', '9d980fef-c192-4678-aef5-bdae8cfd289c', NULL, '4201 NE 33RD ST', NULL, NULL, NULL, NULL),
	('045e7ace-c083-4de3-8232-0fa138f5fec4', '9d980fef-c192-4678-aef5-bdae8cfd289c', NULL, '3323 43RD AVE NE', NULL, NULL, NULL, NULL),
	('e89bfb1c-615c-446f-8f71-1612985fcbe4', '9d980fef-c192-4678-aef5-bdae8cfd289c', NULL, '3305 43RD AVE NE', NULL, NULL, NULL, NULL),
	('95bb6dd4-24c3-425c-b031-1e76f580c74f', '9d980fef-c192-4678-aef5-bdae8cfd289c', NULL, '4303 NE 33RD ST', NULL, NULL, NULL, NULL),
	('90ad36a2-662a-4456-a3e8-86ddc1034504', 'f7bed757-13bd-4d8c-8f90-2f741b3cb35d', NULL, '3323 46TH AVE NE', NULL, NULL, NULL, NULL),
	('ce173af8-9fe1-40aa-9368-ef76e366dd0e', 'f7bed757-13bd-4d8c-8f90-2f741b3cb35d', NULL, '3315 W LAURELHURST DR NE', NULL, NULL, NULL, NULL),
	('11fdbeec-be8c-4a9a-94de-5cf29d46e375', 'f7bed757-13bd-4d8c-8f90-2f741b3cb35d', NULL, '3303 E LAURELHURST DR NE', NULL, NULL, NULL, NULL),
	('77da437c-deb5-4c62-99e7-c075f7e81aba', 'f7bed757-13bd-4d8c-8f90-2f741b3cb35d', NULL, '3355 E LAURELHURST DR NE', NULL, NULL, NULL, NULL),
	('aa8b71d5-e414-4b88-a1d6-c104ddb81e03', 'f7bed757-13bd-4d8c-8f90-2f741b3cb35d', NULL, '3408 E LAURELHURST DR NE', NULL, NULL, NULL, NULL),
	('6166f435-2448-4de5-a8a5-3e9a3c52c46b', 'f7bed757-13bd-4d8c-8f90-2f741b3cb35d', NULL, '3402 E LAURELHURST DR NE', NULL, NULL, NULL, NULL),
	('07aed3fb-7d4f-4bd6-99cc-fcd26e127d41', 'f7bed757-13bd-4d8c-8f90-2f741b3cb35d', NULL, '3400 E LAURELHURST DR NE', NULL, NULL, NULL, NULL),
	('76fb4830-8aed-402b-ab9f-1de4f5a0ba58', 'f7bed757-13bd-4d8c-8f90-2f741b3cb35d', NULL, '3368 E LAURELHURST DR NE', NULL, NULL, NULL, NULL),
	('87462031-f1e3-4b06-a013-c4a800f81e42', 'f7bed757-13bd-4d8c-8f90-2f741b3cb35d', NULL, '3360 E LAURELHURST DR NE', NULL, NULL, NULL, NULL),
	('8a509f5a-ba5b-448b-8e8e-54da0cce0355', 'f7bed757-13bd-4d8c-8f90-2f741b3cb35d', NULL, '3354 E LAURELHURST DR NE', NULL, NULL, NULL, NULL),
	('a647d0f7-a7dd-4376-995f-e6d308952e17', 'f7bed757-13bd-4d8c-8f90-2f741b3cb35d', NULL, '3324 E LAURELHURST DR NE', NULL, NULL, NULL, NULL),
	('9db3eae5-9b7e-46eb-804c-ee52e4b9f3d2', 'f7bed757-13bd-4d8c-8f90-2f741b3cb35d', NULL, '3316 E LAURELHURST DR NE', NULL, NULL, NULL, NULL),
	('46ef0e06-5f99-4dcd-bf5c-5e0924f2aecf', 'f7bed757-13bd-4d8c-8f90-2f741b3cb35d', NULL, '3310 E LAURELHURST DR NE', NULL, NULL, NULL, NULL),
	('5c1e643c-d8ee-4907-af22-7c20145ab4b1', 'f7bed757-13bd-4d8c-8f90-2f741b3cb35d', NULL, '3302 E LAURELHURST DR NE', NULL, NULL, NULL, NULL),
	('7db6ec5a-82a8-48bc-9722-11ce94995037', '484cd50b-6ee6-44a9-959b-e19eaf73dcf2', NULL, '5183 NE LAURELCREST LN', NULL, NULL, NULL, NULL),
	('a342b756-28ed-4700-a80e-c89515acc509', '484cd50b-6ee6-44a9-959b-e19eaf73dcf2', NULL, '5175 NE LAURELCREST LN', NULL, NULL, NULL, NULL),
	('859a1caf-7c8f-45b9-9ed7-a279bbc2819c', '484cd50b-6ee6-44a9-959b-e19eaf73dcf2', NULL, '5169 NE LAURELCREST LN', NULL, NULL, NULL, NULL),
	('a248ee4e-f0a1-4c8d-b7d5-f147348fcf69', '484cd50b-6ee6-44a9-959b-e19eaf73dcf2', NULL, '5161 NE LAURELCREST LN', NULL, NULL, NULL, NULL),
	('01b3333b-4a8e-41be-8f04-c0748012df39', '484cd50b-6ee6-44a9-959b-e19eaf73dcf2', NULL, '5155 NE LAURELCREST LN', NULL, NULL, NULL, NULL),
	('361e3fcf-6a4b-432a-b37d-d4ce97c5a6c1', '484cd50b-6ee6-44a9-959b-e19eaf73dcf2', NULL, '5143 NE LAURELCREST LN', NULL, NULL, NULL, NULL),
	('b58c56f5-29ec-4600-8d3f-297ae816c73e', '484cd50b-6ee6-44a9-959b-e19eaf73dcf2', NULL, '5135 NE LAURELCREST LN', NULL, NULL, NULL, NULL),
	('d113fbb6-2e2e-49ff-877e-7dc8540b5d15', '484cd50b-6ee6-44a9-959b-e19eaf73dcf2', NULL, '5131 NE LAURELCREST LN', NULL, NULL, NULL, NULL),
	('ab4da7d0-8dcd-45cd-b656-d50a16963d93', '484cd50b-6ee6-44a9-959b-e19eaf73dcf2', NULL, '5129 NE LAURELCREST LN', NULL, NULL, NULL, NULL),
	('727fd0ea-4f9e-4126-9a44-982afb1476b1', '484cd50b-6ee6-44a9-959b-e19eaf73dcf2', NULL, '5117 NE LAURELCREST LN', NULL, NULL, NULL, NULL),
	('eef0106d-eb70-469f-a5c4-63e2c530cdde', '484cd50b-6ee6-44a9-959b-e19eaf73dcf2', NULL, '5111 NE LAURELCREST LN', NULL, NULL, NULL, NULL),
	('dd52d90e-3999-4ee1-8877-e85cef9017fb', '484cd50b-6ee6-44a9-959b-e19eaf73dcf2', NULL, '5101 NE LAURELCREST LN', NULL, NULL, NULL, NULL),
	('1a67569e-6cd8-41dc-a0ca-775662fdccff', '484cd50b-6ee6-44a9-959b-e19eaf73dcf2', NULL, '4951 NE LAURELCREST LN', NULL, NULL, NULL, NULL),
	('d3c408aa-e5a3-42ee-9c78-766526d459ca', '484cd50b-6ee6-44a9-959b-e19eaf73dcf2', NULL, '4959 NE LAURELCREST LN', NULL, NULL, NULL, NULL),
	('6673a2a0-1892-4ad9-a179-cfceeb7a59c8', '484cd50b-6ee6-44a9-959b-e19eaf73dcf2', NULL, '4949 NE LAURELCREST LN', NULL, NULL, NULL, NULL),
	('9261f697-86f0-4282-b928-77346869b08b', '484cd50b-6ee6-44a9-959b-e19eaf73dcf2', NULL, '4939 NE LAURELCREST LN', NULL, NULL, NULL, NULL),
	('d2bcc774-71b0-4b2d-99e5-b7fdd071ec14', '484cd50b-6ee6-44a9-959b-e19eaf73dcf2', NULL, '4919 NE LAURELCREST LN', NULL, NULL, NULL, NULL),
	('c90b0948-3bdf-44a4-80d8-73861c93dd02', '484cd50b-6ee6-44a9-959b-e19eaf73dcf2', NULL, '4911 NE LAURELCREST LN', NULL, NULL, NULL, NULL),
	('ebac4b19-fafa-43ee-9f46-f762462f367e', '484cd50b-6ee6-44a9-959b-e19eaf73dcf2', NULL, '5037 NE LAURELCREST LN', NULL, NULL, NULL, NULL),
	('64a6ac60-81fc-40d5-8fa5-df29026ac586', '484cd50b-6ee6-44a9-959b-e19eaf73dcf2', NULL, '5025 NE LAURELCREST LN', NULL, NULL, NULL, NULL),
	('873c1ba0-e1d8-49a8-9abe-c8b2758c642a', '484cd50b-6ee6-44a9-959b-e19eaf73dcf2', NULL, '5017 NE LAURELCREST LN', NULL, NULL, NULL, NULL),
	('99ef4669-1674-423b-bf26-5390b0764c8e', '484cd50b-6ee6-44a9-959b-e19eaf73dcf2', NULL, '5012 NE LAURELCREST LN', NULL, NULL, NULL, NULL),
	('84c2d078-c90c-48f7-9232-4bef05da838e', '484cd50b-6ee6-44a9-959b-e19eaf73dcf2', NULL, '5005 NE LAURELCREST LN', NULL, NULL, NULL, NULL),
	('b06383eb-bb61-47b4-8f93-dce3c6d08bbc', '484cd50b-6ee6-44a9-959b-e19eaf73dcf2', NULL, '5001 NE LAURELCREST LN', NULL, NULL, NULL, NULL),
	('aa8c2d60-61c7-4480-931d-e11b7330980f', '484cd50b-6ee6-44a9-959b-e19eaf73dcf2', NULL, '4000 55TH AVE NE', NULL, NULL, NULL, NULL),
	('07eafd8e-3514-4bfb-85d3-6e0101c50afe', '80ce4743-a002-42f2-939d-af3bcd4dcae3', NULL, '3419 47TH AVE NE', NULL, NULL, NULL, NULL),
	('3888c2b6-a614-445c-a204-e90cceeb32fc', '80ce4743-a002-42f2-939d-af3bcd4dcae3', NULL, '3389 47TH AVE NE', NULL, NULL, NULL, NULL),
	('7d219740-33d2-4c28-8e78-e513696c14cd', '80ce4743-a002-42f2-939d-af3bcd4dcae3', NULL, '3379 47TH AVE NE', NULL, NULL, NULL, NULL),
	('e2b69231-7b6a-4b29-be71-8861a0290cd9', '80ce4743-a002-42f2-939d-af3bcd4dcae3', NULL, '3373 47TH AVE NE', NULL, NULL, NULL, NULL),
	('a120ee28-720c-4fa9-80df-965662725237', '80ce4743-a002-42f2-939d-af3bcd4dcae3', NULL, '3431 E LAURELHURST DR NE', NULL, NULL, NULL, NULL),
	('6a5823dc-2f43-4216-b13b-ec20001b4c5a', '80ce4743-a002-42f2-939d-af3bcd4dcae3', NULL, '3419 E LAURELHURST DR NE', NULL, NULL, NULL, NULL),
	('6f16d426-ca77-4ec7-8a46-c589a265539e', '80ce4743-a002-42f2-939d-af3bcd4dcae3', NULL, '3413 E LAURELHURST DR NE', NULL, NULL, NULL, NULL),
	('dd9b75c3-e2cd-4a25-bf8d-b168c9279c7e', '80ce4743-a002-42f2-939d-af3bcd4dcae3', NULL, '3410 47TH AVE NE', NULL, NULL, NULL, NULL),
	('f46f361d-a280-49bc-b0c4-2853896aec56', '80ce4743-a002-42f2-939d-af3bcd4dcae3', NULL, '3503 47TH AVE NE', NULL, NULL, NULL, NULL),
	('840c9241-c19b-412d-8f86-f6e38eca4ec9', '80ce4743-a002-42f2-939d-af3bcd4dcae3', NULL, '3507 47TH AVE NE', NULL, NULL, NULL, NULL),
	('f8df05db-28c1-44de-b553-fb1a68cf1a82', '80ce4743-a002-42f2-939d-af3bcd4dcae3', NULL, '3506 47TH AVE NE', NULL, NULL, NULL, NULL),
	('886dd7f5-f8a5-4f63-84e4-6ff12debaf23', '80ce4743-a002-42f2-939d-af3bcd4dcae3', NULL, '4711 NE 36TH ST', NULL, NULL, NULL, NULL),
	('12d2b1bb-57c2-498a-adce-b3f4869d75ea', '80ce4743-a002-42f2-939d-af3bcd4dcae3', NULL, '4723 NE 36TH ST', NULL, NULL, NULL, NULL),
	('b0a50c68-419f-4d04-a3fb-5dafb9955cc2', '80ce4743-a002-42f2-939d-af3bcd4dcae3', NULL, '4727 NE 36TH ST', NULL, NULL, NULL, NULL),
	('67139a79-eba2-462c-807b-953b58912e31', 'd9bb6d5b-f7dc-4c4d-ab68-d0b3da4d1f95', NULL, '3391 46TH AVE NE', NULL, NULL, NULL, NULL),
	('c4d2c94e-e760-4734-8e14-50a77b41bd5f', 'd9bb6d5b-f7dc-4c4d-ab68-d0b3da4d1f95', NULL, '3387 46TH AVE NE', NULL, NULL, NULL, NULL),
	('027e270e-2679-4741-b002-fc32170b6954', 'd9bb6d5b-f7dc-4c4d-ab68-d0b3da4d1f95', NULL, '3381 46TH AVE NE', NULL, NULL, NULL, NULL),
	('6d424f09-f5dd-4464-8d11-85e03b7cea4b', 'd9bb6d5b-f7dc-4c4d-ab68-d0b3da4d1f95', NULL, '3371 46TH AVE NE', NULL, NULL, NULL, NULL),
	('7d3a886b-8e80-4891-8cfe-78a73857e11f', 'd9bb6d5b-f7dc-4c4d-ab68-d0b3da4d1f95', NULL, '3367 46TH AVE NE', NULL, NULL, NULL, NULL),
	('d4618f44-180f-4803-bc55-814515a3a324', 'd9bb6d5b-f7dc-4c4d-ab68-d0b3da4d1f95', NULL, '3361 46TH AVE NE', NULL, NULL, NULL, NULL),
	('f4fb8b12-6692-47cb-8daa-d8cdbf1ab311', 'd9bb6d5b-f7dc-4c4d-ab68-d0b3da4d1f95', NULL, '3357 46TH AVE NE', NULL, NULL, NULL, NULL),
	('f766bc98-876e-4ef2-bc5d-75481bd7a3f4', 'd9bb6d5b-f7dc-4c4d-ab68-d0b3da4d1f95', NULL, '3370 46TH AVE NE', NULL, NULL, NULL, NULL),
	('b949281d-e3c2-4035-aab7-797bed5e9596', 'd9bb6d5b-f7dc-4c4d-ab68-d0b3da4d1f95', NULL, '3376 46TH AVE NE', NULL, NULL, NULL, NULL),
	('0e4206c1-5000-422a-82fb-031a089f426a', 'd9bb6d5b-f7dc-4c4d-ab68-d0b3da4d1f95', NULL, '3380 46TH AVE NE', NULL, NULL, NULL, NULL),
	('f2a2e451-4fe2-44eb-b30e-26540bffbf07', 'd9bb6d5b-f7dc-4c4d-ab68-d0b3da4d1f95', NULL, '3386 46TH AVE NE', NULL, NULL, NULL, NULL),
	('b74813a9-d1e1-4b64-9adc-7ed6b264d739', 'd9bb6d5b-f7dc-4c4d-ab68-d0b3da4d1f95', NULL, '3396 46TH AVE NE', NULL, NULL, NULL, NULL),
	('bc5a9f7e-9dc0-4786-b547-c239e8086d87', 'd9bb6d5b-f7dc-4c4d-ab68-d0b3da4d1f95', NULL, '3501 46TH AVE NE', NULL, NULL, NULL, NULL),
	('34b49cb7-176a-4775-813d-fd8f289d0df9', 'd9bb6d5b-f7dc-4c4d-ab68-d0b3da4d1f95', NULL, '3507 46TH AVE NE', NULL, NULL, NULL, NULL),
	('52c4bb1d-ab12-43b5-b12b-06f43271de86', 'd9bb6d5b-f7dc-4c4d-ab68-d0b3da4d1f95', NULL, '3500 46TH AVE NE', NULL, NULL, NULL, NULL),
	('b4d52abc-9f03-4178-8d2c-de539f74896c', '894b9687-442b-4376-a9d1-58ac5924e69c', NULL, '3601 47TH AVE NE', NULL, NULL, NULL, NULL),
	('89c334f8-952c-45f0-9884-249b96e5f3d3', '894b9687-442b-4376-a9d1-58ac5924e69c', NULL, '3607 47TH AVE NE', NULL, NULL, NULL, NULL),
	('59183bef-968d-48b5-a2ca-3a5138f1bb51', '894b9687-442b-4376-a9d1-58ac5924e69c', NULL, '3617 47TH AVE NE', NULL, NULL, NULL, NULL),
	('588315fc-fae3-41e3-89ea-f73b13b50ebc', '894b9687-442b-4376-a9d1-58ac5924e69c', NULL, '3625 47TH AVE NE', NULL, NULL, NULL, NULL),
	('37136bf6-bc54-4f0b-a73f-2430c4b62c56', '894b9687-442b-4376-a9d1-58ac5924e69c', NULL, '3612 47TH AVE NE', NULL, NULL, NULL, NULL),
	('81f5b20b-50fd-4710-a50f-370fcd01e85c', '894b9687-442b-4376-a9d1-58ac5924e69c', NULL, '3608 47TH AVE NE', NULL, NULL, NULL, NULL),
	('6377bd3a-408a-4028-b446-dfbeebb4cfa0', '894b9687-442b-4376-a9d1-58ac5924e69c', NULL, '3602 47TH AVE NE', NULL, NULL, NULL, NULL),
	('eaf3b442-47cf-4732-bb00-40ed1f727bd3', '894b9687-442b-4376-a9d1-58ac5924e69c', NULL, '4714 NE 36TH ST', NULL, NULL, NULL, NULL),
	('a07415c3-9c53-423f-9b9a-7fbf056787db', '894b9687-442b-4376-a9d1-58ac5924e69c', NULL, '4720 NE 36TH ST', NULL, NULL, NULL, NULL),
	('44abee92-33e2-47f8-a52c-d29a3dc81ecd', '574d1940-412d-4c6d-88b4-4906c88d0396', NULL, '3511 46TH AVE NE', NULL, NULL, NULL, NULL),
	('41cce05b-ccf6-48b9-97ba-14d24fd71a69', '574d1940-412d-4c6d-88b4-4906c88d0396', NULL, '3515 46TH AVE NE', NULL, NULL, NULL, NULL),
	('54b99bb5-98a3-48fc-a255-0f90be405f9b', '574d1940-412d-4c6d-88b4-4906c88d0396', NULL, '3521 46TH AVE NE', NULL, NULL, NULL, NULL),
	('b3198f71-b7a5-43d6-ad06-a1fe3a94ff8b', '574d1940-412d-4c6d-88b4-4906c88d0396', NULL, '3527 46TH AVE NE', NULL, NULL, NULL, NULL),
	('f55d529d-b874-4977-ba8b-3fb866124b87', '574d1940-412d-4c6d-88b4-4906c88d0396', NULL, '3533 46TH AVE NE', NULL, NULL, NULL, NULL),
	('12a34e26-00e2-479c-ab22-175c18167e22', '574d1940-412d-4c6d-88b4-4906c88d0396', NULL, '3537 46TH AVE NE', NULL, NULL, NULL, NULL),
	('c6c68d6d-4cef-4ae3-88b1-2968584d4a51', '574d1940-412d-4c6d-88b4-4906c88d0396', NULL, '3543 46TH AVE NE', NULL, NULL, NULL, NULL),
	('95396be7-4993-4b30-bf27-a92acc7117ea', '574d1940-412d-4c6d-88b4-4906c88d0396', NULL, '3545 46TH AVE NE', NULL, NULL, NULL, NULL),
	('5a0e030b-43f5-4448-96a2-ad4a85b57bc6', '574d1940-412d-4c6d-88b4-4906c88d0396', NULL, '4603 NE 38TH ST', NULL, NULL, NULL, NULL),
	('a42766e4-f835-49bc-9664-92ae23f23a52', '574d1940-412d-4c6d-88b4-4906c88d0396', NULL, '3534 46TH AVE NE', NULL, NULL, NULL, NULL),
	('fb6964fa-fa8d-4ce2-8f86-8f2c98b0d147', '574d1940-412d-4c6d-88b4-4906c88d0396', NULL, '3528 46TH AVE NE', NULL, NULL, NULL, NULL),
	('3a91450a-18d9-4012-a86c-4b8e768ba6b7', '574d1940-412d-4c6d-88b4-4906c88d0396', NULL, '3522 46TH AVE NE', NULL, NULL, NULL, NULL),
	('51eab0a8-a56f-4ff9-824d-3265de4b5a3d', '574d1940-412d-4c6d-88b4-4906c88d0396', NULL, '3516 46TH AVE NE', NULL, NULL, NULL, NULL),
	('8c03e510-a282-4e0f-a189-8b383b20690c', '79a79bd5-992b-4444-ba14-ab84752a2acf', NULL, '3415 45TH AVE NE', NULL, NULL, NULL, NULL),
	('da2391de-5427-42c8-81e8-e41005171465', '79a79bd5-992b-4444-ba14-ab84752a2acf', NULL, '3411 45TH AVE NE', NULL, NULL, NULL, NULL),
	('c47f2af7-eba4-47e1-991b-a3370f3395b5', '79a79bd5-992b-4444-ba14-ab84752a2acf', NULL, '4511 NE 38TH ST', NULL, NULL, NULL, NULL),
	('cd300a02-bd7d-43ae-a8df-cceff424170a', '79a79bd5-992b-4444-ba14-ab84752a2acf', NULL, '3542 45TH AVE NE', NULL, NULL, NULL, NULL),
	('e5b151b6-4071-4686-b93d-ea521a4d57af', '79a79bd5-992b-4444-ba14-ab84752a2acf', NULL, '3536 45TH AVE NE', NULL, NULL, NULL, NULL),
	('651a79ac-8979-4048-95e7-0fdbeed946e6', '79a79bd5-992b-4444-ba14-ab84752a2acf', NULL, '3532 45TH AVE NE', NULL, NULL, NULL, NULL),
	('7a8d70cc-26fd-426b-bccd-0a975e34b463', '79a79bd5-992b-4444-ba14-ab84752a2acf', NULL, '3528 45TH AVE NE', NULL, NULL, NULL, NULL),
	('189fcb51-2fdc-4c40-a839-422e4e9f3499', '79a79bd5-992b-4444-ba14-ab84752a2acf', NULL, '3514 45TH AVE NE', NULL, NULL, NULL, NULL),
	('76b61ef2-d59e-40b1-b017-c21ede279f09', '79a79bd5-992b-4444-ba14-ab84752a2acf', NULL, '3503 45TH AVE NE', NULL, NULL, NULL, NULL),
	('20d5d584-d273-4d81-9af3-e81c253f4d81', '9968aa01-4a4b-4dee-9c6d-1364bdc29c81', NULL, '3600 W LAURELHURST DR NE', NULL, NULL, NULL, NULL),
	('586393c6-339d-4051-a235-39f3d685e444', '9968aa01-4a4b-4dee-9c6d-1364bdc29c81', NULL, '3530 W LAURELHURST DR NE', NULL, NULL, NULL, NULL),
	('8dcd3f3d-6d7a-413c-bf93-cde9a25456f9', '9968aa01-4a4b-4dee-9c6d-1364bdc29c81', NULL, '3524 W LAURELHURST DR NE', NULL, NULL, NULL, NULL),
	('4f31b168-20f4-4685-b747-9580e0683a2c', '9968aa01-4a4b-4dee-9c6d-1364bdc29c81', NULL, '3504 W LAURELHURST DR NE', NULL, NULL, NULL, NULL),
	('6e402084-3575-49c5-8f2a-542a453a5d93', '9968aa01-4a4b-4dee-9c6d-1364bdc29c81', NULL, '3545 W LAURELHURST DR NE', NULL, NULL, NULL, NULL),
	('98bdf706-3b13-4006-8428-c3a4a3630863', '9968aa01-4a4b-4dee-9c6d-1364bdc29c81', NULL, '3608 43RD AVE NE', NULL, NULL, NULL, NULL),
	('0d4b3ef6-e56e-44ca-b669-634b30b6dc4e', '9968aa01-4a4b-4dee-9c6d-1364bdc29c81', NULL, '3602 43RD AVE NE', NULL, NULL, NULL, NULL),
	('b436aa3e-5db3-42e8-9c52-33923a64e3cb', '9968aa01-4a4b-4dee-9c6d-1364bdc29c81', NULL, '3519 W LAURELHURST DR NE', NULL, NULL, NULL, NULL),
	('88bfd0f7-d023-4a8f-97a8-69bf01447960', '9968aa01-4a4b-4dee-9c6d-1364bdc29c81', NULL, '3509 W LAURELHURST DR NE', NULL, NULL, NULL, NULL),
	('369204b8-2c8e-467b-bde1-0be8dbb3db15', '9968aa01-4a4b-4dee-9c6d-1364bdc29c81', NULL, '3503 W LAURELHURST DR NE', NULL, NULL, NULL, NULL),
	('02d33cd7-1124-44b1-921c-5361f85ad2ba', '9968aa01-4a4b-4dee-9c6d-1364bdc29c81', NULL, '3425 W LAURELHURST DR NE', NULL, NULL, NULL, NULL),
	('9cfb0500-4698-4893-9969-bfeb1fac95cd', '9968aa01-4a4b-4dee-9c6d-1364bdc29c81', NULL, '3421 W LAURELHURST DR NE', NULL, NULL, NULL, NULL),
	('9dbc5526-4da0-4695-ba7a-6b726d414e5e', '9968aa01-4a4b-4dee-9c6d-1364bdc29c81', NULL, '3415 W LAURELHURST DR NE', NULL, NULL, NULL, NULL),
	('53a19179-c5a1-4590-a0e0-6790c3c7db3d', '9968aa01-4a4b-4dee-9c6d-1364bdc29c81', NULL, '3409 W LAURELHURST DR NE', NULL, NULL, NULL, NULL),
	('0988edd7-1b85-4e09-b783-d42b0ef717b1', '9968aa01-4a4b-4dee-9c6d-1364bdc29c81', NULL, '3403 W LAURELHURST DR NE', NULL, NULL, NULL, NULL),
	('c16f5f5f-449a-4c23-8c8d-2fbb975a2d85', '9968aa01-4a4b-4dee-9c6d-1364bdc29c81', NULL, '3335 W LAURELHURST DR NE', NULL, NULL, NULL, NULL),
	('83e64d5a-5aba-4cff-b2af-c2ae479b5cd5', '9968aa01-4a4b-4dee-9c6d-1364bdc29c81', NULL, '3329 W LAURELHURST DR NE', NULL, NULL, NULL, NULL),
	('172a4300-bdc6-45e2-a9a9-958c0f1883b8', '9968aa01-4a4b-4dee-9c6d-1364bdc29c81', NULL, '3323 W LAURELHURST DR NE', NULL, NULL, NULL, NULL),
	('8f2ba1b0-18b9-4e9a-9898-5f82a182d360', '9968aa01-4a4b-4dee-9c6d-1364bdc29c81', NULL, '3317 W LAURELHURST DR NE', NULL, NULL, NULL, NULL),
	('63919679-a684-4bc5-92ed-73ce7b22270a', '9968aa01-4a4b-4dee-9c6d-1364bdc29c81', NULL, '4316 NE 33RD ST', NULL, NULL, NULL, NULL),
	('cd8beeb8-557b-4b6b-8d69-2647ea62d8ab', 'f117525c-7504-481f-b1de-0d45da482461', NULL, '3335 43RD AVE NE', NULL, NULL, NULL, NULL),
	('8ec5b6d8-7c32-444b-9b5b-a7711f8e0e08', 'f117525c-7504-481f-b1de-0d45da482461', NULL, '3512 43RD AVE NE', NULL, NULL, NULL, NULL),
	('22bd036b-cb14-4682-8af7-6996ddbf3534', 'f117525c-7504-481f-b1de-0d45da482461', NULL, '3502 43RD AVE NE', NULL, NULL, NULL, NULL),
	('66ae8c2e-deac-46cc-9819-0b9bce86f860', 'f117525c-7504-481f-b1de-0d45da482461', NULL, '3508 43RD AVE NE', NULL, NULL, NULL, NULL),
	('235d78a7-5055-479b-a9ce-060b78a6015d', 'f117525c-7504-481f-b1de-0d45da482461', NULL, '3509 43RD AVE NE', NULL, NULL, NULL, NULL),
	('2a6d0b06-ba1e-49df-91cc-fab172a57976', 'f117525c-7504-481f-b1de-0d45da482461', NULL, '3517 43RD AVE NE', NULL, NULL, NULL, NULL),
	('bdc91996-744d-45de-a0ff-0d6a7627d8e7', 'f117525c-7504-481f-b1de-0d45da482461', NULL, '3300 43RD AVE NE', NULL, NULL, NULL, NULL),
	('43b1039c-0c43-4719-a551-1bb9a893b65c', 'f117525c-7504-481f-b1de-0d45da482461', NULL, '3302 43RD AVE NE', NULL, NULL, NULL, NULL),
	('d84355b1-5bcd-45a9-9622-b3d1ec6d7210', 'f117525c-7504-481f-b1de-0d45da482461', NULL, '3308 43RD AVE NE', NULL, NULL, NULL, NULL),
	('daf58272-4982-42fa-93e3-ce60d1b88ac2', 'f117525c-7504-481f-b1de-0d45da482461', NULL, '3314 43RD AVE NE', NULL, NULL, NULL, NULL),
	('0ad117aa-c58b-414f-a060-9d669bc4b291', 'f117525c-7504-481f-b1de-0d45da482461', NULL, '3322 43RD AVE NE', NULL, NULL, NULL, NULL),
	('d5ba53a1-a80c-45ba-9494-66e63071862f', 'f117525c-7504-481f-b1de-0d45da482461', NULL, '3326 43RD AVE NE', NULL, NULL, NULL, NULL),
	('d0bae2e6-d85b-4e9f-913f-21536aff932b', 'f117525c-7504-481f-b1de-0d45da482461', NULL, '3332 43RD AVE NE', NULL, NULL, NULL, NULL),
	('449aaaf5-2c4a-4ce1-8a6d-f87df48928dc', 'f117525c-7504-481f-b1de-0d45da482461', NULL, '3338 43RD AVE NE', NULL, NULL, NULL, NULL),
	('51bd7f69-319e-4583-9bba-3f1d2c7e49f0', 'f117525c-7504-481f-b1de-0d45da482461', NULL, '4303 NE 35TH ST', NULL, NULL, NULL, NULL),
	('7f22c884-ebaa-4596-870e-c5c0c4a304f2', 'f117525c-7504-481f-b1de-0d45da482461', NULL, '3333 43RD AVE NE', NULL, NULL, NULL, NULL),
	('b362f024-ca05-4684-98d0-f6c016a9326e', '82001151-60aa-4d89-b324-40f539e7eff2', NULL, '3657 42ND AVE NE', NULL, NULL, NULL, NULL),
	('9ebd1dbd-8cc1-4daf-a3d1-6f78436c4687', '82001151-60aa-4d89-b324-40f539e7eff2', NULL, '3619 42ND AVE NE', NULL, NULL, NULL, NULL),
	('44715967-4268-47eb-b69c-172fd1d0a1c5', '82001151-60aa-4d89-b324-40f539e7eff2', NULL, '4203 NE 38TH ST', NULL, NULL, NULL, NULL),
	('6a696cd5-1e23-4fe5-a595-a2297bcbca5c', '82001151-60aa-4d89-b324-40f539e7eff2', NULL, '3670 42ND AVE NE', NULL, NULL, NULL, NULL),
	('a6d9ebbb-222d-47a8-b542-db23493c4920', '82001151-60aa-4d89-b324-40f539e7eff2', NULL, '3662 42ND AVE NE', NULL, NULL, NULL, NULL),
	('30be42db-296e-4c55-8352-866b7eb59aaa', '82001151-60aa-4d89-b324-40f539e7eff2', NULL, '3656 42ND AVE NE', NULL, NULL, NULL, NULL),
	('41600c80-ec5f-4d43-b9dd-c4c9f5c0963d', '82001151-60aa-4d89-b324-40f539e7eff2', NULL, '3650 42ND AVE NE', NULL, NULL, NULL, NULL),
	('f4b94b2a-e226-4c5a-a05c-200e307c8c1a', '82001151-60aa-4d89-b324-40f539e7eff2', NULL, '3638 42ND AVE NE', NULL, NULL, NULL, NULL),
	('21a3c212-cebd-49ed-8c7f-fdd6f4ac5d1a', '82001151-60aa-4d89-b324-40f539e7eff2', NULL, '3634 42ND AVE NE', NULL, NULL, NULL, NULL),
	('be0e6371-11d5-4bdb-b684-15d3f9042fd6', '82001151-60aa-4d89-b324-40f539e7eff2', NULL, '3626 42ND AVE NE', NULL, NULL, NULL, NULL),
	('e1c60293-6711-4810-9b42-3438c0b99f7c', '82001151-60aa-4d89-b324-40f539e7eff2', NULL, '3620 42ND AVE NE', NULL, NULL, NULL, NULL),
	('8e782a53-d5d2-4990-a0f9-7b3718753894', '82001151-60aa-4d89-b324-40f539e7eff2', NULL, '3614 42ND AVE NE', NULL, NULL, NULL, NULL),
	('68847c98-c944-4ae9-a707-ffe5b8cc574d', '82001151-60aa-4d89-b324-40f539e7eff2', NULL, '3608 42ND AVE NE', NULL, NULL, NULL, NULL),
	('50dbab35-d1c4-4871-b4e8-0fc0e1ac3d53', '82001151-60aa-4d89-b324-40f539e7eff2', NULL, '3604 42ND AVE NE', NULL, NULL, NULL, NULL),
	('4b4fd004-bfdf-4f40-ac14-4d88ed3f0a02', '82001151-60aa-4d89-b324-40f539e7eff2', NULL, '3609 42ND AVE NE', NULL, NULL, NULL, NULL),
	('f977f52d-66be-4fa9-89db-e19ceee99331', '82001151-60aa-4d89-b324-40f539e7eff2', NULL, '3615 42NE AVE NE', NULL, NULL, NULL, NULL),
	('426bd3fd-7ad9-44b8-ace0-918f9847c9aa', '82001151-60aa-4d89-b324-40f539e7eff2', NULL, '3627 42ND AVE NE', NULL, NULL, NULL, NULL),
	('92662dd0-a3c4-4051-a0ee-98dc4ce23a77', '82001151-60aa-4d89-b324-40f539e7eff2', NULL, '3635 42ND AVE NE', NULL, NULL, NULL, NULL),
	('c3a9afd7-5523-4f09-b782-291b6258c9e2', '82001151-60aa-4d89-b324-40f539e7eff2', NULL, '3639 42ND AVE NE', NULL, NULL, NULL, NULL),
	('5f601751-9570-4280-9a60-d30a3ddfdd40', '82001151-60aa-4d89-b324-40f539e7eff2', NULL, '3643 42ND AVE NE', NULL, NULL, NULL, NULL),
	('9bb0cda1-25af-4f69-af1f-12b5ca6639d6', '82001151-60aa-4d89-b324-40f539e7eff2', NULL, '3649 42ND AVE NE', NULL, NULL, NULL, NULL),
	('b5beab0c-d8a6-4dac-9cf7-069ae51db984', '3e99d96c-2bd7-4aa5-88d6-027dd321295a', NULL, '3604 W LAURELHURST DR NE', NULL, NULL, NULL, NULL),
	('da1a488f-9f19-4a9a-ae6c-8949eefb67ed', '3e99d96c-2bd7-4aa5-88d6-027dd321295a', NULL, '3610 W LAURELHURST DR NE', NULL, NULL, NULL, NULL),
	('a32f3e1e-a437-4b8c-bc03-ffe8aa7caa64', '3e99d96c-2bd7-4aa5-88d6-027dd321295a', NULL, '3616 W LAURELHURST DR NE', NULL, NULL, NULL, NULL),
	('b4c04d3c-3975-401f-9875-2287c2d6cbd8', '3e99d96c-2bd7-4aa5-88d6-027dd321295a', NULL, '4305 NE 38TH ST', NULL, NULL, NULL, NULL),
	('56bc42a5-f0ab-4ba5-a671-c006f1922cf6', '3e99d96c-2bd7-4aa5-88d6-027dd321295a', NULL, '3621 43RD AVE NE', NULL, NULL, NULL, NULL),
	('a6351e60-72d0-4e8c-9085-3f77e6a3f120', '3e99d96c-2bd7-4aa5-88d6-027dd321295a', NULL, '3631 43RD AVE NE', NULL, NULL, NULL, NULL),
	('27ddb770-0346-4abd-a199-9a45bcbdea11', '3e99d96c-2bd7-4aa5-88d6-027dd321295a', NULL, '3703 43RD AVE NE', NULL, NULL, NULL, NULL),
	('145c57d6-b5ad-4353-810a-bb0d1c4407cd', '3e99d96c-2bd7-4aa5-88d6-027dd321295a', NULL, '3707 43RD AVE NE', NULL, NULL, NULL, NULL),
	('2f555e2f-cf1c-47d6-aefe-256d55dbfc3e', '3e99d96c-2bd7-4aa5-88d6-027dd321295a', NULL, '3713 43RD AVE NE', NULL, NULL, NULL, NULL),
	('00b6bb41-6d4e-4d6a-afca-e7e0d04a5c6b', '3e99d96c-2bd7-4aa5-88d6-027dd321295a', NULL, '3717 43RD AVE NE', NULL, NULL, NULL, NULL),
	('29ce2b38-af9f-4ad3-a334-20ef8f2dff6b', '170b29c9-5758-45f1-b05c-bbe56815127a', NULL, '3906 SURBER DR NE', NULL, NULL, NULL, NULL),
	('08aa4272-60b4-41b6-aae2-ca50c6a99c6d', '170b29c9-5758-45f1-b05c-bbe56815127a', NULL, '3916 SURBER DR NE', NULL, NULL, NULL, NULL),
	('28fb4cca-1b25-451a-b241-60ef05dadb52', '170b29c9-5758-45f1-b05c-bbe56815127a', NULL, '3926 SURBER DR NE', NULL, NULL, NULL, NULL),
	('5dea7747-4757-4c86-a537-24fb76e3d88e', '170b29c9-5758-45f1-b05c-bbe56815127a', NULL, '3940 NE SURBER DR', NULL, NULL, NULL, NULL),
	('c899b5eb-97cb-4ab6-9140-a180b1c27844', '170b29c9-5758-45f1-b05c-bbe56815127a', NULL, '3946 SURBER DR NE', NULL, NULL, NULL, NULL),
	('cca30851-0d51-4cb0-a5fd-1b688ff41f30', '170b29c9-5758-45f1-b05c-bbe56815127a', NULL, '3950 SURBER DR NE', NULL, NULL, NULL, NULL),
	('d77aac2e-ed23-4dc6-a689-b13fc4700561', '170b29c9-5758-45f1-b05c-bbe56815127a', NULL, '4105 NE SURBER DR', NULL, NULL, NULL, NULL),
	('a8b05ff4-f94e-4a03-841f-73c145d796b6', '170b29c9-5758-45f1-b05c-bbe56815127a', NULL, '4001 SURBER DR NE', NULL, NULL, NULL, NULL),
	('b4285302-396b-408b-8bdc-9413af0733a9', '170b29c9-5758-45f1-b05c-bbe56815127a', NULL, '3959 SURBER DR NE', NULL, NULL, NULL, NULL),
	('b62c9041-b9d1-44eb-97e8-bc3dfb91645e', '170b29c9-5758-45f1-b05c-bbe56815127a', NULL, '3949 SURBER DR NE', NULL, NULL, NULL, NULL),
	('cbf0b100-1b87-4733-bf17-29b7ce7e4c97', '170b29c9-5758-45f1-b05c-bbe56815127a', NULL, '3945 SURBER DR NE', NULL, NULL, NULL, NULL),
	('0c8cc343-afba-4028-ab42-f05deec1a4a6', '170b29c9-5758-45f1-b05c-bbe56815127a', NULL, '3941 SURBER DR NE', NULL, NULL, NULL, NULL),
	('c9f34a78-88be-4bf1-9e64-33e7297234eb', '170b29c9-5758-45f1-b05c-bbe56815127a', NULL, '3939 SURBER DR NE', NULL, NULL, NULL, NULL),
	('dd2241f9-2cd7-42b2-a71f-0de0c8b71abf', '170b29c9-5758-45f1-b05c-bbe56815127a', NULL, '3925 SURBER DR NE', NULL, NULL, NULL, NULL),
	('a0873f86-639c-4445-beeb-04fd12546e1f', '170b29c9-5758-45f1-b05c-bbe56815127a', NULL, '3921 NE SURBER DR', NULL, NULL, NULL, NULL),
	('6e88a116-4004-4505-8faa-539fd70ed222', '170b29c9-5758-45f1-b05c-bbe56815127a', NULL, '3915 SURBER DR NE', NULL, NULL, NULL, NULL),
	('fe9a5195-89e8-4767-aa50-cb649bedebf8', '170b29c9-5758-45f1-b05c-bbe56815127a', NULL, '3909 SURBER DR NE', NULL, NULL, NULL, NULL),
	('9093435b-b0ee-411e-aea2-67e03ea67280', '170b29c9-5758-45f1-b05c-bbe56815127a', NULL, '4115 SURBER DR NE', NULL, NULL, NULL, NULL),
	('6b60c94a-b290-4623-a6cd-b9af7bba82fc', '170b29c9-5758-45f1-b05c-bbe56815127a', NULL, '4125 NE SURBER DR', NULL, NULL, NULL, NULL),
	('003f8856-c234-46f4-8c0e-5828fd019fc8', 'c321ab39-c083-40a2-b22e-1b3918a04d33', NULL, '3817 40TH AVE NE', NULL, NULL, NULL, NULL),
	('7bdb2510-0e64-49e9-a3ea-a622a0cbf1b3', 'c321ab39-c083-40a2-b22e-1b3918a04d33', NULL, '3811 40TH AVE NE', NULL, NULL, NULL, NULL),
	('f03b000f-315f-4df5-a52a-0c09ec6fb069', 'c321ab39-c083-40a2-b22e-1b3918a04d33', NULL, '3803 40TH AVE NE', NULL, NULL, NULL, NULL),
	('ec0499ae-5346-4ed4-bf59-f582a44f1fb2', 'c321ab39-c083-40a2-b22e-1b3918a04d33', NULL, '3920 NE 38TH ST', NULL, NULL, NULL, NULL),
	('21b00cfb-a41f-475d-8628-a99cb362225e', 'c321ab39-c083-40a2-b22e-1b3918a04d33', NULL, '4005 NE 40TH ST', NULL, NULL, NULL, NULL),
	('9ecc0a43-fef6-4367-acaa-f15e75f88975', 'c321ab39-c083-40a2-b22e-1b3918a04d33', NULL, '3822 40TH AVE NE', NULL, NULL, NULL, NULL),
	('2503778a-86a4-4924-bd9b-5d2967843f48', 'c321ab39-c083-40a2-b22e-1b3918a04d33', NULL, '3816 40TH AVE NE', NULL, NULL, NULL, NULL),
	('7d748c7f-4620-41a8-9e08-788d11d969ae', 'c321ab39-c083-40a2-b22e-1b3918a04d33', NULL, '3812 40TH AVE NE', NULL, NULL, NULL, NULL),
	('ccd4a686-34e3-47e4-a797-75e3644dda8d', 'c321ab39-c083-40a2-b22e-1b3918a04d33', NULL, '3800 40TH AVE NE', NULL, NULL, NULL, NULL),
	('2c9527ab-cf04-47b4-ac8b-5fa561389f9c', 'c321ab39-c083-40a2-b22e-1b3918a04d33', NULL, '4006 NE 38TH ST', NULL, NULL, NULL, NULL),
	('df48c4e5-ca9f-4bbe-9f04-0b2ebb7eff40', 'c321ab39-c083-40a2-b22e-1b3918a04d33', NULL, '4012 NE 38TH ST', NULL, NULL, NULL, NULL),
	('24ca70ba-7f88-4cf2-86bd-e09b7ec15242', 'c321ab39-c083-40a2-b22e-1b3918a04d33', NULL, '4016 NE 38TH ST', NULL, NULL, NULL, NULL),
	('190a5ac5-9fa4-4409-a589-a02301703b93', 'c321ab39-c083-40a2-b22e-1b3918a04d33', NULL, '3811 41ST AVE NE', NULL, NULL, NULL, NULL),
	('3d5d86d6-51c3-49de-8c15-f15854278a98', 'c321ab39-c083-40a2-b22e-1b3918a04d33', NULL, '3817 41ST AVE NE', NULL, NULL, NULL, NULL),
	('6c45f479-389d-4238-af5a-20cfae01cdb5', 'c321ab39-c083-40a2-b22e-1b3918a04d33', NULL, '3821 41ST AVE NE', NULL, NULL, NULL, NULL),
	('798a2f70-9c86-41f0-9a39-b8e9ea16ac64', 'c321ab39-c083-40a2-b22e-1b3918a04d33', NULL, '3825 41ST AVE NE', NULL, NULL, NULL, NULL),
	('b8e37534-e587-4786-bcd5-8aa137cf4896', 'c321ab39-c083-40a2-b22e-1b3918a04d33', NULL, '3829 41ST AVE NE', NULL, NULL, NULL, NULL),
	('f4767b7f-a940-4a09-b491-9192e4516771', 'c321ab39-c083-40a2-b22e-1b3918a04d33', NULL, '3717 41ST AVE NE', NULL, NULL, NULL, NULL),
	('20a38229-d86e-481c-8e29-3f0285d871d0', 'c321ab39-c083-40a2-b22e-1b3918a04d33', NULL, '4011 NE 38TH ST', NULL, NULL, NULL, NULL),
	('865d769b-39d7-4e73-91e9-1fa2eff0e949', 'c321ab39-c083-40a2-b22e-1b3918a04d33', NULL, '4007 NE 38TH ST', NULL, NULL, NULL, NULL),
	('6704fd90-105d-4961-bb3d-760402e2fad5', 'c321ab39-c083-40a2-b22e-1b3918a04d33', NULL, '4001 NE 38TH ST', NULL, NULL, NULL, NULL),
	('40dbd243-d6bb-4b6e-a9ce-57929b3fb1e0', 'c321ab39-c083-40a2-b22e-1b3918a04d33', NULL, '3923 NE 38TH ST', NULL, NULL, NULL, NULL),
	('0405d2a5-a536-4e9f-8cd0-4b03e1c532e7', 'dd06add3-73ea-42c4-95db-7435758c20f9', NULL, '3860 NE 41ST ST', NULL, NULL, NULL, NULL),
	('b70492ca-c420-4c47-83cc-d3fdc5a27edb', 'dd06add3-73ea-42c4-95db-7435758c20f9', NULL, '3852 SURBER DR NE', NULL, NULL, NULL, NULL),
	('179874d3-7108-4a7b-942a-b4f8e565dd68', 'dd06add3-73ea-42c4-95db-7435758c20f9', NULL, '3850 SURBER DR NE', NULL, NULL, NULL, NULL),
	('e774a891-de39-4287-95e7-48df88cf0c35', 'dd06add3-73ea-42c4-95db-7435758c20f9', NULL, '3844 SURBER DR NE', NULL, NULL, NULL, NULL),
	('c0237429-380b-4598-a04b-dfc687c40597', 'dd06add3-73ea-42c4-95db-7435758c20f9', NULL, '3838 SURBER DR NE', NULL, NULL, NULL, NULL),
	('ef177e28-2c5c-4228-a19d-40319a8b08ed', 'dd06add3-73ea-42c4-95db-7435758c20f9', NULL, '3830 SURBER DR NE', NULL, NULL, NULL, NULL),
	('5dc4bece-e87c-4a33-af9d-295b8287d84c', 'dd06add3-73ea-42c4-95db-7435758c20f9', NULL, '3904 NE BELVOIR PL', NULL, NULL, NULL, NULL),
	('7df52018-315d-4880-ab01-ff7e3a7fe2c9', 'dd06add3-73ea-42c4-95db-7435758c20f9', NULL, '4017 41ST AVE NE', NULL, NULL, NULL, NULL),
	('d05a2ab6-15d9-4a6f-978b-511f9562a856', 'dd06add3-73ea-42c4-95db-7435758c20f9', NULL, '4021 41ST AVE NE', NULL, NULL, NULL, NULL),
	('93671368-5ceb-4de5-88e9-2c58415d8845', 'dd06add3-73ea-42c4-95db-7435758c20f9', NULL, '4008 NE BELVOIR PL', NULL, NULL, NULL, NULL),
	('ae75dccf-d067-4aa7-a32a-d5ded5d33025', 'dd06add3-73ea-42c4-95db-7435758c20f9', NULL, '4004 NE BELVOIR PL', NULL, NULL, NULL, NULL),
	('164c1511-98b4-4568-ace4-df4878976fb3', 'dd06add3-73ea-42c4-95db-7435758c20f9', NULL, '4000 NE BELVOIR PL', NULL, NULL, NULL, NULL),
	('de163a08-d078-4af7-b92d-c289fa89ca45', 'dd06add3-73ea-42c4-95db-7435758c20f9', NULL, '3952 NE BELVOIR PL', NULL, NULL, NULL, NULL),
	('0124d107-a805-4f13-8e32-3a865ca3d406', 'dd06add3-73ea-42c4-95db-7435758c20f9', NULL, '3929 NE 41ST ST', NULL, NULL, NULL, NULL),
	('65704faa-b8a5-47db-ac1f-c06f88711d19', 'dd06add3-73ea-42c4-95db-7435758c20f9', NULL, '3921 NE 41ST ST', NULL, NULL, NULL, NULL),
	('ee80304a-e34f-41f8-ac01-c7bd3a6d879a', 'dd06add3-73ea-42c4-95db-7435758c20f9', NULL, '3938 NE BELVOIR PL', NULL, NULL, NULL, NULL),
	('6e8a1eba-5d20-4884-9f2b-86df07cb204e', 'dd06add3-73ea-42c4-95db-7435758c20f9', NULL, '3811 NE 41ST ST', NULL, NULL, NULL, NULL),
	('1ae1b1ac-e989-45c1-8e1d-a0d09a78c717', 'dd06add3-73ea-42c4-95db-7435758c20f9', NULL, '3930 NE BELVOIR PL', NULL, NULL, NULL, NULL),
	('bb682008-970b-4478-88fd-82c26d328e58', 'dd06add3-73ea-42c4-95db-7435758c20f9', NULL, '3922 NE BELVOIR PL', NULL, NULL, NULL, NULL),
	('6441d1e9-a961-4062-b0f5-f8c05696a690', 'dd06add3-73ea-42c4-95db-7435758c20f9', NULL, '3914 NE BELVOIR PL', NULL, NULL, NULL, NULL),
	('7e795519-102e-40a7-a2d7-32ecf12d649d', 'dd06add3-73ea-42c4-95db-7435758c20f9', NULL, '3910 NE BELVOIR PL', NULL, NULL, NULL, NULL),
	('b13bb0fc-cb07-4b92-88b5-7ac992bfe98f', 'dd06add3-73ea-42c4-95db-7435758c20f9', NULL, '4005 41ST AVE NE', NULL, NULL, NULL, NULL),
	('8d29cf91-9440-4495-91f8-fcdb196dde16', 'dd06add3-73ea-42c4-95db-7435758c20f9', NULL, '4012 NE 40TH ST', NULL, NULL, NULL, NULL),
	('9f582237-1520-4e35-9ddf-b92acd00a768', 'dd06add3-73ea-42c4-95db-7435758c20f9', NULL, '4008 NE 40TH ST', NULL, NULL, NULL, NULL),
	('8f027033-281e-4394-a25e-214ab9c21367', 'dd06add3-73ea-42c4-95db-7435758c20f9', NULL, '4001 NE BELVOIR PL', NULL, NULL, NULL, NULL),
	('0414616a-7f79-4ec2-973b-924c04cd6a82', 'dd06add3-73ea-42c4-95db-7435758c20f9', NULL, '3933 NE BELVOIR PL', NULL, NULL, NULL, NULL),
	('64ae89a9-5268-4c32-aef4-442a9c67c84b', 'dd06add3-73ea-42c4-95db-7435758c20f9', NULL, '3929 NE BELVOIR PL', NULL, NULL, NULL, NULL),
	('52797d6e-f5d2-4592-b5bc-1bd1dd1ac619', 'dd06add3-73ea-42c4-95db-7435758c20f9', NULL, '3927 NE BELVOIR PL', NULL, NULL, NULL, NULL),
	('af06926f-7aad-4847-a3af-1e359624616c', 'dd06add3-73ea-42c4-95db-7435758c20f9', NULL, '3923 NE BELVOIR PL', NULL, NULL, NULL, NULL),
	('14aaba46-ae7c-4427-b2ac-f025144ece46', 'dd06add3-73ea-42c4-95db-7435758c20f9', NULL, '3912 NE 38TH ST', NULL, NULL, NULL, NULL),
	('5dba4901-4003-4a42-b3b5-9b37ee7c36da', 'dd06add3-73ea-42c4-95db-7435758c20f9', NULL, '3908 NE 38TH ST', NULL, NULL, NULL, NULL),
	('f219f786-0956-4433-9c29-6217ebcc16b2', 'dd06add3-73ea-42c4-95db-7435758c20f9', NULL, '3900 NE 38TH ST', NULL, NULL, NULL, NULL),
	('8e03e27b-5a0a-4c7e-a58e-db25ba3a18a5', 'dd06add3-73ea-42c4-95db-7435758c20f9', NULL, '3911 NE BELVOIR PL', NULL, NULL, NULL, NULL),
	('9827944e-1113-4e62-a7d6-174f714fa854', 'dd06add3-73ea-42c4-95db-7435758c20f9', NULL, '3905 NE BELVOIR PL', NULL, NULL, NULL, NULL),
	('e535fd7d-f1b4-4548-8b51-363768174acb', 'bde45ca9-8a9f-49c9-ab73-95857ebec2c8', NULL, '4020 41ST AVE NE', NULL, NULL, NULL, NULL),
	('9f5d80ea-f514-4b73-b74b-d6ea2983a8a8', 'bde45ca9-8a9f-49c9-ab73-95857ebec2c8', NULL, '4016 41ST AVE NE', NULL, NULL, NULL, NULL),
	('12f38294-7cad-498c-8c7a-3fb17d14946a', 'bde45ca9-8a9f-49c9-ab73-95857ebec2c8', NULL, '4012 41ST AVE NE', NULL, NULL, NULL, NULL),
	('df2b7001-6b4c-447b-9640-ab5ed48a30a5', 'bde45ca9-8a9f-49c9-ab73-95857ebec2c8', NULL, '4006 41ST AVE NE', NULL, NULL, NULL, NULL),
	('5324030e-3c17-4328-998e-914a2c9ab78d', 'bde45ca9-8a9f-49c9-ab73-95857ebec2c8', NULL, '4002 41ST AVE NE', NULL, NULL, NULL, NULL),
	('10f92c0f-05bc-4a87-ab2d-819ce2b295b3', 'bde45ca9-8a9f-49c9-ab73-95857ebec2c8', NULL, '3832 41ST AVE NE', NULL, NULL, NULL, NULL),
	('98fa29f4-71b3-4bb9-9e7a-1111943883da', 'bde45ca9-8a9f-49c9-ab73-95857ebec2c8', NULL, '3826 41ST AVE NE', NULL, NULL, NULL, NULL),
	('c424a898-ea18-48b8-951d-3349209b93e5', 'bde45ca9-8a9f-49c9-ab73-95857ebec2c8', NULL, '3822 41ST AVE NE', NULL, NULL, NULL, NULL),
	('49e69556-0a65-4a8f-aa91-ab0030fd9c94', 'bde45ca9-8a9f-49c9-ab73-95857ebec2c8', NULL, '3816 41ST AVE NE', NULL, NULL, NULL, NULL),
	('d6c29f23-3b61-4593-8f8c-b5618dd5bbe5', 'bde45ca9-8a9f-49c9-ab73-95857ebec2c8', NULL, '3812 41ST AVE NE', NULL, NULL, NULL, NULL),
	('d9ea404c-a648-4e60-bd07-fecab4290225', 'bde45ca9-8a9f-49c9-ab73-95857ebec2c8', NULL, '3808 41ST AVE NE', NULL, NULL, NULL, NULL),
	('07b23fb8-e255-4d71-868c-b10df53019fc', 'bde45ca9-8a9f-49c9-ab73-95857ebec2c8', NULL, '3802 41ST AVE NE', NULL, NULL, NULL, NULL),
	('4c7ca587-d1a6-4f10-8e91-16608f420a3e', 'bde45ca9-8a9f-49c9-ab73-95857ebec2c8', NULL, '3726 41ST AVE NE', NULL, NULL, NULL, NULL),
	('d3070286-8f60-4baa-b4ce-417cd6c33d1d', 'bde45ca9-8a9f-49c9-ab73-95857ebec2c8', NULL, '3722 41ST AVE NE', NULL, NULL, NULL, NULL),
	('c07039ea-cfcc-4840-bf15-74b228098e5e', 'bde45ca9-8a9f-49c9-ab73-95857ebec2c8', NULL, '3716 41ST AVE NE', NULL, NULL, NULL, NULL),
	('c40b346b-95b5-4083-8180-8cb768f5bc4b', 'bde45ca9-8a9f-49c9-ab73-95857ebec2c8', NULL, '3712 41ST AVE NE', NULL, NULL, NULL, NULL),
	('8a5c160e-7382-4b67-af42-80f0a79c25a1', 'bde45ca9-8a9f-49c9-ab73-95857ebec2c8', NULL, '3708 41ST AVE NE', NULL, NULL, NULL, NULL),
	('3cfb89d7-c76b-4640-90d4-a9bcab195072', 'bde45ca9-8a9f-49c9-ab73-95857ebec2c8', NULL, '4100 SURBER DR NE', NULL, NULL, NULL, NULL),
	('0b1d5678-b9dd-493b-b7c4-6e9929b811e3', 'f4c42271-d3e0-4687-af50-a306711d4f2a', NULL, '4117 NE 41ST ST', NULL, NULL, NULL, NULL),
	('a2ccafe0-6f5b-4362-96a3-34c8fda3119f', 'f4c42271-d3e0-4687-af50-a306711d4f2a', NULL, '4123 NE 41ST ST', NULL, NULL, NULL, NULL),
	('449c82d6-c703-40d3-96f8-407f1d27ad59', 'f4c42271-d3e0-4687-af50-a306711d4f2a', NULL, '3865 42ND AVE NE', NULL, NULL, NULL, NULL),
	('4342c994-0f7b-441f-bc9f-b5790f5f8775', 'f4c42271-d3e0-4687-af50-a306711d4f2a', NULL, '3863 42ND AVE NE', NULL, NULL, NULL, NULL),
	('6ffc25cc-9c5e-41a9-af5f-3dac8437d9e3', 'f4c42271-d3e0-4687-af50-a306711d4f2a', NULL, '3857 42ND AVE NE', NULL, NULL, NULL, NULL),
	('9d61655d-4db9-4121-8b95-b38a8f280148', 'f4c42271-d3e0-4687-af50-a306711d4f2a', NULL, '3853 42ND AVE NE', NULL, NULL, NULL, NULL),
	('a09c2cf1-b6be-464b-8406-a5d1b1c396f4', 'f4c42271-d3e0-4687-af50-a306711d4f2a', NULL, '3849 42ND AVE NE', NULL, NULL, NULL, NULL),
	('335407e7-5c67-462b-ae5b-186c0986e12a', 'f4c42271-d3e0-4687-af50-a306711d4f2a', NULL, '3845 42ND AVE NE', NULL, NULL, NULL, NULL),
	('329721f7-ca7a-431d-8d0e-1b8a5b717fa5', 'f4c42271-d3e0-4687-af50-a306711d4f2a', NULL, '3841 42ND AVE NE', NULL, NULL, NULL, NULL),
	('c9c3e3e1-da4d-45f1-b8b9-e39df03b91b5', 'f4c42271-d3e0-4687-af50-a306711d4f2a', NULL, '3837 42ND AVE NE', NULL, NULL, NULL, NULL),
	('70c4c903-8010-4db8-bf74-7d199d10f015', 'f4c42271-d3e0-4687-af50-a306711d4f2a', NULL, '3833 42ND AVE NE', NULL, NULL, NULL, NULL),
	('2d87f266-851e-4df0-a68e-b7bf8da6dc58', 'f4c42271-d3e0-4687-af50-a306711d4f2a', NULL, '3836 42ND AVE NE', NULL, NULL, NULL, NULL),
	('974d568b-ddeb-407c-bcac-167d3e6349f3', 'f4c42271-d3e0-4687-af50-a306711d4f2a', NULL, '3840 42ND AVE NE', NULL, NULL, NULL, NULL),
	('5696a9ca-fb34-459d-bef6-c5aa4ea68cee', 'f4c42271-d3e0-4687-af50-a306711d4f2a', NULL, '3844 42ND AVE NE', NULL, NULL, NULL, NULL),
	('fd36bdb7-b8c2-4e9b-bf34-270a16d6cd15', 'f4c42271-d3e0-4687-af50-a306711d4f2a', NULL, '3846 42ND AVE NE', NULL, NULL, NULL, NULL),
	('ada6382b-ca4b-457f-aa95-98927332f7e1', 'f4c42271-d3e0-4687-af50-a306711d4f2a', NULL, '3850 42ND AVE NE', NULL, NULL, NULL, NULL),
	('7760a8ad-bbde-4231-9e37-27f02022bac1', 'f4c42271-d3e0-4687-af50-a306711d4f2a', NULL, '3854 42ND AVE NE', NULL, NULL, NULL, NULL),
	('3fe4ea28-ed72-479e-9d50-83324739d5c8', 'f4c42271-d3e0-4687-af50-a306711d4f2a', NULL, '3858 42ND AVE NE', NULL, NULL, NULL, NULL),
	('df6b702c-d34a-481c-923b-597013700e8a', 'f4c42271-d3e0-4687-af50-a306711d4f2a', NULL, '3862 42ND AVE NE', NULL, NULL, NULL, NULL),
	('ace2fda7-4fff-4622-903d-36679efd0aaf', 'f4c42271-d3e0-4687-af50-a306711d4f2a', NULL, '3866 42ND AVE NE', NULL, NULL, NULL, NULL),
	('4ea8864c-e32b-42c3-8a04-63ed24428b3c', 'f4c42271-d3e0-4687-af50-a306711d4f2a', NULL, '3872 42ND AVE NE', NULL, NULL, NULL, NULL),
	('ae00ff88-4c03-4dc4-9f61-6206e86d3c77', 'f4c42271-d3e0-4687-af50-a306711d4f2a', NULL, '4201 NE 41ST ST', NULL, NULL, NULL, NULL),
	('3b16da2f-bfe5-42aa-a55c-64aed788eacc', 'e432bb99-fcc8-4e46-99c7-9fe0b5c0c7d6', NULL, '4120 SURBER DR NE', NULL, NULL, NULL, NULL),
	('83254455-d1d4-4521-8327-7e26dc6f881f', 'e432bb99-fcc8-4e46-99c7-9fe0b5c0c7d6', NULL, '4114 SURBER DR NE', NULL, NULL, NULL, NULL),
	('11b99e40-86d6-4983-aa1b-d5398dbf27d7', 'e432bb99-fcc8-4e46-99c7-9fe0b5c0c7d6', NULL, '3829 42ND AVE NE', NULL, NULL, NULL, NULL),
	('41ada9cc-01c8-4050-84d1-e5d1b516227e', 'e432bb99-fcc8-4e46-99c7-9fe0b5c0c7d6', NULL, '3825 42ND AVE NE', NULL, NULL, NULL, NULL),
	('38cb9302-f7a3-4a72-a952-0a7882237988', 'e432bb99-fcc8-4e46-99c7-9fe0b5c0c7d6', NULL, '3821 42ND AVE NE', NULL, NULL, NULL, NULL),
	('33457525-d2bd-48c1-8bb1-3c392be2ae08', 'e432bb99-fcc8-4e46-99c7-9fe0b5c0c7d6', NULL, '3817 42ND AVE NE', NULL, NULL, NULL, NULL),
	('966d4acf-ab35-4cd3-a592-fdae38bd6c0d', 'e432bb99-fcc8-4e46-99c7-9fe0b5c0c7d6', NULL, '3815 42ND AVE NE', NULL, NULL, NULL, NULL),
	('042363f7-3515-4714-9426-52725dc800b6', 'e432bb99-fcc8-4e46-99c7-9fe0b5c0c7d6', NULL, '3811 42ND AVE NE', NULL, NULL, NULL, NULL),
	('30fa6f3b-8098-4aec-93ab-222f3b9c9235', 'e432bb99-fcc8-4e46-99c7-9fe0b5c0c7d6', NULL, '3807 42ND AVE NE', NULL, NULL, NULL, NULL),
	('0696a54a-2fdf-4769-976d-3bccfbb1ca9a', 'e432bb99-fcc8-4e46-99c7-9fe0b5c0c7d6', NULL, '4206 NE 38TH ST', NULL, NULL, NULL, NULL),
	('0f98b95a-1732-412d-b0b6-7e2f776b1219', 'e432bb99-fcc8-4e46-99c7-9fe0b5c0c7d6', NULL, '3804 42ND AVE NE', NULL, NULL, NULL, NULL),
	('0dd4424d-6f75-4648-9f44-410a27dc1b56', 'e432bb99-fcc8-4e46-99c7-9fe0b5c0c7d6', NULL, '3808 42ND AVE NE', NULL, NULL, NULL, NULL),
	('252aaea4-0e31-4ff7-9019-adcf39c8a26a', 'e432bb99-fcc8-4e46-99c7-9fe0b5c0c7d6', NULL, '3812 42ND AVE NE', NULL, NULL, NULL, NULL),
	('df6fa436-c2c3-43f4-b986-8ab9cc648706', 'e432bb99-fcc8-4e46-99c7-9fe0b5c0c7d6', NULL, '3816 42ND AVE NE', NULL, NULL, NULL, NULL),
	('155e5ef7-95d4-4e2e-a06e-0aa6edffe659', 'e432bb99-fcc8-4e46-99c7-9fe0b5c0c7d6', NULL, '3818 42ND AVE NE', NULL, NULL, NULL, NULL),
	('bf58867f-230f-4e61-988f-449affc72371', 'e432bb99-fcc8-4e46-99c7-9fe0b5c0c7d6', NULL, '3822 42ND AVE NE', NULL, NULL, NULL, NULL),
	('68b51207-993a-4f65-8725-7fb89bdb3973', 'e432bb99-fcc8-4e46-99c7-9fe0b5c0c7d6', NULL, '3826 42ND AVE NE', NULL, NULL, NULL, NULL),
	('fbb8446b-708a-4794-b60c-4df7e6a52aa9', 'e432bb99-fcc8-4e46-99c7-9fe0b5c0c7d6', NULL, '3830 42ND AVE NE', NULL, NULL, NULL, NULL),
	('721a1555-7e69-494e-98e4-a68fd16d3a66', 'c118f08d-6644-471d-b06d-01c5e9b8ff90', NULL, '4302 NE 38TH ST', NULL, NULL, NULL, NULL),
	('e20f082c-01a8-4bc4-8b67-2cbf95200796', 'c118f08d-6644-471d-b06d-01c5e9b8ff90', NULL, '3808 43RD AVE NE', NULL, NULL, NULL, NULL),
	('0bd61a7a-0aa5-4732-8471-552b3fe4aa60', 'c118f08d-6644-471d-b06d-01c5e9b8ff90', NULL, '3812 43RD AVE NE', NULL, NULL, NULL, NULL),
	('51c12ca9-aa23-4f42-9787-dda4c9eb2dd2', 'c118f08d-6644-471d-b06d-01c5e9b8ff90', NULL, '3818 43RD AVE NE', NULL, NULL, NULL, NULL),
	('e4d3293d-a460-4ba1-b76f-2b451671b955', 'c118f08d-6644-471d-b06d-01c5e9b8ff90', NULL, '3822 43RD AVE NE', NULL, NULL, NULL, NULL),
	('e74304c1-db48-438e-b7cd-d0be3b343460', 'c118f08d-6644-471d-b06d-01c5e9b8ff90', NULL, '3826 43RD AVE NE', NULL, NULL, NULL, NULL),
	('1049c535-9632-4189-a04c-fa3b1c83acfb', 'c118f08d-6644-471d-b06d-01c5e9b8ff90', NULL, '3832 43RD AVE NE', NULL, NULL, NULL, NULL),
	('10a9fa83-98ec-45b5-999e-b14611caa2fb', 'c118f08d-6644-471d-b06d-01c5e9b8ff90', NULL, '3836 43RD AVE NE', NULL, NULL, NULL, NULL),
	('003c975d-6266-4a49-8a6a-703d26ce2775', 'c118f08d-6644-471d-b06d-01c5e9b8ff90', NULL, '3844 43RD AVE NE', NULL, NULL, NULL, NULL),
	('2748739f-46f3-4908-b259-d6cef5c55724', 'c118f08d-6644-471d-b06d-01c5e9b8ff90', NULL, '3848 43RD AVE NE', NULL, NULL, NULL, NULL),
	('8b5f0726-967d-4bf5-b69b-6309cd2e0891', 'c118f08d-6644-471d-b06d-01c5e9b8ff90', NULL, '3854 43RD AVE NE', NULL, NULL, NULL, NULL),
	('c2a36d78-8cfd-47d8-a990-e9cdad470caf', 'c118f08d-6644-471d-b06d-01c5e9b8ff90', NULL, '3858 43RD AVE NE', NULL, NULL, NULL, NULL),
	('ea11274c-4aa8-4397-91b7-81a3bf0ac69c', 'c118f08d-6644-471d-b06d-01c5e9b8ff90', NULL, '3862 43RD AVE NE', NULL, NULL, NULL, NULL),
	('ea6989f4-479a-4688-ad0d-374c2aa797e8', 'c118f08d-6644-471d-b06d-01c5e9b8ff90', NULL, '3866 43RD AVE NE', NULL, NULL, NULL, NULL),
	('9b01ccd0-3aad-4590-a38f-08d4863ff381', 'c118f08d-6644-471d-b06d-01c5e9b8ff90', NULL, '3872 43RD AVE NE', NULL, NULL, NULL, NULL),
	('6a108719-ce1a-4e3a-beb8-c736678eb8c9', 'c118f08d-6644-471d-b06d-01c5e9b8ff90', NULL, '3878 43RD AVE NE', NULL, NULL, NULL, NULL),
	('d599ab78-6c71-4b24-9943-ac41f3466ffa', 'c118f08d-6644-471d-b06d-01c5e9b8ff90', NULL, '3880 43RD AVE NE', NULL, NULL, NULL, NULL),
	('8e324b38-2b7f-4f11-81ad-2165e98c8583', 'c118f08d-6644-471d-b06d-01c5e9b8ff90', NULL, '3888 43RD AVE NE', NULL, NULL, NULL, NULL),
	('4771f264-db89-4a38-b29b-e420b2557da3', '3b01d5fd-ebea-4e2d-a2ee-aadeea47d849', NULL, '4321 NE 41ST ST', NULL, NULL, NULL, NULL),
	('172d6e04-fab8-4672-b716-252538302b2e', '3b01d5fd-ebea-4e2d-a2ee-aadeea47d849', NULL, '3891 44TH AVE NE', NULL, NULL, NULL, NULL),
	('717e14d1-5381-475b-97d7-347b6284df86', '3b01d5fd-ebea-4e2d-a2ee-aadeea47d849', NULL, '3887 44TH AVE NE', NULL, NULL, NULL, NULL),
	('b25f8663-581b-49e9-a12a-b8e989d52186', '3b01d5fd-ebea-4e2d-a2ee-aadeea47d849', NULL, '3883 44TH AVE NE', NULL, NULL, NULL, NULL),
	('5e5144f1-2849-439e-a71c-393ecd8c89ab', '3b01d5fd-ebea-4e2d-a2ee-aadeea47d849', NULL, '3879 44TH AVE NE', NULL, NULL, NULL, NULL),
	('fa56499d-8345-4545-a926-7452f575ca9a', '3b01d5fd-ebea-4e2d-a2ee-aadeea47d849', NULL, '3875 44TH AVE NE', NULL, NULL, NULL, NULL),
	('648340da-cd26-40ff-9f7f-d10bac8de9ac', '3b01d5fd-ebea-4e2d-a2ee-aadeea47d849', NULL, '3867 44TH AVE NE', NULL, NULL, NULL, NULL),
	('cf8a3a60-d1be-4025-9762-5aea730444b3', '3b01d5fd-ebea-4e2d-a2ee-aadeea47d849', NULL, '3863 44TH AVE NE', NULL, NULL, NULL, NULL),
	('f36eb3a9-4bf9-4a41-b7e0-c11105f2f412', '3b01d5fd-ebea-4e2d-a2ee-aadeea47d849', NULL, '3859 44TH AVE NE', NULL, NULL, NULL, NULL),
	('e63eab23-aee0-4ab2-9eb1-5a1d66a8168f', '3b01d5fd-ebea-4e2d-a2ee-aadeea47d849', NULL, '3855 44TH AVE NE', NULL, NULL, NULL, NULL),
	('9644a31b-76ef-47e8-93f8-2d058a84b41d', '3b01d5fd-ebea-4e2d-a2ee-aadeea47d849', NULL, '3851 44TH AVE NE', NULL, NULL, NULL, NULL),
	('5f96ad69-4690-4d2a-87d9-42a35045bea9', '3b01d5fd-ebea-4e2d-a2ee-aadeea47d849', NULL, '3849 44TH AVE NE', NULL, NULL, NULL, NULL),
	('0bd68080-5971-4d75-8d38-a057d08c4cb5', '3b01d5fd-ebea-4e2d-a2ee-aadeea47d849', NULL, '3845 44TH AVE NE', NULL, NULL, NULL, NULL),
	('9087c115-c0e1-44c0-a7d6-31a1a1dd4ae2', '3b01d5fd-ebea-4e2d-a2ee-aadeea47d849', NULL, '3841 44TH AVE NE', NULL, NULL, NULL, NULL),
	('5161f3fe-1ac1-415a-b781-4dc2c0ba27b1', '3b01d5fd-ebea-4e2d-a2ee-aadeea47d849', NULL, '3835 44TH AVE NE', NULL, NULL, NULL, NULL),
	('162bfafa-a747-48e0-b9f2-9c3e9d50680f', '3b01d5fd-ebea-4e2d-a2ee-aadeea47d849', NULL, '3831 44TH AVE NE', NULL, NULL, NULL, NULL),
	('4a381749-a30d-480f-8bd1-7bcb9e048662', '3b01d5fd-ebea-4e2d-a2ee-aadeea47d849', NULL, '3827 44TH AVE NE', NULL, NULL, NULL, NULL),
	('1d39564e-51e4-4119-8d05-e08a35f37e63', '3b01d5fd-ebea-4e2d-a2ee-aadeea47d849', NULL, '3823 44TH AVE NE', NULL, NULL, NULL, NULL),
	('5194b636-9756-436c-a270-cce9d7383894', '3b01d5fd-ebea-4e2d-a2ee-aadeea47d849', NULL, '3819 44TH AVE NE', NULL, NULL, NULL, NULL),
	('6fef41e4-dc67-4726-a90f-8b5f4792304b', '3b01d5fd-ebea-4e2d-a2ee-aadeea47d849', NULL, '3817 44TH AVE NE', NULL, NULL, NULL, NULL),
	('ebac029f-6d8e-4f32-9699-b6b3ad4c93c8', '3b01d5fd-ebea-4e2d-a2ee-aadeea47d849', NULL, '4322 NE 38TH ST', NULL, NULL, NULL, NULL),
	('8663a50e-0aa2-4aac-831c-040680e989f0', '3b01d5fd-ebea-4e2d-a2ee-aadeea47d849', NULL, '4316 NE 38TH ST', NULL, NULL, NULL, NULL),
	('e58dffdf-2e43-49a6-9ae0-6b67cabe9473', '27865bf3-ffc3-4f0a-a8bf-653e94bc17e7', NULL, '4407 NE 41ST ST', NULL, NULL, NULL, NULL),
	('c45dc6e5-d186-4098-8a69-d14c1e349433', '27865bf3-ffc3-4f0a-a8bf-653e94bc17e7', NULL, '4011 45TH AVE NE', NULL, NULL, NULL, NULL),
	('f48f6974-fcf0-41ed-a984-d312de98d675', '27865bf3-ffc3-4f0a-a8bf-653e94bc17e7', NULL, '4007 45TH AVE NE', NULL, NULL, NULL, NULL),
	('83d09118-2083-4eb3-86fd-13d9e083570b', '27865bf3-ffc3-4f0a-a8bf-653e94bc17e7', NULL, '4001 45TH AVE NE', NULL, NULL, NULL, NULL),
	('536d462c-5039-4e10-ae88-3830cf8f597c', '27865bf3-ffc3-4f0a-a8bf-653e94bc17e7', NULL, '3883 45TH AVE NE', NULL, NULL, NULL, NULL),
	('19e60e57-7160-452a-ab19-d033d2c2280e', '27865bf3-ffc3-4f0a-a8bf-653e94bc17e7', NULL, '3877 45TH AVE NE', NULL, NULL, NULL, NULL),
	('f17d6150-5571-4c50-b7fb-1f00ef490ea2', '27865bf3-ffc3-4f0a-a8bf-653e94bc17e7', NULL, '3871 45TH AVE NE', NULL, NULL, NULL, NULL),
	('19e47f51-a1d8-40b4-b267-ce9ebe4340e3', '27865bf3-ffc3-4f0a-a8bf-653e94bc17e7', NULL, '3861 45TH AVE NE', NULL, NULL, NULL, NULL),
	('4674ca31-bff6-43fe-8f1c-5db09e74f186', '27865bf3-ffc3-4f0a-a8bf-653e94bc17e7', NULL, '3857 45TH AVE NE', NULL, NULL, NULL, NULL),
	('71482ed2-4e18-4cfe-b046-f617f7d3c417', '27865bf3-ffc3-4f0a-a8bf-653e94bc17e7', NULL, '3853 45TH AVE NE', NULL, NULL, NULL, NULL),
	('3c403a4d-2cf9-4bb2-8540-24eff9cce516', '27865bf3-ffc3-4f0a-a8bf-653e94bc17e7', NULL, '3838 44TH AVE NE', NULL, NULL, NULL, NULL),
	('093824d5-11a9-44b7-872e-5bd3002751fc', '27865bf3-ffc3-4f0a-a8bf-653e94bc17e7', NULL, '3833 45TH AVE NE', NULL, NULL, NULL, NULL),
	('4324bbc8-4100-4959-b0ae-708f314cdc60', '27865bf3-ffc3-4f0a-a8bf-653e94bc17e7', NULL, '3818 44TH AVE NE', NULL, NULL, NULL, NULL),
	('57f2bd03-cf62-4887-8271-18a1df7b8c52', '27865bf3-ffc3-4f0a-a8bf-653e94bc17e7', NULL, '3811 45TH AVE NE', NULL, NULL, NULL, NULL),
	('ed0fb52e-7a09-4aed-a135-8c54d5e500e2', '27865bf3-ffc3-4f0a-a8bf-653e94bc17e7', NULL, '4408 NE 38TH ST', NULL, NULL, NULL, NULL),
	('5d33b653-2484-4dc1-811a-2a2d28a5119c', '27865bf3-ffc3-4f0a-a8bf-653e94bc17e7', NULL, '3800 44TH AVE NE', NULL, NULL, NULL, NULL),
	('4ef5f84a-3bed-469b-80a7-dc798da186ef', 'f1e27c88-0e80-4aa7-91b2-cd8c7263c0c5', NULL, '3835 46TH AVE NE', NULL, NULL, NULL, NULL),
	('34cad0a8-1c10-43aa-83b9-fe9a6d66ccdb', 'f1e27c88-0e80-4aa7-91b2-cd8c7263c0c5', NULL, '3831 46TH AVE NE', NULL, NULL, NULL, NULL),
	('a9018861-d1a3-4ec2-9c69-365f0c22d9ce', 'f1e27c88-0e80-4aa7-91b2-cd8c7263c0c5', NULL, '3829 46TH AVE NE', NULL, NULL, NULL, NULL),
	('13ab8a16-eaf7-43d0-ab72-afff5f2e1c64', 'f1e27c88-0e80-4aa7-91b2-cd8c7263c0c5', NULL, '3825 46TH AVE NE', NULL, NULL, NULL, NULL),
	('64605e77-f29b-4309-931e-0bff3fe2a975', 'f1e27c88-0e80-4aa7-91b2-cd8c7263c0c5', NULL, '3821 46TH AVE NE', NULL, NULL, NULL, NULL),
	('ca6092aa-a1c5-4237-9797-7232cd6edaac', 'f1e27c88-0e80-4aa7-91b2-cd8c7263c0c5', NULL, '3815 46TH AVE NE', NULL, NULL, NULL, NULL),
	('ffb8a4a6-74b5-4f43-a0d5-ee508f15e34e', 'f1e27c88-0e80-4aa7-91b2-cd8c7263c0c5', NULL, '3818 45TH AVE NE', NULL, NULL, NULL, NULL),
	('bb1a5c85-a33a-44ee-8a88-a1d7694576d6', 'f1e27c88-0e80-4aa7-91b2-cd8c7263c0c5', NULL, '3812 45TH AVE NE', NULL, NULL, NULL, NULL),
	('a10de25f-5050-476e-9b03-3fecbe2f3e08', 'f1e27c88-0e80-4aa7-91b2-cd8c7263c0c5', NULL, '3801 46TH AVE NE', NULL, NULL, NULL, NULL),
	('42524d31-a99f-4746-b8fc-ce02e964cb77', 'f1e27c88-0e80-4aa7-91b2-cd8c7263c0c5', NULL, '4520 NE 38TH ST', NULL, NULL, NULL, NULL),
	('b4ee60f8-e550-4c0e-90f2-f81e398e6a72', 'f1e27c88-0e80-4aa7-91b2-cd8c7263c0c5', NULL, '4516 NE 38TH ST', NULL, NULL, NULL, NULL),
	('94a9c8d7-f015-41c1-8c6c-92792de4d882', 'f1e27c88-0e80-4aa7-91b2-cd8c7263c0c5', NULL, '4512 NE 38TH ST', NULL, NULL, NULL, NULL),
	('39e0ef36-7175-4f0c-b8d4-c88901b0e25a', 'f1e27c88-0e80-4aa7-91b2-cd8c7263c0c5', NULL, '4508 NE 38TH ST', NULL, NULL, NULL, NULL),
	('b45f09a3-7436-419d-a3c4-a800b81b9dd4', 'f1e27c88-0e80-4aa7-91b2-cd8c7263c0c5', NULL, '4502 NE 38TH ST', NULL, NULL, NULL, NULL),
	('69ec91e9-5c8a-4ed7-8191-91b4a31ec625', 'f1e27c88-0e80-4aa7-91b2-cd8c7263c0c5', NULL, '3834 46TH AVE NE', NULL, NULL, NULL, NULL),
	('8f06eaaa-234f-4e75-ab5c-07868701ebe9', 'f1e27c88-0e80-4aa7-91b2-cd8c7263c0c5', NULL, '3826 46TH AVE NE', NULL, NULL, NULL, NULL),
	('bb109836-ac72-4695-a7cf-08192eec4763', 'f1e27c88-0e80-4aa7-91b2-cd8c7263c0c5', NULL, '3822 46TH AVE NE', NULL, NULL, NULL, NULL),
	('fadf20d0-04fe-4329-9ffd-58121973f705', 'f1e27c88-0e80-4aa7-91b2-cd8c7263c0c5', NULL, '3818 46TH AVE NE', NULL, NULL, NULL, NULL),
	('dc2f0a4b-8690-4b1b-9210-477258c6e83a', 'f1e27c88-0e80-4aa7-91b2-cd8c7263c0c5', NULL, '3814 46TH AVE NE', NULL, NULL, NULL, NULL),
	('76580d35-39e8-4c7c-9f0f-c3ef4649208e', 'f1e27c88-0e80-4aa7-91b2-cd8c7263c0c5', NULL, '3810 46TH AVE NE', NULL, NULL, NULL, NULL),
	('aba9cd21-1899-4a08-a703-927a8657e358', 'f1e27c88-0e80-4aa7-91b2-cd8c7263c0c5', NULL, '3806 46TH AVE NE', NULL, NULL, NULL, NULL),
	('e5617dad-80ae-45ac-ae13-6751b5be5577', 'f1e27c88-0e80-4aa7-91b2-cd8c7263c0c5', NULL, '3802 46TH AVE NE', NULL, NULL, NULL, NULL),
	('68377250-3913-4d3b-8c37-8fb3aa608ab1', 'f1e27c88-0e80-4aa7-91b2-cd8c7263c0c5', NULL, '4610 NE 38TH ST', NULL, NULL, NULL, NULL),
	('915f0bb2-f02a-41cf-87f7-12eb932f0490', 'ac1b100d-2121-44f5-88a0-e3036cd39e50', NULL, '3871 46TH AVE NE', NULL, NULL, NULL, NULL),
	('f8f19389-4b21-416f-b62e-73b3e11750f5', 'ac1b100d-2121-44f5-88a0-e3036cd39e50', NULL, '3865 46TH AVE NE', NULL, NULL, NULL, NULL),
	('e2e95ed0-bd77-4f06-a2cb-66716f721dcf', 'ac1b100d-2121-44f5-88a0-e3036cd39e50', NULL, '3861 46TH AVE NE', NULL, NULL, NULL, NULL),
	('4280e8e6-0419-4de9-a4b8-46e67d44dd2f', 'ac1b100d-2121-44f5-88a0-e3036cd39e50', NULL, '3857 46TH AVE NE', NULL, NULL, NULL, NULL),
	('04d19503-7f22-440f-8760-c87746e0fef9', 'ac1b100d-2121-44f5-88a0-e3036cd39e50', NULL, '3853 46TH AVE NE', NULL, NULL, NULL, NULL),
	('c99f2b93-3584-47a4-b613-b1df50a14a04', 'ac1b100d-2121-44f5-88a0-e3036cd39e50', NULL, '3847 46TH AVE NE', NULL, NULL, NULL, NULL),
	('29b2cd07-5a03-4f4f-9a7d-a3835556ff19', 'ac1b100d-2121-44f5-88a0-e3036cd39e50', NULL, '3843 46TH AVE NE', NULL, NULL, NULL, NULL),
	('59be6467-4209-4ed4-9f79-038c8bfe1d24', 'ac1b100d-2121-44f5-88a0-e3036cd39e50', NULL, '3839 46TH AVE NE', NULL, NULL, NULL, NULL),
	('a8bc7e8a-2bcd-40f9-92c5-150fc023889b', 'ac1b100d-2121-44f5-88a0-e3036cd39e50', NULL, '4603 NE 40TH ST', NULL, NULL, NULL, NULL),
	('412240c6-f766-418d-81d6-a8c75412a1d1', 'ac1b100d-2121-44f5-88a0-e3036cd39e50', NULL, '3870 46TH AVE NE', NULL, NULL, NULL, NULL),
	('494f9500-4261-4dd8-9a83-003f52ba9a4c', 'ac1b100d-2121-44f5-88a0-e3036cd39e50', NULL, '3866 46TH AVE NE', NULL, NULL, NULL, NULL),
	('41a8f037-bd23-416a-ab4f-8f15d20bfe3d', 'ac1b100d-2121-44f5-88a0-e3036cd39e50', NULL, '3858 46TH AVE NE', NULL, NULL, NULL, NULL),
	('9e6ff28d-dc90-4a48-b7e7-53d54184b706', 'ac1b100d-2121-44f5-88a0-e3036cd39e50', NULL, '3856 46TH AVE NE', NULL, NULL, NULL, NULL),
	('bdf42aac-f56a-4774-8407-f39c9151f90c', 'ac1b100d-2121-44f5-88a0-e3036cd39e50', NULL, '3852 46TH AVE NE', NULL, NULL, NULL, NULL),
	('950ac3cf-efa1-4837-8dd1-c11e5d946a2e', 'ac1b100d-2121-44f5-88a0-e3036cd39e50', NULL, '3846 46TH AVE NE', NULL, NULL, NULL, NULL),
	('74d02b41-bcf2-4ce3-8b20-59a13e6a14ed', 'ac1b100d-2121-44f5-88a0-e3036cd39e50', NULL, '3842 46TH AVE NE', NULL, NULL, NULL, NULL),
	('985c6501-c4e6-4a39-8eeb-848c23086830', 'ac1b100d-2121-44f5-88a0-e3036cd39e50', NULL, '3836 46TH AVE NE', NULL, NULL, NULL, NULL),
	('46e68ce1-a8be-4d92-bedb-30b789eac4b8', 'f1210aac-18ae-41e4-be64-b2ecb7c516fd', NULL, '3827 47TH AVE NE', NULL, NULL, NULL, NULL),
	('866c7aee-08d6-4be8-a93f-112a6c8fec44', 'f1210aac-18ae-41e4-be64-b2ecb7c516fd', NULL, '3831 47TH AVE NE', NULL, NULL, NULL, NULL),
	('0a1fbb77-cfd3-497f-917e-bb4036659a8b', 'f1210aac-18ae-41e4-be64-b2ecb7c516fd', NULL, '3901 47TH AVE NE', NULL, NULL, NULL, NULL),
	('20f12d62-f1b9-4efe-b11f-1fe34e5a716f', 'f1210aac-18ae-41e4-be64-b2ecb7c516fd', NULL, '3907 47TH AVE NE', NULL, NULL, NULL, NULL),
	('18308094-758c-4bae-a004-717e35b50cc7', 'f1210aac-18ae-41e4-be64-b2ecb7c516fd', NULL, '3911 47TH AVE NE', NULL, NULL, NULL, NULL),
	('15a6951d-3457-4c43-bd7e-7d291ae55405', 'f1210aac-18ae-41e4-be64-b2ecb7c516fd', NULL, '3915 47TH AVE NE', NULL, NULL, NULL, NULL),
	('3643ed3d-c1ef-4fba-b7a5-6789cd5ff817', 'f1210aac-18ae-41e4-be64-b2ecb7c516fd', NULL, '3921 47TH AVE NE', NULL, NULL, NULL, NULL),
	('38a8045c-36a2-4e00-aa49-20a776649d89', 'f1210aac-18ae-41e4-be64-b2ecb7c516fd', NULL, '3925 47TH AVE NE', NULL, NULL, NULL, NULL),
	('791eac36-2d2e-4f44-b6c3-f4d7ba9bd2c3', 'f1210aac-18ae-41e4-be64-b2ecb7c516fd', NULL, '3931 47TH AVE NE', NULL, NULL, NULL, NULL),
	('88c8bfe6-c327-4c70-9477-b1e66f06ac74', 'f1210aac-18ae-41e4-be64-b2ecb7c516fd', NULL, '3935 47TH AVE NE', NULL, NULL, NULL, NULL),
	('6f39e436-c135-4208-a034-472abbf7eaf8', 'f1210aac-18ae-41e4-be64-b2ecb7c516fd', NULL, '3941 47TH AVE NE', NULL, NULL, NULL, NULL),
	('b2e2f38d-47b6-4665-998e-6c03db953015', 'f1210aac-18ae-41e4-be64-b2ecb7c516fd', NULL, '3940 47TH AVE NE', NULL, NULL, NULL, NULL),
	('2bcfe54f-d37e-47dc-93a7-bedb1c5f85ce', 'f1210aac-18ae-41e4-be64-b2ecb7c516fd', NULL, '3934 47TH AVE NE', NULL, NULL, NULL, NULL),
	('4a72d07b-4845-42fc-9d62-4ccc2669c93b', 'f1210aac-18ae-41e4-be64-b2ecb7c516fd', NULL, '3926 47TH AVE NE', NULL, NULL, NULL, NULL),
	('b2f5eb47-f016-4c74-a522-6b4fec4d905c', 'f1210aac-18ae-41e4-be64-b2ecb7c516fd', NULL, '3922 47TH AVE NE', NULL, NULL, NULL, NULL),
	('6127e020-81fe-4e84-bf66-fd09fd21ee75', 'f1210aac-18ae-41e4-be64-b2ecb7c516fd', NULL, '3914 47TH AVE NE', NULL, NULL, NULL, NULL),
	('74966c25-bb87-4739-9b38-a2778673e805', 'f1210aac-18ae-41e4-be64-b2ecb7c516fd', NULL, '4702 NE 39TH ST', NULL, NULL, NULL, NULL),
	('e5d11488-ec27-4bb0-aad9-ef77ae550658', '04cd502f-df7e-4511-8d4a-a25dc5ffd3d0', NULL, '3809 47TH AVE NE', NULL, NULL, NULL, NULL),
	('1008489b-e19e-47b0-b350-92a4553f2416', '04cd502f-df7e-4511-8d4a-a25dc5ffd3d0', NULL, '3821 47TH AVE NE', NULL, NULL, NULL, NULL),
	('ddf8d899-ec55-4833-b2e1-bebb834cbccc', '04cd502f-df7e-4511-8d4a-a25dc5ffd3d0', NULL, '3823 47TH AVE NE', NULL, NULL, NULL, NULL),
	('4b862acb-653d-498e-9e48-c21495846ddb', '04cd502f-df7e-4511-8d4a-a25dc5ffd3d0', NULL, '3814 47TH AVE NE', NULL, NULL, NULL, NULL),
	('35d81f3d-b92d-4fc7-89e1-08143839b7a7', '04cd502f-df7e-4511-8d4a-a25dc5ffd3d0', NULL, '3808 47TH AVE NE', NULL, NULL, NULL, NULL),
	('cabced4e-7d2b-4a79-8cbb-ed7f38b48e29', '04cd502f-df7e-4511-8d4a-a25dc5ffd3d0', NULL, '3802 47TH AVE NE', NULL, NULL, NULL, NULL),
	('b7d3a902-c6f0-4675-8174-f95f25baadbd', '04cd502f-df7e-4511-8d4a-a25dc5ffd3d0', NULL, '3736 47TH PL NE', NULL, NULL, NULL, NULL),
	('eb17e6d9-c89a-4daa-9337-ee6132c39381', '04cd502f-df7e-4511-8d4a-a25dc5ffd3d0', NULL, '3732 47TH PL NE', NULL, NULL, NULL, NULL),
	('fdff39e0-3ab3-4635-877a-add5e73ffef3', '04cd502f-df7e-4511-8d4a-a25dc5ffd3d0', NULL, '3726 47TH PL NE', NULL, NULL, NULL, NULL),
	('126ece5b-8499-4882-843f-cb43b5d693ad', '04cd502f-df7e-4511-8d4a-a25dc5ffd3d0', NULL, '3716 47TH PL NE', NULL, NULL, NULL, NULL),
	('5254840c-f706-46b4-bb77-91deec0d49a5', '04cd502f-df7e-4511-8d4a-a25dc5ffd3d0', NULL, '3706 47TH PL NE', NULL, NULL, NULL, NULL),
	('c8f37082-f6ec-4ab3-948b-a2a59c20bbc5', '04cd502f-df7e-4511-8d4a-a25dc5ffd3d0', NULL, '3733 47TH PL NE', NULL, NULL, NULL, NULL),
	('49803b97-f60c-47c8-85e2-1310344425bf', '04cd502f-df7e-4511-8d4a-a25dc5ffd3d0', NULL, '3725 47TH PL NE', NULL, NULL, NULL, NULL),
	('46c95b6b-a0a6-4f40-ad6f-1f4406f7f25c', '04cd502f-df7e-4511-8d4a-a25dc5ffd3d0', NULL, '3721 47TH PL NE', NULL, NULL, NULL, NULL),
	('eafb7ccb-77bf-478c-8b46-b21e902d96dd', '04cd502f-df7e-4511-8d4a-a25dc5ffd3d0', NULL, '3715 47TH PL NE', NULL, NULL, NULL, NULL),
	('35b8d26c-2ef0-4c8a-b89b-f84a5859b0cd', '04cd502f-df7e-4511-8d4a-a25dc5ffd3d0', NULL, '3711 47TH PL NE', NULL, NULL, NULL, NULL),
	('3db68eb3-f42b-4490-9cbe-5431c14e239a', '04cd502f-df7e-4511-8d4a-a25dc5ffd3d0', NULL, '3707 47TH PL NE', NULL, NULL, NULL, NULL),
	('4995a0c1-fa17-4f6d-9cdc-f668f88fbb2b', 'a02abffc-9097-4565-a576-7a5110cac84f', NULL, '4714 NE 39TH ST', NULL, NULL, NULL, NULL),
	('dd3ae225-6d4f-4e18-b3d8-6468b4ff27f3', 'a02abffc-9097-4565-a576-7a5110cac84f', NULL, '3907 48TH AVE NE', NULL, NULL, NULL, NULL),
	('6b59d2fb-b4bf-4bb5-abbd-db99859e602c', 'a02abffc-9097-4565-a576-7a5110cac84f', NULL, '3919 48TH AVE NE', NULL, NULL, NULL, NULL),
	('2420ed90-323b-496d-9460-397c4f953ac0', 'a02abffc-9097-4565-a576-7a5110cac84f', NULL, '3925 48TH AVE NE', NULL, NULL, NULL, NULL),
	('9b225866-8789-464b-9be7-7c37ec25d739', 'a02abffc-9097-4565-a576-7a5110cac84f', NULL, '4805 NE 40TH ST', NULL, NULL, NULL, NULL),
	('69d7030b-9171-4e88-9161-10deb72e89c0', 'a02abffc-9097-4565-a576-7a5110cac84f', NULL, '3916 48TH AVE NE', NULL, NULL, NULL, NULL),
	('f3259b21-e20c-45b0-a087-f2c8e0e0f3d1', 'a02abffc-9097-4565-a576-7a5110cac84f', NULL, '3912 48TH AVE NE', NULL, NULL, NULL, NULL),
	('14ec5754-eac1-483d-8ad8-ffe5ef2da876', 'a02abffc-9097-4565-a576-7a5110cac84f', NULL, '4802 NE 39TH ST', NULL, NULL, NULL, NULL),
	('a11d54ef-2641-4a73-aee7-a4156ede9a0f', 'c08a4054-51ec-4f96-9ec2-dcc1f0ac078c', NULL, '3841 48TH AVE NE', NULL, NULL, NULL, NULL),
	('05c67094-e779-4a48-82b8-9925d0e9a98d', 'c08a4054-51ec-4f96-9ec2-dcc1f0ac078c', NULL, '4715 NE 39TH ST', NULL, NULL, NULL, NULL),
	('72e8ce2b-affa-4af3-9bac-cb58b174365c', 'c08a4054-51ec-4f96-9ec2-dcc1f0ac078c', NULL, '4701 NE 39TH ST', NULL, NULL, NULL, NULL),
	('0d1f9ac0-fc18-4a37-ad78-95e8db2c7af1', 'c08a4054-51ec-4f96-9ec2-dcc1f0ac078c', NULL, '3711 48TH AVE NE', NULL, NULL, NULL, NULL),
	('b7836cb0-1483-46b7-9e6f-e25b4db4d088', 'c08a4054-51ec-4f96-9ec2-dcc1f0ac078c', NULL, '3807 48TH AVE NE', NULL, NULL, NULL, NULL),
	('b95fcd28-bd5f-4484-93b6-352bcb259c1a', 'c08a4054-51ec-4f96-9ec2-dcc1f0ac078c', NULL, '3811 48TH AVE NE', NULL, NULL, NULL, NULL),
	('c8d66a30-9901-4807-907b-470daf3bd83b', 'c08a4054-51ec-4f96-9ec2-dcc1f0ac078c', NULL, '3817 48TH AVE NE', NULL, NULL, NULL, NULL),
	('53cdb65e-dffc-4d1b-98de-fbc5061e0f50', 'c08a4054-51ec-4f96-9ec2-dcc1f0ac078c', NULL, '3825 48TH AVE NE', NULL, NULL, NULL, NULL),
	('d56269b0-d2da-45c4-b6d0-11cf4777d1de', 'c08a4054-51ec-4f96-9ec2-dcc1f0ac078c', NULL, '3831 48TH AVE NE', NULL, NULL, NULL, NULL),
	('ced0e5a2-fc7a-4000-be00-b5ce21366761', 'c08a4054-51ec-4f96-9ec2-dcc1f0ac078c', NULL, '3837 48TH AVE NE', NULL, NULL, NULL, NULL),
	('72930ad8-0365-48cd-b81b-64de61a32284', 'c08a4054-51ec-4f96-9ec2-dcc1f0ac078c', NULL, '3704 48TH AVE NE', NULL, NULL, NULL, NULL),
	('6bdd4e00-e96e-4793-95a2-136a3134b8e3', 'c08a4054-51ec-4f96-9ec2-dcc1f0ac078c', NULL, '3714 48TH AVE NE', NULL, NULL, NULL, NULL),
	('90f8802d-099d-4792-b46a-a08e02e0c3c2', 'c08a4054-51ec-4f96-9ec2-dcc1f0ac078c', NULL, '3718 48TH AVE NE', NULL, NULL, NULL, NULL),
	('d1a63000-dcfa-47b1-8a87-f6163a783c69', 'c08a4054-51ec-4f96-9ec2-dcc1f0ac078c', NULL, '3802 48TH AVE NE', NULL, NULL, NULL, NULL),
	('56aef121-30a9-4631-aab4-450e7a412a9f', 'c08a4054-51ec-4f96-9ec2-dcc1f0ac078c', NULL, '4803 NE 39TH ST', NULL, NULL, NULL, NULL),
	('8d78ccf9-2022-43a7-8949-344f2ed25feb', 'c08a4054-51ec-4f96-9ec2-dcc1f0ac078c', NULL, '3838 48TH AVE NE', NULL, NULL, NULL, NULL),
	('bfd0218a-1243-4388-b117-d17fd78ee66a', 'c08a4054-51ec-4f96-9ec2-dcc1f0ac078c', NULL, '3832 48TH AVE NE', NULL, NULL, NULL, NULL),
	('3dd40c43-1151-4cad-b8cc-095b48812e37', 'c08a4054-51ec-4f96-9ec2-dcc1f0ac078c', NULL, '3828 48TH AVE NE', NULL, NULL, NULL, NULL),
	('4ae10347-2a1e-434e-b3f7-2f1f730692bd', 'c08a4054-51ec-4f96-9ec2-dcc1f0ac078c', NULL, '3824 48TH AVE NE', NULL, NULL, NULL, NULL),
	('21668f1c-7bd6-4eee-ab40-4d0e83db1a85', 'c08a4054-51ec-4f96-9ec2-dcc1f0ac078c', NULL, '3820 48TH AVE NE', NULL, NULL, NULL, NULL),
	('aecd6d40-667c-4068-a0c5-8bafce5b8e65', 'c08a4054-51ec-4f96-9ec2-dcc1f0ac078c', NULL, '3812 48TH AVE NE', NULL, NULL, NULL, NULL),
	('8a64d7c7-df65-459c-87ab-61c0a6a897b5', 'c08a4054-51ec-4f96-9ec2-dcc1f0ac078c', NULL, '3804 48TH AVE NE', NULL, NULL, NULL, NULL),
	('9be0e977-91aa-4eb1-b2e0-5514ec099ec2', '407f2209-e401-4d90-aec6-1f8e20cba1bd', NULL, '3801 49TH AVE NE', NULL, NULL, NULL, NULL),
	('a64de082-30f7-46d0-95ea-bdfc0985f206', '407f2209-e401-4d90-aec6-1f8e20cba1bd', NULL, '3803 49TH AVE NE', NULL, NULL, NULL, NULL),
	('ebb4bcce-9ff7-4f2e-a627-8a658c7fa97a', '407f2209-e401-4d90-aec6-1f8e20cba1bd', NULL, '3808 48TH AVE NE', NULL, NULL, NULL, NULL),
	('71361fa3-ac7d-476a-a2ac-6ecea89a0bb0', '407f2209-e401-4d90-aec6-1f8e20cba1bd', NULL, '3817 49TH AVE NE', NULL, NULL, NULL, NULL),
	('9c92dc54-8f2f-4d26-a7d4-b22dcc8a6192', '407f2209-e401-4d90-aec6-1f8e20cba1bd', NULL, '3821 49TH AVE NE', NULL, NULL, NULL, NULL),
	('f7ebd925-35d9-47f1-a4ad-25bec11df1a1', '407f2209-e401-4d90-aec6-1f8e20cba1bd', NULL, '3827 49TH AVE NE', NULL, NULL, NULL, NULL),
	('c11e8e53-556a-40da-b193-e47e80331cd6', '407f2209-e401-4d90-aec6-1f8e20cba1bd', NULL, '3831 49TH AVE NE', NULL, NULL, NULL, NULL),
	('9b202119-790c-489d-9791-66b3e3bfc7c5', '407f2209-e401-4d90-aec6-1f8e20cba1bd', NULL, '3839 49TH AVE NE', NULL, NULL, NULL, NULL),
	('5c4b9b16-8248-44ee-9805-cdc89a192864', '407f2209-e401-4d90-aec6-1f8e20cba1bd', NULL, '3845 49TH AVE NE', NULL, NULL, NULL, NULL),
	('66e7ffa3-354d-4f35-a356-b2dad43194ea', '407f2209-e401-4d90-aec6-1f8e20cba1bd', NULL, '4851 NE 39TH ST', NULL, NULL, NULL, NULL),
	('d06fb4b5-1677-4b3f-b133-b603cca62aeb', '407f2209-e401-4d90-aec6-1f8e20cba1bd', NULL, '4863 NE 39TH ST', NULL, NULL, NULL, NULL),
	('d0ab3f4d-eb54-4861-a5ca-c556fd3d8101', '407f2209-e401-4d90-aec6-1f8e20cba1bd', NULL, '4907 NE 39TH ST', NULL, NULL, NULL, NULL),
	('c82ff6a9-6446-4840-b0d4-3d754dff31c7', '407f2209-e401-4d90-aec6-1f8e20cba1bd', NULL, '3844 49TH AVE NE', NULL, NULL, NULL, NULL),
	('9cefe611-9a22-4168-9437-937e1c26d4cf', '407f2209-e401-4d90-aec6-1f8e20cba1bd', NULL, '3840 49TH AVE NE', NULL, NULL, NULL, NULL),
	('fd706c41-c212-46c1-b662-6589ad3008cb', '407f2209-e401-4d90-aec6-1f8e20cba1bd', NULL, '3834 49TH AVE NE', NULL, NULL, NULL, NULL),
	('8f4cadbb-af4a-41f4-bdf3-7625182e31af', '407f2209-e401-4d90-aec6-1f8e20cba1bd', NULL, '3828 49TH AVE NE', NULL, NULL, NULL, NULL),
	('2f499ca0-b50f-4f37-a3cd-32c613c79425', '407f2209-e401-4d90-aec6-1f8e20cba1bd', NULL, '3824 49TH AVE NE', NULL, NULL, NULL, NULL),
	('ba888cb3-9f4b-48a0-a595-920668d3a15c', '407f2209-e401-4d90-aec6-1f8e20cba1bd', NULL, '3820 49TH AVE NE', NULL, NULL, NULL, NULL),
	('cd8d6793-6a7b-4396-b6ac-82004f8d3f8d', '407f2209-e401-4d90-aec6-1f8e20cba1bd', NULL, '3816 49TH AVE NE', NULL, NULL, NULL, NULL),
	('16a612b2-33f6-4e58-9dd8-09415b78ae73', '407f2209-e401-4d90-aec6-1f8e20cba1bd', NULL, '3810 49TH AVE NE', NULL, NULL, NULL, NULL),
	('47152018-d506-4edf-893d-b4b1d47c8e1e', '407f2209-e401-4d90-aec6-1f8e20cba1bd', NULL, '3808 49TH AVE NE', NULL, NULL, NULL, NULL),
	('5c9d3634-e813-4712-9587-9e7586044dcc', '407f2209-e401-4d90-aec6-1f8e20cba1bd', NULL, '3630 49TH AVE NE', NULL, NULL, NULL, NULL),
	('ba2deb7c-772d-4441-a662-a90d13ded99b', '407f2209-e401-4d90-aec6-1f8e20cba1bd', NULL, '3638 49TH AVE NE', NULL, NULL, NULL, NULL),
	('1fa6128f-1c57-47d0-ab9a-4f536165161e', 'da108014-277b-46b8-b81f-76e621a97d73', NULL, '3645 50TH AVE NE', NULL, NULL, NULL, NULL),
	('33957c08-588c-45ad-b2c5-575eb4033b7f', 'da108014-277b-46b8-b81f-76e621a97d73', NULL, '3663 50TH AVE NE', NULL, NULL, NULL, NULL),
	('d5f9f359-dbdf-4655-a72c-d297c102b9cf', 'da108014-277b-46b8-b81f-76e621a97d73', NULL, '3661 50TH AVE NE', NULL, NULL, NULL, NULL),
	('e35c5625-d5b6-4203-aa8c-633a6085f589', 'da108014-277b-46b8-b81f-76e621a97d73', NULL, '3665 50TH AVE NE', NULL, NULL, NULL, NULL),
	('a94d745e-c875-49d9-8890-746b0589b2d8', 'da108014-277b-46b8-b81f-76e621a97d73', NULL, '3851 50TH AVE NE', NULL, NULL, NULL, NULL),
	('e87ba76e-b13f-40e1-b3b8-2d6391e7c32d', 'da108014-277b-46b8-b81f-76e621a97d73', NULL, '3857 50TH AVE NE', NULL, NULL, NULL, NULL),
	('5ca42320-0429-4ce9-a91a-05eabbd6c728', 'da108014-277b-46b8-b81f-76e621a97d73', NULL, '3863 50TH AVE NE', NULL, NULL, NULL, NULL),
	('1c1f651b-a97e-412a-b623-d55cd69088e2', 'da108014-277b-46b8-b81f-76e621a97d73', NULL, '3867 50TH AVE NE', NULL, NULL, NULL, NULL),
	('1a1a06f1-b2a6-4532-bd90-43a16f1bc2ff', 'da108014-277b-46b8-b81f-76e621a97d73', NULL, '3871 50TH AVE NE', NULL, NULL, NULL, NULL),
	('6fd170b5-733f-49e6-88d7-39ba1d46bb09', 'da108014-277b-46b8-b81f-76e621a97d73', NULL, '4921 NE 39TH ST', NULL, NULL, NULL, NULL),
	('a3ead6bd-04e3-4285-b03b-abd7e8f93c08', 'da108014-277b-46b8-b81f-76e621a97d73', NULL, '3876 50TH AVE NE', NULL, NULL, NULL, NULL),
	('d050f444-25d4-4beb-9c20-9b10d240ec69', 'da108014-277b-46b8-b81f-76e621a97d73', NULL, '3872 50TH AVE NE', NULL, NULL, NULL, NULL),
	('4b2af93d-1e07-4b5b-9700-81d0774b7b6b', 'da108014-277b-46b8-b81f-76e621a97d73', NULL, '3866 50TH AVE NE', NULL, NULL, NULL, NULL),
	('79950df1-81db-4c90-9366-d91d5845006a', 'da108014-277b-46b8-b81f-76e621a97d73', NULL, '3856 50TH AVE NE', NULL, NULL, NULL, NULL),
	('ea3627b1-381c-4a11-82a7-b65fcc53feec', 'da108014-277b-46b8-b81f-76e621a97d73', NULL, '3850 50TH AVE NE', NULL, NULL, NULL, NULL),
	('27c03292-b4a3-476c-a74a-ff56d097c6b1', 'da108014-277b-46b8-b81f-76e621a97d73', NULL, '3652 50TH AVE NE', NULL, NULL, NULL, NULL),
	('785f3330-ab58-499b-81ff-62e7037883b0', 'da108014-277b-46b8-b81f-76e621a97d73', NULL, '3658 50TH AVE NE', NULL, NULL, NULL, NULL),
	('d77ef4c3-08af-4682-be04-9552dae59a3a', 'da108014-277b-46b8-b81f-76e621a97d73', NULL, '3638 50TH AVE NE', NULL, NULL, NULL, NULL),
	('e2c826f9-a718-4842-8812-8b79193786d6', '90cc38d6-3fb0-494a-9e91-d964613819e0', NULL, '4870 NE 39TH ST', NULL, NULL, NULL, NULL),
	('b155a199-2bba-45ec-853b-2d473fe561ac', '90cc38d6-3fb0-494a-9e91-d964613819e0', NULL, '3909 49TH AVE NE', NULL, NULL, NULL, NULL),
	('f9781259-da35-4c6e-826d-68f823984031', '90cc38d6-3fb0-494a-9e91-d964613819e0', NULL, '3915 49TH AVE NE', NULL, NULL, NULL, NULL),
	('e68b6e76-2667-461e-aaba-d5d9b6bd985a', '90cc38d6-3fb0-494a-9e91-d964613819e0', NULL, '4905 NE 40TH ST', NULL, NULL, NULL, NULL),
	('547580d1-7261-4a3e-8125-9dbac6f8c758', '90cc38d6-3fb0-494a-9e91-d964613819e0', NULL, '3909 50TH AVE NE', NULL, NULL, NULL, NULL),
	('9cc6dda7-f9c3-49b2-adea-f9164f1b5f3b', '90cc38d6-3fb0-494a-9e91-d964613819e0', NULL, '4900 NE 39TH ST', NULL, NULL, NULL, NULL),
	('f081a850-236c-46b3-be99-4f88b9a323c3', '90cc38d6-3fb0-494a-9e91-d964613819e0', NULL, '3920 50TH AVE NE', NULL, NULL, NULL, NULL),
	('24f98692-c2d9-4e1a-bc26-a65ec66ad5d5', '90cc38d6-3fb0-494a-9e91-d964613819e0', NULL, '3906 50TH AVE NE', NULL, NULL, NULL, NULL),
	('08bbff3e-5be2-4dd9-aba7-25d26e34061b', '90cc38d6-3fb0-494a-9e91-d964613819e0', NULL, '3900 50TH AVE NE', NULL, NULL, NULL, NULL),
	('a8dce232-f9cc-4784-9337-0e3a779b86f1', '90cc38d6-3fb0-494a-9e91-d964613819e0', NULL, '4002 50TH AVE NE', NULL, NULL, NULL, NULL),
	('b921cadf-d825-4166-8420-8259f2fcfbc5', '90cc38d6-3fb0-494a-9e91-d964613819e0', NULL, '4004 50TH AVE NE', NULL, NULL, NULL, NULL),
	('7e4f08bb-32a8-458c-92d2-ef19c2b52ac4', '90cc38d6-3fb0-494a-9e91-d964613819e0', NULL, '5003 NE 41ST ST', NULL, NULL, NULL, NULL),
	('8958fe05-86e7-40e8-9829-17cf8211208a', '49fd9a88-3a7d-4389-a8d0-da3476b57784', NULL, '5101 NE 41ST ST', NULL, NULL, NULL, NULL),
	('f4a0ef67-df00-411a-bf5b-7bc269f4963f', '49fd9a88-3a7d-4389-a8d0-da3476b57784', NULL, '3864 51ST AVE NE', NULL, NULL, NULL, NULL),
	('e171185c-787a-42e6-8884-afe8e73f428b', '49fd9a88-3a7d-4389-a8d0-da3476b57784', NULL, '3860 51ST AVE NE', NULL, NULL, NULL, NULL),
	('f0f2ce7b-6d20-4a6c-a497-7be7a19343a1', '49fd9a88-3a7d-4389-a8d0-da3476b57784', NULL, '3915 51ST AVE NE', NULL, NULL, NULL, NULL),
	('af1de4b9-e7f1-4544-8ba1-743aaaf2eb20', '49fd9a88-3a7d-4389-a8d0-da3476b57784', NULL, '3909 51ST AVE NE', NULL, NULL, NULL, NULL),
	('db17e63d-26be-410f-bcd7-1c8e3ad98b01', '49fd9a88-3a7d-4389-a8d0-da3476b57784', NULL, '3879 51ST AVE NE', NULL, NULL, NULL, NULL),
	('1b8da501-9b7e-414b-b1cd-b1b2047223ea', '49fd9a88-3a7d-4389-a8d0-da3476b57784', NULL, '3863 51ST AVE NE', NULL, NULL, NULL, NULL),
	('a56136e2-f3ac-4cf7-a15b-2a62a41f57b0', '49fd9a88-3a7d-4389-a8d0-da3476b57784', NULL, '3855 51ST AVE NE', NULL, NULL, NULL, NULL),
	('ac3dafba-9b65-4646-b33c-f4f2c34fae4e', '49fd9a88-3a7d-4389-a8d0-da3476b57784', NULL, '3935 51ST AVE NE', NULL, NULL, NULL, NULL),
	('d30665dc-e1e1-4e52-aa82-db457a5b03f5', '49fd9a88-3a7d-4389-a8d0-da3476b57784', NULL, '3925 51ST AVE NE', NULL, NULL, NULL, NULL),
	('c8e7fe45-42ef-4835-856c-46ec837b8d90', 'dc764f7c-0f68-4898-9f46-1c1b83f0706c', NULL, '5157 NE LATIMER PL', NULL, NULL, NULL, NULL),
	('6f185f49-77b9-467c-addd-6239f421fc40', 'dc764f7c-0f68-4898-9f46-1c1b83f0706c', NULL, '5150 NE LATIMER PL', NULL, NULL, NULL, NULL),
	('ffe4c86f-a5f7-4fff-8129-574370652da7', 'dc764f7c-0f68-4898-9f46-1c1b83f0706c', NULL, '5134 NE LATIMER PL', NULL, NULL, NULL, NULL),
	('b79219d9-e27f-4c2d-8ab7-3bcdb7d852d3', 'dc764f7c-0f68-4898-9f46-1c1b83f0706c', NULL, '5124 NE LATIMER PL', NULL, NULL, NULL, NULL),
	('0f47ba94-6de9-45b2-9910-713a9bc87199', 'dc764f7c-0f68-4898-9f46-1c1b83f0706c', NULL, '5120 NE LATIMER PL', NULL, NULL, NULL, NULL),
	('a4e59122-63dc-4349-b7af-a57a49efad19', 'dc764f7c-0f68-4898-9f46-1c1b83f0706c', NULL, '5109 NE LATIMER PL', NULL, NULL, NULL, NULL),
	('c04412b7-f29d-45f9-b3cc-926d91b61b04', 'dc764f7c-0f68-4898-9f46-1c1b83f0706c', NULL, '5115 NE LATIMER PL', NULL, NULL, NULL, NULL),
	('ec80d6eb-2111-4a3d-a473-bfd85c7c1799', 'dc764f7c-0f68-4898-9f46-1c1b83f0706c', NULL, '5125 NE LATIMER PL', NULL, NULL, NULL, NULL),
	('4a4bb35a-fe6f-45fe-b235-44be730f7a6b', 'dc764f7c-0f68-4898-9f46-1c1b83f0706c', NULL, '5127 NE LATIMER PL', NULL, NULL, NULL, NULL),
	('c926c92a-d10a-42a9-afad-0313e3fbc3fc', 'dc764f7c-0f68-4898-9f46-1c1b83f0706c', NULL, '5135 NE LATIMER PL', NULL, NULL, NULL, NULL),
	('ab0b8ea2-ded8-4ae2-8c6f-fb950517856d', 'dc764f7c-0f68-4898-9f46-1c1b83f0706c', NULL, '5143 NE LATIMER PL', NULL, NULL, NULL, NULL),
	('f847d6db-16f6-47d8-8dbd-82460a86b729', 'dc764f7c-0f68-4898-9f46-1c1b83f0706c', NULL, '5147 NE LATIMER PL', NULL, NULL, NULL, NULL),
	('84344ab4-5852-4817-a980-6e8b2d12126c', 'dc764f7c-0f68-4898-9f46-1c1b83f0706c', NULL, '5155 NE LATIMER PL', NULL, NULL, NULL, NULL),
	('a9e3fcc3-c15b-43ad-b979-19a070adf585', 'dc764f7c-0f68-4898-9f46-1c1b83f0706c', NULL, '5100 NE LATIMER PL', NULL, NULL, NULL, NULL),
	('91ef234c-ea2d-4331-88dd-2a7fb6b40297', 'dc764f7c-0f68-4898-9f46-1c1b83f0706c', NULL, '5129 NE 41ST ST', NULL, NULL, NULL, NULL),
	('b4fc6c46-b14a-4986-832b-e386fb7e8b5e', 'dc764f7c-0f68-4898-9f46-1c1b83f0706c', NULL, '5137 NE 41ST ST', NULL, NULL, NULL, NULL),
	('21ba7022-b2a4-480b-9c15-9799be0bae38', 'dc764f7c-0f68-4898-9f46-1c1b83f0706c', NULL, '5145 NE 41ST ST', NULL, NULL, NULL, NULL),
	('307f556c-2bcc-4138-a69b-6eba70c36741', 'dc764f7c-0f68-4898-9f46-1c1b83f0706c', NULL, '5155 NE 41ST ST', NULL, NULL, NULL, NULL),
	('31227c7c-1c5b-4ac4-9237-a0c405930945', '2ed2a896-61a8-43fd-90d6-c756f1347839', NULL, '5026 NE 41ST ST', NULL, NULL, NULL, NULL),
	('f75964cd-f687-4ea9-9f6d-753b011217cd', '2ed2a896-61a8-43fd-90d6-c756f1347839', NULL, '5024 NE 41ST ST', NULL, NULL, NULL, NULL),
	('1206ecb7-4d0b-46e5-a22e-6fd94f1da45c', '2ed2a896-61a8-43fd-90d6-c756f1347839', NULL, '5018 NE 41ST ST', NULL, NULL, NULL, NULL),
	('4495d01b-e862-4a99-8c3d-83e064732a73', '2ed2a896-61a8-43fd-90d6-c756f1347839', NULL, '5012 NE 41ST ST', NULL, NULL, NULL, NULL),
	('183d0dd8-0ee5-4a6e-9db4-e0f3afcc4604', '2ed2a896-61a8-43fd-90d6-c756f1347839', NULL, '4104 50TH AVE NE', NULL, NULL, NULL, NULL),
	('ecabcc54-2978-4f11-a81c-32f58dbe8a9e', '2ed2a896-61a8-43fd-90d6-c756f1347839', NULL, '4116 50TH AVE NE', NULL, NULL, NULL, NULL),
	('25b15894-e1cd-418b-b5ec-46240aa1ee13', '2ed2a896-61a8-43fd-90d6-c756f1347839', NULL, '4118 50TH AVE NE', NULL, NULL, NULL, NULL),
	('205cc9e4-0451-40f2-a787-cb4c13fb85ed', '2ed2a896-61a8-43fd-90d6-c756f1347839', NULL, '4120 50TH AVE NE', NULL, NULL, NULL, NULL),
	('df1b5355-f3d5-491d-853a-a9c9b56c15d2', '2ed2a896-61a8-43fd-90d6-c756f1347839', NULL, '4123 51ST AVE NE', NULL, NULL, NULL, NULL),
	('bb26d9a1-cd75-4250-b30b-7dc2a3f225a6', '2ed2a896-61a8-43fd-90d6-c756f1347839', NULL, '4115 51ST AVE NE', NULL, NULL, NULL, NULL),
	('6ad2f3e4-0b92-466b-bec0-8286e2eff7d9', '2ed2a896-61a8-43fd-90d6-c756f1347839', NULL, '5040 NE 41ST ST', NULL, NULL, NULL, NULL),
	('d1c0edfd-9482-4a38-8706-37c55180cbcb', '2ed2a896-61a8-43fd-90d6-c756f1347839', NULL, '5158 NE 41ST ST', NULL, NULL, NULL, NULL),
	('2c3e3f3b-d36c-4377-8a9f-2b88aca4b8e4', '2ed2a896-61a8-43fd-90d6-c756f1347839', NULL, '5154 NE 41ST ST', NULL, NULL, NULL, NULL),
	('657227b4-0562-451e-b208-1c95781eb193', '2ed2a896-61a8-43fd-90d6-c756f1347839', NULL, '5148 NE 41ST ST', NULL, NULL, NULL, NULL),
	('09faf4fd-aada-4268-84c7-c13eed5c9e29', '2ed2a896-61a8-43fd-90d6-c756f1347839', NULL, '5142 NE 41ST ST', NULL, NULL, NULL, NULL),
	('59b83d6d-34e7-46b7-8449-41a5f6c5a354', '2ed2a896-61a8-43fd-90d6-c756f1347839', NULL, '5138 NE 41ST ST', NULL, NULL, NULL, NULL),
	('3884b8be-337c-432c-8610-7f75232f4d78', '2ed2a896-61a8-43fd-90d6-c756f1347839', NULL, '4102 51ST AVE NE', NULL, NULL, NULL, NULL),
	('f838d841-deff-468c-b641-57fe17219187', 'c68c2b88-1b18-443f-8718-d5c5a9a5015b', NULL, '4001 55TH AVE NE', NULL, NULL, NULL, NULL),
	('1efa579c-c6c6-4272-a55a-e2c7ebb3b91b', 'c68c2b88-1b18-443f-8718-d5c5a9a5015b', NULL, '4201 55TH AVE NE', NULL, NULL, NULL, NULL),
	('77b47884-ac09-4ae8-86cc-978af8625348', 'c68c2b88-1b18-443f-8718-d5c5a9a5015b', NULL, '4203 55TH AVE NE', NULL, NULL, NULL, NULL),
	('349f269b-139b-445e-adb2-0b832107fbd3', 'c68c2b88-1b18-443f-8718-d5c5a9a5015b', NULL, '4209 55TH AVE NE', NULL, NULL, NULL, NULL),
	('c735774f-d0d6-4f95-bbd8-cbd0de81cfd4', 'c68c2b88-1b18-443f-8718-d5c5a9a5015b', NULL, '4215 55TH AVE NE', NULL, NULL, NULL, NULL),
	('845552ac-89e4-4f2f-be0c-1f5590f25475', 'c68c2b88-1b18-443f-8718-d5c5a9a5015b', NULL, '4221 55TH AVE NE', NULL, NULL, NULL, NULL),
	('94cc46b9-da38-4224-8862-b8413528f36c', 'c68c2b88-1b18-443f-8718-d5c5a9a5015b', NULL, '4040 55TH AVE NE', NULL, NULL, NULL, NULL),
	('64ea24c0-9b81-4a58-ab53-4a370b5f2cb1', 'c68c2b88-1b18-443f-8718-d5c5a9a5015b', NULL, '4102 55TH AVE NE', NULL, NULL, NULL, NULL),
	('3fd0908a-78f1-48b4-acb6-1867ba449e71', 'c68c2b88-1b18-443f-8718-d5c5a9a5015b', NULL, '4108 55TH AVE NE', NULL, NULL, NULL, NULL),
	('657ac1f6-1956-4f0b-905c-580d6c01779f', 'c68c2b88-1b18-443f-8718-d5c5a9a5015b', NULL, '4124 55TH AVE NE', NULL, NULL, NULL, NULL),
	('030a8181-ff0d-4071-afc4-da3689cfaa05', 'c68c2b88-1b18-443f-8718-d5c5a9a5015b', NULL, '4128 55TH AVE NE', NULL, NULL, NULL, NULL),
	('810936dc-fcb6-4f19-a9b3-c17efd91d8b8', 'c68c2b88-1b18-443f-8718-d5c5a9a5015b', NULL, '4202 55TH AVE NE', NULL, NULL, NULL, NULL),
	('8a2a7a20-51f6-45a8-9459-d76253aa31ff', 'c68c2b88-1b18-443f-8718-d5c5a9a5015b', NULL, '4208 55TH AVE NE', NULL, NULL, NULL, NULL),
	('e73e7ce6-4a55-4354-9588-b3b694dddec8', 'c68c2b88-1b18-443f-8718-d5c5a9a5015b', NULL, '4216 55TH AVE NE', NULL, NULL, NULL, NULL),
	('13ba6aa8-a0f3-4f43-a930-e9f42828ea80', 'c68c2b88-1b18-443f-8718-d5c5a9a5015b', NULL, '4218 55TH AVE NE', NULL, NULL, NULL, NULL),
	('82687a02-cf12-4e6f-8ad0-acfa167fed08', 'c68c2b88-1b18-443f-8718-d5c5a9a5015b', NULL, '4101 55TH AVE NE', NULL, NULL, NULL, NULL),
	('d005c7cf-494c-4417-b227-028a8d6ea3e6', 'c68c2b88-1b18-443f-8718-d5c5a9a5015b', NULL, '4105 55TH AVE NE', NULL, NULL, NULL, NULL),
	('a9fb1e57-b46f-4cd4-9ce1-2085cd54ea7a', 'c68c2b88-1b18-443f-8718-d5c5a9a5015b', NULL, '5323 NE 42ND ST', NULL, NULL, NULL, NULL),
	('893fc81a-41e9-4203-9c50-cc359ceb1e6b', 'c68c2b88-1b18-443f-8718-d5c5a9a5015b', NULL, '4113 55TH AVE NE', NULL, NULL, NULL, NULL),
	('6207a424-0187-46d8-b34d-7f8fa10ccea1', 'b114dc5e-758a-4772-a20a-744a615958a3', NULL, '4303 55TH AVE NE', NULL, NULL, NULL, NULL),
	('2cb2689c-7e8e-4a05-9038-2671e2b0f52b', 'b114dc5e-758a-4772-a20a-744a615958a3', NULL, '4307 55TH AVE NE', NULL, NULL, NULL, NULL),
	('cc784c6e-bc17-4d70-9c53-609fd9c05b09', 'b114dc5e-758a-4772-a20a-744a615958a3', NULL, '4311 55TH AVE NE', NULL, NULL, NULL, NULL),
	('67a4580c-b52e-4972-9dd6-c49069daf3b9', 'b114dc5e-758a-4772-a20a-744a615958a3', NULL, '4317 55TH AVE NE', NULL, NULL, NULL, NULL),
	('7ab815c8-26f1-47f3-84b9-e7fd2efac499', 'b114dc5e-758a-4772-a20a-744a615958a3', NULL, '5414 NE 44TH ST', NULL, NULL, NULL, NULL),
	('4cb96ac0-1b28-4394-880a-348c41c8e39a', 'b114dc5e-758a-4772-a20a-744a615958a3', NULL, '4407 55TH AVE NE', NULL, NULL, NULL, NULL),
	('98bd12e7-1f8d-4a2f-883c-98abc7677de9', 'b114dc5e-758a-4772-a20a-744a615958a3', NULL, '4411 55TH AVE NE', NULL, NULL, NULL, NULL),
	('25e399cf-5219-4b80-93d9-d61e71579777', 'b114dc5e-758a-4772-a20a-744a615958a3', NULL, '4417 55TH AVE NE', NULL, NULL, NULL, NULL),
	('573b29e9-b03f-4d2d-b9e2-f624048afda5', 'b114dc5e-758a-4772-a20a-744a615958a3', NULL, '4421 55TH AVE NE', NULL, NULL, NULL, NULL),
	('925d14d4-7232-49cf-8f94-1734a1acb313', 'b114dc5e-758a-4772-a20a-744a615958a3', NULL, '4427 55TH AVE NE', NULL, NULL, NULL, NULL),
	('29c982bd-3d2c-4d5e-aa77-d615afaf3601', 'b114dc5e-758a-4772-a20a-744a615958a3', NULL, '4437 55TH AVE NE', NULL, NULL, NULL, NULL),
	('7e10130f-dd34-401b-8189-8d28b1428368', 'b114dc5e-758a-4772-a20a-744a615958a3', NULL, '4306 55TH AVE NE', NULL, NULL, NULL, NULL),
	('10235f7f-1739-4f03-8fb6-14126cc44c94', 'b114dc5e-758a-4772-a20a-744a615958a3', NULL, '4318 55TH AVE NE', NULL, NULL, NULL, NULL),
	('f0cec061-c907-49b6-b932-e8222de4d33f', 'b114dc5e-758a-4772-a20a-744a615958a3', NULL, '4400 55TH AVE NE', NULL, NULL, NULL, NULL),
	('5c7783b6-5c22-4fe2-9864-cffe61820758', 'b114dc5e-758a-4772-a20a-744a615958a3', NULL, '4404 55TH AVE NE', NULL, NULL, NULL, NULL),
	('53c4b4e7-e3e8-458d-85a8-adb260b69657', 'b114dc5e-758a-4772-a20a-744a615958a3', NULL, '4408 55TH AVE NE', NULL, NULL, NULL, NULL),
	('1e96a21d-25a1-42b0-807e-1c8ee3179aed', 'b114dc5e-758a-4772-a20a-744a615958a3', NULL, '4418 55TH AVE NE', NULL, NULL, NULL, NULL),
	('98b6c463-5d13-4730-aad1-00c22a560219', 'b114dc5e-758a-4772-a20a-744a615958a3', NULL, '4422 55TH AVE NE', NULL, NULL, NULL, NULL),
	('e8c8ffe4-f269-480c-adb3-b0180d19701d', 'b114dc5e-758a-4772-a20a-744a615958a3', NULL, '4432 55TH AVE NE', NULL, NULL, NULL, NULL),
	('6d1bbd88-5ef1-4e05-89fa-371d2765398b', '1e3c1a96-bd09-4fa7-859c-cd32d3bef347', NULL, '4560 55TH AVE NE', NULL, NULL, NULL, NULL),
	('8c39c8ca-eae7-4339-b920-c119f92cf6be', '1e3c1a96-bd09-4fa7-859c-cd32d3bef347', NULL, '4502 55TH AVE NE', NULL, NULL, NULL, NULL),
	('1131bf54-8c75-4543-95e5-9474da621912', '1e3c1a96-bd09-4fa7-859c-cd32d3bef347', NULL, '4526 55TH AVE NE', NULL, NULL, NULL, NULL),
	('59de3902-15bf-45e2-8d7b-037fd865c627', '1e3c1a96-bd09-4fa7-859c-cd32d3bef347', NULL, '4544 55TH AVE NE', NULL, NULL, NULL, NULL),
	('432f3521-7d24-4eee-ad39-a22f92227308', '1e3c1a96-bd09-4fa7-859c-cd32d3bef347', NULL, '4556 55TH AVE NE', NULL, NULL, NULL, NULL),
	('b1bfc2c0-00e5-4283-8dcd-8a6fc50b4b40', '1e3c1a96-bd09-4fa7-859c-cd32d3bef347', NULL, '4520 55TH AVE NE', NULL, NULL, NULL, NULL),
	('62665001-4d2e-4468-8161-27f9ab13d1b5', '1e3c1a96-bd09-4fa7-859c-cd32d3bef347', NULL, '4536 55TH AVE NE', NULL, NULL, NULL, NULL),
	('0226cc5e-3f9c-407e-ba13-fa3e4ee3336f', '1e3c1a96-bd09-4fa7-859c-cd32d3bef347', NULL, '4516 55TH AVE NE', NULL, NULL, NULL, NULL),
	('a60db325-c732-4007-bf76-0044b0d50bf6', '1e3c1a96-bd09-4fa7-859c-cd32d3bef347', NULL, '4532 55TH AVE NE', NULL, NULL, NULL, NULL),
	('e129bd2d-f165-4e1d-b2e4-81bbeb409748', '1e3c1a96-bd09-4fa7-859c-cd32d3bef347', NULL, '4506 55TH AVE NE', NULL, NULL, NULL, NULL),
	('8ccb4c34-1bbb-4129-a984-b795864c5e74', '1e3c1a96-bd09-4fa7-859c-cd32d3bef347', NULL, '4557 55TH AVE NE', NULL, NULL, NULL, NULL),
	('927e8105-346c-4a0f-81f2-8484c7aeada2', '1e3c1a96-bd09-4fa7-859c-cd32d3bef347', NULL, '4553 55TH AVE NE', NULL, NULL, NULL, NULL),
	('ee5506df-795e-4f76-b1e7-2e997c94f068', '1e3c1a96-bd09-4fa7-859c-cd32d3bef347', NULL, '4549 55TH AVE NE', NULL, NULL, NULL, NULL),
	('acd7953e-bb0b-48ce-b0ac-079c63bf10a2', '1e3c1a96-bd09-4fa7-859c-cd32d3bef347', NULL, '4545 55TH AVE NE', NULL, NULL, NULL, NULL),
	('706ce3df-afd9-4d00-aac8-a3fd22565547', '1e3c1a96-bd09-4fa7-859c-cd32d3bef347', NULL, '4539 55TH AVE NE', NULL, NULL, NULL, NULL),
	('84cd71b4-64c0-465f-9c45-fe76221a9f13', '1e3c1a96-bd09-4fa7-859c-cd32d3bef347', NULL, '4537 55TH AVE NE', NULL, NULL, NULL, NULL),
	('f5ce51c3-17ff-4318-a81c-f7d0dfcf33ea', '1e3c1a96-bd09-4fa7-859c-cd32d3bef347', NULL, '4531 55TH AVE NE', NULL, NULL, NULL, NULL),
	('d9fe3056-dfb0-4d7c-8696-bddf998b72d6', '1e3c1a96-bd09-4fa7-859c-cd32d3bef347', NULL, '4525 55TH AVE NE', NULL, NULL, NULL, NULL),
	('615689af-7f42-4e4f-aef3-8386e198f9d6', '1e3c1a96-bd09-4fa7-859c-cd32d3bef347', NULL, '4521 55TH AVE NE', NULL, NULL, NULL, NULL),
	('646f01d8-52b1-4bc1-ab35-9788e5913502', '1e3c1a96-bd09-4fa7-859c-cd32d3bef347', NULL, '4511 55TH AVE NE', NULL, NULL, NULL, NULL),
	('3a9b0910-a497-4590-839c-78eb5f444903', '1e3c1a96-bd09-4fa7-859c-cd32d3bef347', NULL, '4505 55TH AVE NE', NULL, NULL, NULL, NULL),
	('39bd3d49-d180-4666-ba03-5d3ec6e36f42', 'e5c40ce5-f9f4-4066-af85-b3ea11b25f55', NULL, '4520 E LAUREL DR NE', NULL, NULL, NULL, NULL),
	('36dd6af8-8a22-46c0-951a-cd3f10c931ae', 'e5c40ce5-f9f4-4066-af85-b3ea11b25f55', NULL, '4524 E LAUREL DR NE', NULL, NULL, NULL, NULL),
	('4129a4eb-7c04-4eaa-a269-57eac4e8065c', 'e5c40ce5-f9f4-4066-af85-b3ea11b25f55', NULL, '4528 E LAUREL DR NE', NULL, NULL, NULL, NULL),
	('24cb7443-c974-41bd-a222-b8f1f2d5e5ad', 'e5c40ce5-f9f4-4066-af85-b3ea11b25f55', NULL, '4532 E LAUREL DR NE', NULL, NULL, NULL, NULL),
	('3a0a015b-c73c-423f-b88e-4e6983c2fd94', 'e5c40ce5-f9f4-4066-af85-b3ea11b25f55', NULL, '4540 E LAUREL DR NE', NULL, NULL, NULL, NULL),
	('0503a625-1f2f-4e73-982e-64f0f232d68e', 'e5c40ce5-f9f4-4066-af85-b3ea11b25f55', NULL, '4546 E LAUREL DR NE', NULL, NULL, NULL, NULL),
	('1902fd7d-08e2-4ad7-81e1-f377a3a9e2a0', 'e5c40ce5-f9f4-4066-af85-b3ea11b25f55', NULL, '4552 E LAUREL DR NE', NULL, NULL, NULL, NULL),
	('f9151ee4-f013-41ee-98c4-f993f0dcb866', 'e5c40ce5-f9f4-4066-af85-b3ea11b25f55', NULL, '4556 E LAUREL DR NE', NULL, NULL, NULL, NULL),
	('444f3435-0c0f-4aaa-bd4b-2202a7e480e4', 'e5c40ce5-f9f4-4066-af85-b3ea11b25f55', NULL, '4565 E LAUREL DR NE', NULL, NULL, NULL, NULL),
	('2f19189d-0690-4a28-8bf1-2d3f89ff2923', 'e5c40ce5-f9f4-4066-af85-b3ea11b25f55', NULL, '4550 W LAUREL DR NE', NULL, NULL, NULL, NULL),
	('aae240fd-ee24-40fd-babb-5705ce09e2a7', 'e5c40ce5-f9f4-4066-af85-b3ea11b25f55', NULL, '4545 E LAUREL DR NE', NULL, NULL, NULL, NULL),
	('16a4ef5a-389b-4576-b4fc-e9a6ae2db41f', 'e5c40ce5-f9f4-4066-af85-b3ea11b25f55', NULL, '4539 E LAUREL DR NE', NULL, NULL, NULL, NULL),
	('4093d9dd-6529-4e6e-b14a-57465dbaa198', 'e5c40ce5-f9f4-4066-af85-b3ea11b25f55', NULL, '4533 E LAUREL DR NE', NULL, NULL, NULL, NULL),
	('643895ea-f257-44ad-8e8c-3770eaae788c', 'e5c40ce5-f9f4-4066-af85-b3ea11b25f55', NULL, '4529 E LAUREL DR NE', NULL, NULL, NULL, NULL),
	('fd887fe4-ff73-45bb-8990-eb80552890d8', 'e5c40ce5-f9f4-4066-af85-b3ea11b25f55', NULL, '4525 E LAUREL DR NE', NULL, NULL, NULL, NULL),
	('b1315f6b-3a80-499e-9699-e73a148a3b02', 'b8ba0e2d-c10c-4389-8560-2596e8a5281b', NULL, '4502 54TH AVE NE', NULL, NULL, NULL, NULL),
	('f80a2963-28a2-4e45-811e-18e1cf6b5e64', 'b8ba0e2d-c10c-4389-8560-2596e8a5281b', NULL, '4510 54TH AVE NE', NULL, NULL, NULL, NULL),
	('17eae4cf-21c3-4229-b150-e20fe7329009', 'b8ba0e2d-c10c-4389-8560-2596e8a5281b', NULL, '4513 54TH AVE NE', NULL, NULL, NULL, NULL),
	('cd564262-16ad-415d-aad4-6fd1c2540fb2', 'b8ba0e2d-c10c-4389-8560-2596e8a5281b', NULL, '4505 54TH AVE NE', NULL, NULL, NULL, NULL),
	('456a93b3-427f-4a27-9105-93774a11a05a', 'b8ba0e2d-c10c-4389-8560-2596e8a5281b', NULL, '4415 54TH AVE NE', NULL, NULL, NULL, NULL),
	('b989b247-4cdc-4606-9588-76d56dd705a8', 'b8ba0e2d-c10c-4389-8560-2596e8a5281b', NULL, '4417 54TH AVE NE', NULL, NULL, NULL, NULL),
	('577db66f-6955-4b50-9f1a-5dc269be3239', 'b8ba0e2d-c10c-4389-8560-2596e8a5281b', NULL, '5317 NE 45TH ST', NULL, NULL, NULL, NULL),
	('1ccdd9d1-d2c3-4f80-9f87-27b9acc874f8', 'b8ba0e2d-c10c-4389-8560-2596e8a5281b', NULL, '4356 53RD AVE NE', NULL, NULL, NULL, NULL),
	('811b5c3e-bba4-412d-a848-fa0074cc9c3f', 'b8ba0e2d-c10c-4389-8560-2596e8a5281b', NULL, '4434 54TH AVE NE', NULL, NULL, NULL, NULL),
	('8e32dee6-1ace-4779-b2ed-2ac57ec810fe', 'b8ba0e2d-c10c-4389-8560-2596e8a5281b', NULL, '4424 54TH AVE NE', NULL, NULL, NULL, NULL),
	('891cb9f8-b0df-4f74-b101-a9207573e45c', 'b8ba0e2d-c10c-4389-8560-2596e8a5281b', NULL, '4416 54TH AVE NE', NULL, NULL, NULL, NULL),
	('ec357961-4a30-423c-a0c3-75af73aa90e2', 'b8ba0e2d-c10c-4389-8560-2596e8a5281b', NULL, '4410 54TH AVE NE', NULL, NULL, NULL, NULL),
	('01879512-e12f-446c-9926-cb7ac5a7022c', 'b8ba0e2d-c10c-4389-8560-2596e8a5281b', NULL, '4402 54TH AVE NE', NULL, NULL, NULL, NULL),
	('d64b0bda-a5bc-4187-a4d7-b46c35366152', '79e0aee4-6249-4982-89e0-9609a116d9eb', NULL, '4303 54TH AVE NE', NULL, NULL, NULL, NULL),
	('1e5b2af0-87bc-4da7-9309-e2cf3eedcad0', '79e0aee4-6249-4982-89e0-9609a116d9eb', NULL, '4315 54TH AVE NE', NULL, NULL, NULL, NULL),
	('22cc6b24-3556-42a5-8d1b-085d9b2dc6f5', '79e0aee4-6249-4982-89e0-9609a116d9eb', NULL, '4403 54TH AVE NE', NULL, NULL, NULL, NULL),
	('bdd02556-3520-4614-9b25-b5749e38662e', '79e0aee4-6249-4982-89e0-9609a116d9eb', NULL, '4314 54TH AVE NE', NULL, NULL, NULL, NULL),
	('5cbd7e1e-60c4-4236-9195-e47f9dae3b8c', '79e0aee4-6249-4982-89e0-9609a116d9eb', NULL, '4308 54TH AVE NE', NULL, NULL, NULL, NULL),
	('5bfcfed6-3f77-4620-af0f-4d700a731bff', '79e0aee4-6249-4982-89e0-9609a116d9eb', NULL, '4306 54TH AVE NE', NULL, NULL, NULL, NULL),
	('adcc9777-2e94-4a13-ba6b-500e7e6d136f', '79e0aee4-6249-4982-89e0-9609a116d9eb', NULL, '4300 54TH AVE NE', NULL, NULL, NULL, NULL),
	('8f1d90a3-ded3-44d0-9d09-cf4dd8dcacba', '79e0aee4-6249-4982-89e0-9609a116d9eb', NULL, '5321 NE 43RD ST', NULL, NULL, NULL, NULL),
	('1fdf228c-a9ab-4da0-bbb3-6d91232be231', '79e0aee4-6249-4982-89e0-9609a116d9eb', NULL, '5319 NE 43RD ST', NULL, NULL, NULL, NULL),
	('39483413-969c-490d-b324-c8b7c88bad7b', '79e0aee4-6249-4982-89e0-9609a116d9eb', NULL, '5313 NE 43RD ST', NULL, NULL, NULL, NULL),
	('1bcfaed7-ecf6-4a46-a7cd-e3c9ba85bea0', 'f76c5b08-d0ee-4ca9-844c-d6809d8a001e', NULL, '5126 NE 42ND ST', NULL, NULL, NULL, NULL),
	('3a4eeb79-b502-469c-819c-97fcd9694a07', 'f76c5b08-d0ee-4ca9-844c-d6809d8a001e', NULL, '5120 NE 42ND ST', NULL, NULL, NULL, NULL),
	('7e9939e3-5429-4394-813b-7b6e77c5a8cf', 'f76c5b08-d0ee-4ca9-844c-d6809d8a001e', NULL, '5114 NE 42ND ST', NULL, NULL, NULL, NULL),
	('ef02dc29-5323-4665-8b46-e2870ce963bc', 'f76c5b08-d0ee-4ca9-844c-d6809d8a001e', NULL, '5108 NE 42ND ST', NULL, NULL, NULL, NULL),
	('55086111-ab0c-4a75-af3e-232ba980a5f9', 'f76c5b08-d0ee-4ca9-844c-d6809d8a001e', NULL, '5102 NE 42ND ST', NULL, NULL, NULL, NULL),
	('ce9c886d-378f-4f41-a685-3465ac92bb09', 'f76c5b08-d0ee-4ca9-844c-d6809d8a001e', NULL, '5302 NE 42ND ST', NULL, NULL, NULL, NULL),
	('95d7d03f-70f6-40de-b4e8-a01c825043a0', 'f76c5b08-d0ee-4ca9-844c-d6809d8a001e', NULL, '5314 NE 42ND ST', NULL, NULL, NULL, NULL),
	('c8de2295-e83b-425d-825d-220102959f27', 'f76c5b08-d0ee-4ca9-844c-d6809d8a001e', NULL, '5322 NE 42ND ST', NULL, NULL, NULL, NULL),
	('7818b856-2b14-4b2b-8d17-29f835c76797', 'f76c5b08-d0ee-4ca9-844c-d6809d8a001e', NULL, '4120 51ST AVE NE', NULL, NULL, NULL, NULL),
	('0f825411-1755-48eb-9b0f-ec2bfee57a50', 'f76c5b08-d0ee-4ca9-844c-d6809d8a001e', NULL, '5111 NE 42ND ST', NULL, NULL, NULL, NULL),
	('fbeddacb-918c-480d-afd6-64a8bfc96e12', 'f76c5b08-d0ee-4ca9-844c-d6809d8a001e', NULL, '5119 NE 42ND ST', NULL, NULL, NULL, NULL),
	('5afc8144-ddd1-4631-b3db-8cdf4851bf6e', 'f76c5b08-d0ee-4ca9-844c-d6809d8a001e', NULL, '5125 NE 42ND ST', NULL, NULL, NULL, NULL),
	('263948f3-d44f-433c-b9b1-65d85e448685', 'f76c5b08-d0ee-4ca9-844c-d6809d8a001e', NULL, '5231 NE 42ND ST', NULL, NULL, NULL, NULL),
	('32690686-e976-445d-bd25-76fb018a7d96', 'f76c5b08-d0ee-4ca9-844c-d6809d8a001e', NULL, '5305 NE 42ND ST', NULL, NULL, NULL, NULL),
	('fd43c9e7-c2c9-4ec1-8490-ba086b10a1f4', 'f76c5b08-d0ee-4ca9-844c-d6809d8a001e', NULL, '5315 NE 42ND ST', NULL, NULL, NULL, NULL),
	('568f91f4-2336-442d-89e9-8aa0a9221a78', '1f9d39a2-f43a-4e3c-9412-2b70d6be45f4', NULL, '4315 52ND AVE NE', NULL, NULL, NULL, NULL),
	('8919b3af-06b2-41c1-bde4-100eadf208ad', '1f9d39a2-f43a-4e3c-9412-2b70d6be45f4', NULL, '4309 52ND AVE NE', NULL, NULL, NULL, NULL),
	('6fe38c69-ba58-4ab8-b473-b85d18db0d6f', '1f9d39a2-f43a-4e3c-9412-2b70d6be45f4', NULL, '4305 52ND AVE NE', NULL, NULL, NULL, NULL),
	('fb53a096-2c11-47b0-9c8c-f3f3e0e3dafb', '1f9d39a2-f43a-4e3c-9412-2b70d6be45f4', NULL, '4301 52ND AVE NE', NULL, NULL, NULL, NULL),
	('b8506d87-57c1-4c62-85cf-ed35fffa1858', '1f9d39a2-f43a-4e3c-9412-2b70d6be45f4', NULL, '5201 NE 43RD ST', NULL, NULL, NULL, NULL),
	('5de0a6be-b7fe-4150-8c46-b61ce4d5cd99', '1f9d39a2-f43a-4e3c-9412-2b70d6be45f4', NULL, '5203 NE 43RD ST', NULL, NULL, NULL, NULL),
	('8c132a72-0dab-48c2-a970-a1bc10337b5e', '1f9d39a2-f43a-4e3c-9412-2b70d6be45f4', NULL, '5209 NE 43RD ST', NULL, NULL, NULL, NULL),
	('b47e7034-7d20-4191-a638-1d0d7bc7a45e', '1f9d39a2-f43a-4e3c-9412-2b70d6be45f4', NULL, '5217 NE 43RD ST', NULL, NULL, NULL, NULL),
	('7eed7b13-dcde-4bcb-8833-01ba88182c20', '1f9d39a2-f43a-4e3c-9412-2b70d6be45f4', NULL, '5200 NE 43RD ST', NULL, NULL, NULL, NULL),
	('d80cf1d3-7a39-4e12-b500-93804c235228', '1f9d39a2-f43a-4e3c-9412-2b70d6be45f4', NULL, '4400 52ND AVE NE', NULL, NULL, NULL, NULL),
	('1cafa0f0-054c-463a-a354-3417d781bd6e', '1f9d39a2-f43a-4e3c-9412-2b70d6be45f4', NULL, '5210 NE 43RD ST', NULL, NULL, NULL, NULL),
	('3cbade17-e328-4bd4-aa64-f6b186cb6a09', '1f9d39a2-f43a-4e3c-9412-2b70d6be45f4', NULL, '4300 53RD AVE NE', NULL, NULL, NULL, NULL),
	('9069bcc9-311f-480f-9c67-4943ee7592d4', '1f9d39a2-f43a-4e3c-9412-2b70d6be45f4', NULL, '4214 NE 43RD ST', NULL, NULL, NULL, NULL),
	('f039fb40-ea7d-46d8-959e-97e3065ba197', '9bd58fe5-7e3b-4fca-9c19-0badc1185d1e', NULL, '4504 W LAUREL DR NE', NULL, NULL, NULL, NULL),
	('be8a9361-bd12-4dbe-8fa5-914b8f622dac', '9bd58fe5-7e3b-4fca-9c19-0badc1185d1e', NULL, '5215 NE 45TH ST', NULL, NULL, NULL, NULL),
	('c8151b7b-1994-436b-a93d-b6a26cc9139c', '9bd58fe5-7e3b-4fca-9c19-0badc1185d1e', NULL, '4347 53RD AVE NE', NULL, NULL, NULL, NULL),
	('68952188-11a6-4a94-9522-cc7343b9311b', '9bd58fe5-7e3b-4fca-9c19-0badc1185d1e', NULL, '4343 53RD AVE NE', NULL, NULL, NULL, NULL),
	('4aa63cc0-a895-4a5b-8547-941ded5e8c14', '9bd58fe5-7e3b-4fca-9c19-0badc1185d1e', NULL, '4402 52ND AVE NE', NULL, NULL, NULL, NULL),
	('df8ac303-48d5-42cd-93ed-f57105d5c87e', '9bd58fe5-7e3b-4fca-9c19-0badc1185d1e', NULL, '4315 53RD AVE NE', NULL, NULL, NULL, NULL),
	('687a1aec-46e8-4ef8-9b5d-a9492f97a7f4', '9bd58fe5-7e3b-4fca-9c19-0badc1185d1e', NULL, '4350 53RD AVE NE', NULL, NULL, NULL, NULL),
	('e08ad620-5c93-4852-b2a8-1fcb884d9422', '9bd58fe5-7e3b-4fca-9c19-0badc1185d1e', NULL, '4344 53RD AVE NE', NULL, NULL, NULL, NULL),
	('f25732d6-5928-4ef6-bcfb-52bdbab6541f', '9bd58fe5-7e3b-4fca-9c19-0badc1185d1e', NULL, '4336 53RD AVE NE', NULL, NULL, NULL, NULL),
	('f3532d47-e4b1-4465-97ec-38ae8310c4d1', '9bd58fe5-7e3b-4fca-9c19-0badc1185d1e', NULL, '4330 53RD AVE NE', NULL, NULL, NULL, NULL),
	('2fdbf17b-678a-45c4-954f-34d619b47218', '9bd58fe5-7e3b-4fca-9c19-0badc1185d1e', NULL, '4326 53RD AVE NE', NULL, NULL, NULL, NULL),
	('a27798d7-8f4f-484b-8f83-69004dce163c', '9bd58fe5-7e3b-4fca-9c19-0badc1185d1e', NULL, '4320 53RD AVE NE', NULL, NULL, NULL, NULL),
	('b084d387-86aa-48c4-a223-b7bc529ba99f', '9bd58fe5-7e3b-4fca-9c19-0badc1185d1e', NULL, '4312 53RD AVE NE', NULL, NULL, NULL, NULL),
	('6a989bd0-e51a-4a7b-9876-dbddbceb3437', 'ea44213a-8560-40a8-85ab-2460d59728f1', NULL, '4508 W LAUREL DR NE', NULL, NULL, NULL, NULL),
	('d6aae27d-0d36-4e1a-a09d-61e499f07c5d', 'ea44213a-8560-40a8-85ab-2460d59728f1', NULL, '4520 W LAUREL DR NE', NULL, NULL, NULL, NULL),
	('adebcfb8-e6d7-4e95-ab4c-d1adc0418e85', 'ea44213a-8560-40a8-85ab-2460d59728f1', NULL, '4528 W LAURELHURST DR NE', NULL, NULL, NULL, NULL),
	('587de591-b732-4084-9c47-2fc8e87426f6', 'ea44213a-8560-40a8-85ab-2460d59728f1', NULL, '4530 W LAUREL DR NE', NULL, NULL, NULL, NULL),
	('0da7f1c1-97cc-4dbc-ab1c-7059e9a93ce7', 'ea44213a-8560-40a8-85ab-2460d59728f1', NULL, '4538 W LAUREL DR NE', NULL, NULL, NULL, NULL),
	('ef55842e-205d-448e-a6f7-936f94644724', 'ea44213a-8560-40a8-85ab-2460d59728f1', NULL, '4546 W LAUREL DR NE', NULL, NULL, NULL, NULL),
	('1b9f1684-403e-4084-a235-22ffa7778a80', 'ea44213a-8560-40a8-85ab-2460d59728f1', NULL, '4555 W LAUREL DR NE', NULL, NULL, NULL, NULL),
	('1e36e0aa-59ab-4b63-9b38-fc5cd9677e9f', 'ea44213a-8560-40a8-85ab-2460d59728f1', NULL, '4549 W LAUREL DR NE', NULL, NULL, NULL, NULL),
	('643a8162-f33c-4658-9658-0e5a228e78de', 'ea44213a-8560-40a8-85ab-2460d59728f1', NULL, '4547 W LAUREL DR NE', NULL, NULL, NULL, NULL),
	('b7f30a33-9dde-4e11-a4a8-0bad5d6d1d34', 'ea44213a-8560-40a8-85ab-2460d59728f1', NULL, '4533 W LAUREL DR NE', NULL, NULL, NULL, NULL),
	('24b9cde0-9e56-4dc0-abbd-bbda76bdeab4', 'a5531092-0e5d-44ed-8fe5-58ab2d0d15d3', NULL, '4542 52ND AVE NE', NULL, NULL, NULL, NULL),
	('7cd72eff-2f9f-4274-ab8f-d8d31c76f0bc', 'a5531092-0e5d-44ed-8fe5-58ab2d0d15d3', NULL, '4524 52ND AVE NE', NULL, NULL, NULL, NULL),
	('5d71daac-a9f6-448d-9ed2-089df2e23f58', 'a5531092-0e5d-44ed-8fe5-58ab2d0d15d3', NULL, '4518 52ND AVE NE', NULL, NULL, NULL, NULL),
	('d3bbacc0-a102-417c-9b70-1dd9bab09335', 'a5531092-0e5d-44ed-8fe5-58ab2d0d15d3', NULL, '4530 52ND AVE NE', NULL, NULL, NULL, NULL),
	('0f960d0d-39ca-4eed-8d3a-7a09849c1e73', 'a5531092-0e5d-44ed-8fe5-58ab2d0d15d3', NULL, '4548 52ND AVE NE', NULL, NULL, NULL, NULL),
	('7927dc12-8f50-4de1-8e55-6fe4ddf1d92c', 'a5531092-0e5d-44ed-8fe5-58ab2d0d15d3', NULL, '4552 52ND AVE NE', NULL, NULL, NULL, NULL),
	('896c07a7-0567-4d19-9900-5bebdecad444', 'a5531092-0e5d-44ed-8fe5-58ab2d0d15d3', NULL, '4556 52ND AVE NE', NULL, NULL, NULL, NULL),
	('adcc4960-be34-4fc3-abf6-0396bb314567', 'a5531092-0e5d-44ed-8fe5-58ab2d0d15d3', NULL, '4560 52ND AVE NE', NULL, NULL, NULL, NULL),
	('0ebd138b-057a-4a2d-ba2a-cbc198751877', 'a5531092-0e5d-44ed-8fe5-58ab2d0d15d3', NULL, '4557 52ND AVE NE', NULL, NULL, NULL, NULL),
	('fcff6c2c-0853-4528-af0d-f90cc9890797', 'a5531092-0e5d-44ed-8fe5-58ab2d0d15d3', NULL, '4553 52ND AVE NE', NULL, NULL, NULL, NULL),
	('86b1bbaf-a0e9-40c7-9136-88a7e0bcc524', 'a5531092-0e5d-44ed-8fe5-58ab2d0d15d3', NULL, '4547 52ND AVE NE', NULL, NULL, NULL, NULL),
	('1a6b2b10-f8c0-48f0-b2c2-57d1cc1d04a6', 'a5531092-0e5d-44ed-8fe5-58ab2d0d15d3', NULL, '4543 52ND AVE NE', NULL, NULL, NULL, NULL),
	('2d6e694d-ecba-485e-ad1b-db0c6e772127', 'a5531092-0e5d-44ed-8fe5-58ab2d0d15d3', NULL, '4537 52ND AVE NE', NULL, NULL, NULL, NULL),
	('520d30e9-7948-47d9-a473-9cabdeb38f55', 'a5531092-0e5d-44ed-8fe5-58ab2d0d15d3', NULL, '4531 52ND AVE NE', NULL, NULL, NULL, NULL),
	('34a130c4-937e-427a-ac70-779567603086', 'a5531092-0e5d-44ed-8fe5-58ab2d0d15d3', NULL, '4519 52ND AVE NE', NULL, NULL, NULL, NULL),
	('344451c9-809c-4cc8-ad89-bc909d5915aa', 'a5531092-0e5d-44ed-8fe5-58ab2d0d15d3', NULL, '4515 52ND AVE NE', NULL, NULL, NULL, NULL),
	('4f738073-c64d-4471-bab8-246a88562521', 'a5531092-0e5d-44ed-8fe5-58ab2d0d15d3', NULL, '4507 52ND AVE NE', NULL, NULL, NULL, NULL),
	('cccdd6e1-d6b2-4d16-84a9-9fe0b9684855', '00afa2d6-c4b6-4976-b94a-fc94c011f9c6', NULL, '5104 NE 45TH ST', NULL, NULL, NULL, NULL),
	('d9fb0ffd-53d4-485e-a1da-9b2b0480b249', '00afa2d6-c4b6-4976-b94a-fc94c011f9c6', NULL, '4510 51ST AVE NE', NULL, NULL, NULL, NULL),
	('af8bf41f-a632-44a4-98be-4752e483e926', '00afa2d6-c4b6-4976-b94a-fc94c011f9c6', NULL, '4514 51ST AVE NE', NULL, NULL, NULL, NULL),
	('9d2b9dcb-16c6-4c40-8cd2-6258112f20cb', '00afa2d6-c4b6-4976-b94a-fc94c011f9c6', NULL, '4520 51ST AVE NE', NULL, NULL, NULL, NULL),
	('131c9344-7f1f-4d32-b369-3b4d00e164d5', '00afa2d6-c4b6-4976-b94a-fc94c011f9c6', NULL, '4526 51ST AVE NE', NULL, NULL, NULL, NULL),
	('64fb4a9e-f73c-44c8-be12-326d984cfd55', '00afa2d6-c4b6-4976-b94a-fc94c011f9c6', NULL, '4530 51ST AVE NE', NULL, NULL, NULL, NULL),
	('da48c418-6d2a-42a0-82b1-9eb2d2c33fc6', '00afa2d6-c4b6-4976-b94a-fc94c011f9c6', NULL, '4534 51ST AVE NE', NULL, NULL, NULL, NULL),
	('eee5fa09-afa1-409d-94f1-a4641f6d874c', '00afa2d6-c4b6-4976-b94a-fc94c011f9c6', NULL, '4540 51ST AVE NE', NULL, NULL, NULL, NULL),
	('8bbe3439-dbc4-4cf7-ad98-8c8705389522', '00afa2d6-c4b6-4976-b94a-fc94c011f9c6', NULL, '4546 51ST AVE NE', NULL, NULL, NULL, NULL),
	('a67801cc-9619-47ef-aad6-e6ef2247e2c8', '00afa2d6-c4b6-4976-b94a-fc94c011f9c6', NULL, '4550 51ST AVE NE', NULL, NULL, NULL, NULL),
	('9ec54f3e-a18d-4aac-8d96-82f4189142ed', '00afa2d6-c4b6-4976-b94a-fc94c011f9c6', NULL, '4552 51ST AVE NE', NULL, NULL, NULL, NULL),
	('f9edd312-d65e-41b5-bf42-01430e1ba33a', '00afa2d6-c4b6-4976-b94a-fc94c011f9c6', NULL, '4558 51ST AVE NE', NULL, NULL, NULL, NULL),
	('1dfff15d-f8d6-47cd-9a29-965a29394c4b', '00afa2d6-c4b6-4976-b94a-fc94c011f9c6', NULL, '4559 51ST AVE NE', NULL, NULL, NULL, NULL),
	('eb314397-98b2-47c4-a48a-57b1400de1e2', '00afa2d6-c4b6-4976-b94a-fc94c011f9c6', NULL, '4553 51ST AVE NE', NULL, NULL, NULL, NULL),
	('6daad15d-5fe2-4b3d-a676-997d835188bb', '00afa2d6-c4b6-4976-b94a-fc94c011f9c6', NULL, '4545 51ST AVE NE', NULL, NULL, NULL, NULL),
	('892a8e7d-2951-4f46-a16c-5ea0a3d93275', '00afa2d6-c4b6-4976-b94a-fc94c011f9c6', NULL, '4541 51ST AVE NE', NULL, NULL, NULL, NULL),
	('cd32c80b-a9a8-4299-9c10-7199432cc30b', '00afa2d6-c4b6-4976-b94a-fc94c011f9c6', NULL, '4537 51ST AVE NE', NULL, NULL, NULL, NULL),
	('aba4b3c6-d3ef-470d-921b-f88f90a1b0f5', '00afa2d6-c4b6-4976-b94a-fc94c011f9c6', NULL, '4529 51ST AVE NE', NULL, NULL, NULL, NULL),
	('71c79fdb-8f5d-4163-955f-7c00824a7319', '00afa2d6-c4b6-4976-b94a-fc94c011f9c6', NULL, '4525 51ST AVE NE', NULL, NULL, NULL, NULL),
	('fd03dcad-9d0c-4839-bb34-3e4d2b18c5ef', '00afa2d6-c4b6-4976-b94a-fc94c011f9c6', NULL, '4519 51ST AVE NE', NULL, NULL, NULL, NULL),
	('219a0d43-9dab-4ea1-a783-e5585c874568', '00afa2d6-c4b6-4976-b94a-fc94c011f9c6', NULL, '4515 51ST AVE NE', NULL, NULL, NULL, NULL),
	('97668475-daae-4feb-9047-de40cd13b53f', '00afa2d6-c4b6-4976-b94a-fc94c011f9c6', NULL, '4507 51ST AVE NE', NULL, NULL, NULL, NULL),
	('dfeb9b43-a7d9-44df-9d8d-49c0a11b4568', '00afa2d6-c4b6-4976-b94a-fc94c011f9c6', NULL, '4501 51ST AVE NE', NULL, NULL, NULL, NULL),
	('6fb2f0b3-4a01-4fa8-9e87-15bc1ba1be2b', '13060714-dbfb-46dc-a4d4-3b6b2aaee3a7', NULL, '5115 NE 45TH ST', NULL, NULL, NULL, NULL),
	('87e28d1f-72d0-4e6c-ad5a-3f7009d0f370', '13060714-dbfb-46dc-a4d4-3b6b2aaee3a7', NULL, '4423 52ND AVE NE', NULL, NULL, NULL, NULL),
	('bfdf5455-2eb0-45cc-9519-0bf366421f4b', '13060714-dbfb-46dc-a4d4-3b6b2aaee3a7', NULL, '4415 52ND AVE NE', NULL, NULL, NULL, NULL),
	('12beef68-ec7b-4811-8973-5a10607b2661', '13060714-dbfb-46dc-a4d4-3b6b2aaee3a7', NULL, '4407 52ND AVE NE', NULL, NULL, NULL, NULL),
	('ec82aa2a-1c91-4908-a62f-014298c99368', '13060714-dbfb-46dc-a4d4-3b6b2aaee3a7', NULL, '4401 52ND AVE NE', NULL, NULL, NULL, NULL),
	('987e687e-8518-41ca-adcf-b63cd6f6ca0d', '13060714-dbfb-46dc-a4d4-3b6b2aaee3a7', NULL, '4404 52ND AVE NE', NULL, NULL, NULL, NULL),
	('29b758af-63ee-4087-8b26-4c545ca18629', '13060714-dbfb-46dc-a4d4-3b6b2aaee3a7', NULL, '4416 52ND AVE NE', NULL, NULL, NULL, NULL),
	('4e2a7d6a-ba52-48b5-b145-d08827c03383', '13060714-dbfb-46dc-a4d4-3b6b2aaee3a7', NULL, '4432 52ND AVE NE', NULL, NULL, NULL, NULL),
	('6d8375c1-ac89-430a-a715-ac0528d9cc1c', '13060714-dbfb-46dc-a4d4-3b6b2aaee3a7', NULL, '4436 52ND AVE NE', NULL, NULL, NULL, NULL),
	('d8d802ff-59c5-4577-88e7-3a3ff4619440', '7a47a287-ff44-438a-8ecb-04a242c6d889', NULL, '4435 51ST AVE NE', NULL, NULL, NULL, NULL),
	('4aa00be5-cca5-438c-a5d3-d21ea31ecf94', '7a47a287-ff44-438a-8ecb-04a242c6d889', NULL, '4425 51ST AVE NE', NULL, NULL, NULL, NULL),
	('97898980-92c6-4f91-87e6-99296a05cf95', '7a47a287-ff44-438a-8ecb-04a242c6d889', NULL, '4421 51ST AVE NE', NULL, NULL, NULL, NULL),
	('492ec57a-a606-4893-8707-76e69df3b95d', '7a47a287-ff44-438a-8ecb-04a242c6d889', NULL, '4411 51ST AVE NE', NULL, NULL, NULL, NULL),
	('0533578d-d8a4-4575-9dc5-91f5b9cccb5e', '7a47a287-ff44-438a-8ecb-04a242c6d889', NULL, '4407 51ST AVE NE', NULL, NULL, NULL, NULL),
	('80066da7-d103-483a-a1e9-3d8ddac7d5c0', '7a47a287-ff44-438a-8ecb-04a242c6d889', NULL, '5016 NE 44TH ST', NULL, NULL, NULL, NULL),
	('51132fe1-af19-4cf2-955b-d02a4cc6240c', '7a47a287-ff44-438a-8ecb-04a242c6d889', NULL, '5102 NE 44TH ST', NULL, NULL, NULL, NULL),
	('2bc744fd-2017-49a0-97cc-90c97339e79c', '7a47a287-ff44-438a-8ecb-04a242c6d889', NULL, '4406 51ST AVE NE', NULL, NULL, NULL, NULL),
	('a5efceea-4b27-47d3-a5c0-f37c0d51434f', '7a47a287-ff44-438a-8ecb-04a242c6d889', NULL, '4410 51ST AVE NE', NULL, NULL, NULL, NULL),
	('3adaed33-2f74-49bb-a97e-211aa3f2fd6a', '7a47a287-ff44-438a-8ecb-04a242c6d889', NULL, '4416 51ST AVE NE', NULL, NULL, NULL, NULL),
	('50f67d1b-9e1b-4dd7-a84e-3e744aabeac7', '7a47a287-ff44-438a-8ecb-04a242c6d889', NULL, '4420 51ST AVE NE', NULL, NULL, NULL, NULL),
	('45930945-efa3-418e-abc3-cf2777b8ff3b', '7a47a287-ff44-438a-8ecb-04a242c6d889', NULL, '4426 51ST AVE NE', NULL, NULL, NULL, NULL),
	('cd502b0f-7dd6-4af1-b5ad-b59bc28dc74c', '7a47a287-ff44-438a-8ecb-04a242c6d889', NULL, '5105 NE 45TH ST', NULL, NULL, NULL, NULL),
	('0e820d3d-a1a3-4dd9-9a65-0cb0848616f9', 'ee78f370-2937-4242-963c-a61482b20f87', NULL, '5015 NE 44TH ST', NULL, NULL, NULL, NULL),
	('d33d470a-aa45-440b-907a-6f7e75bb7a51', 'ee78f370-2937-4242-963c-a61482b20f87', NULL, '4243 51ST AVE NE', NULL, NULL, NULL, NULL),
	('e265c0d8-5edf-46bb-917c-d0ea291b9d0b', 'ee78f370-2937-4242-963c-a61482b20f87', NULL, '4241 51ST AVE NE', NULL, NULL, NULL, NULL),
	('8618e511-3873-4dc8-8d8e-0d58f4a632da', 'ee78f370-2937-4242-963c-a61482b20f87', NULL, '4239 51ST AVE NE', NULL, NULL, NULL, NULL),
	('04cda0af-46cb-450d-b807-7502dd9f38c8', 'ee78f370-2937-4242-963c-a61482b20f87', NULL, '4221 51ST AVE NE', NULL, NULL, NULL, NULL),
	('8e0bce3a-3ab6-4903-9e63-c08b4f950e72', 'ee78f370-2937-4242-963c-a61482b20f87', NULL, '4217 51ST AVE NE', NULL, NULL, NULL, NULL),
	('1ae7f943-99bd-4741-beaa-5fea494c5773', 'ee78f370-2937-4242-963c-a61482b20f87', NULL, '4215 51ST AVE NE', NULL, NULL, NULL, NULL),
	('8b62e764-6e51-43bc-8a7a-6ba9c36fa86d', 'ee78f370-2937-4242-963c-a61482b20f87', NULL, '4211 51ST AVE NE', NULL, NULL, NULL, NULL),
	('51d56a7c-83c4-4305-bfec-eee61274d122', 'ee78f370-2937-4242-963c-a61482b20f87', NULL, '4201 51ST AVE NE', NULL, NULL, NULL, NULL),
	('290400d0-18ad-48d6-af8d-57e168eff69a', 'ee78f370-2937-4242-963c-a61482b20f87', NULL, '4129 51ST AVE NE', NULL, NULL, NULL, NULL),
	('78d224c2-54f9-415c-b328-08eb159777ef', 'ee78f370-2937-4242-963c-a61482b20f87', NULL, '4202 51ST AVE NE', NULL, NULL, NULL, NULL),
	('220cf771-f399-443a-a32e-99978f89e03f', 'ee78f370-2937-4242-963c-a61482b20f87', NULL, '4208 51ST AVE NE', NULL, NULL, NULL, NULL),
	('0dd0c34f-79cf-49e1-b257-f9f3014be367', 'ee78f370-2937-4242-963c-a61482b20f87', NULL, '4216 51ST AVE NE', NULL, NULL, NULL, NULL),
	('97b14f2e-4085-48aa-b170-0ded0219e60b', 'ee78f370-2937-4242-963c-a61482b20f87', NULL, '4220 51ST AVE NE', NULL, NULL, NULL, NULL),
	('88524038-a5f1-45ec-8d47-1210a29a8166', 'ee78f370-2937-4242-963c-a61482b20f87', NULL, '4230 51ST AVE NE', NULL, NULL, NULL, NULL),
	('799e430d-fe7d-4208-bb57-2e434d21c016', 'ee78f370-2937-4242-963c-a61482b20f87', NULL, '4234 51ST AVE NE', NULL, NULL, NULL, NULL),
	('053f11bd-3d0a-496f-93a6-e38737053925', 'ee78f370-2937-4242-963c-a61482b20f87', NULL, '4240 51ST AVE NE', NULL, NULL, NULL, NULL),
	('fd286c7d-df20-4472-9285-8b47f2cd9101', 'ee78f370-2937-4242-963c-a61482b20f87', NULL, '5103 NE 44TH ST', NULL, NULL, NULL, NULL),
	('ba3adb91-66c6-48e3-a73a-cf3e30084a1f', '7b6d145f-f352-43ab-8dbc-a94b04b58e78', NULL, '4200 50TH AVE NE', NULL, NULL, NULL, NULL),
	('a1414493-38fe-4c50-8fb2-18d20a20a56e', '7b6d145f-f352-43ab-8dbc-a94b04b58e78', NULL, '4204 50TH AVE NE', NULL, NULL, NULL, NULL),
	('15bd112b-621b-49db-92c6-27705258a294', '7b6d145f-f352-43ab-8dbc-a94b04b58e78', NULL, '4208 50TH AVE NE', NULL, NULL, NULL, NULL),
	('ded3ce63-8da7-42a7-ab2f-5641308d741b', '7b6d145f-f352-43ab-8dbc-a94b04b58e78', NULL, '4214 50TH AVE NE', NULL, NULL, NULL, NULL),
	('56b2b425-9390-4c6b-ab0c-af4265a93763', '7b6d145f-f352-43ab-8dbc-a94b04b58e78', NULL, '4218 50TH AVE NE', NULL, NULL, NULL, NULL),
	('343f31bb-58a3-4a5c-84c6-7475a8489024', '7b6d145f-f352-43ab-8dbc-a94b04b58e78', NULL, '5003 NE 44TH ST', NULL, NULL, NULL, NULL),
	('1d7b2792-fab9-4a1b-a5ce-b25d1d2e7374', '7b6d145f-f352-43ab-8dbc-a94b04b58e78', NULL, '5004 NE 44TH ST', NULL, NULL, NULL, NULL),
	('2e5f011d-5f92-4e9d-8814-0102b4bb421a', '7b6d145f-f352-43ab-8dbc-a94b04b58e78', NULL, '4410 50TH AVE NE', NULL, NULL, NULL, NULL),
	('a068a54e-43da-4692-aa60-52141d75de69', '7b6d145f-f352-43ab-8dbc-a94b04b58e78', NULL, '4416 50TH AVE NE', NULL, NULL, NULL, NULL),
	('accb795d-d424-4833-aff7-54f69edf83c9', '7b6d145f-f352-43ab-8dbc-a94b04b58e78', NULL, '4420 50TH AVE NE', NULL, NULL, NULL, NULL),
	('172f8921-12fb-4c91-bd69-187c7b162e0f', '7b6d145f-f352-43ab-8dbc-a94b04b58e78', NULL, '5005 NE 45TH ST', NULL, NULL, NULL, NULL),
	('8841bc41-97e7-45dc-9d0a-ca4502b9d29a', '7b6d145f-f352-43ab-8dbc-a94b04b58e78', NULL, '4855 NE 45TH ST', NULL, NULL, NULL, NULL),
	('f4087b8c-29d0-480f-85bb-03750c9ae07d', '7b6d145f-f352-43ab-8dbc-a94b04b58e78', NULL, '4405 50TH AVE NE', NULL, NULL, NULL, NULL),
	('21cf9877-26c0-47df-b486-96e5bc0c735f', '7b6d145f-f352-43ab-8dbc-a94b04b58e78', NULL, '4311 50TH AVE NE', NULL, NULL, NULL, NULL),
	('78b3d81e-ddc1-4b87-be34-4294272db032', '7b6d145f-f352-43ab-8dbc-a94b04b58e78', NULL, '4317 50TH AVE NE', NULL, NULL, NULL, NULL),
	('ad2cbf2c-581d-4f5a-ab8f-4489509e4264', '7b6d145f-f352-43ab-8dbc-a94b04b58e78', NULL, '4303 50TH AVE NE', NULL, NULL, NULL, NULL),
	('e630eb11-5ef8-4157-be27-39fb4d8c9863', '7b6d145f-f352-43ab-8dbc-a94b04b58e78', NULL, '4217 50TH AVE NE', NULL, NULL, NULL, NULL),
	('fb149c4f-f719-407d-85c7-2c9f963eaf6d', '7b6d145f-f352-43ab-8dbc-a94b04b58e78', NULL, '4211 50TH AVE NE', NULL, NULL, NULL, NULL),
	('2d49f862-8ce6-48a7-a103-6d8c84ca5a21', '7b6d145f-f352-43ab-8dbc-a94b04b58e78', NULL, '4205 50TH AVE NE', NULL, NULL, NULL, NULL),
	('5629902e-44d6-49d9-b8a8-12a383d930e5', '00250fe4-fe83-4cdb-be2b-c67791ac5626', NULL, '4856 NE 41ST ST', NULL, NULL, NULL, NULL),
	('8377acd2-60ed-4a9b-b00d-3f35da990c4d', '00250fe4-fe83-4cdb-be2b-c67791ac5626', NULL, '4852 NE 41ST ST', NULL, NULL, NULL, NULL),
	('4d412f40-214e-403d-a77d-47ed2ed7f148', '00250fe4-fe83-4cdb-be2b-c67791ac5626', NULL, '4846 NE 41ST ST', NULL, NULL, NULL, NULL),
	('21937055-f5c5-4983-86c1-f12c98e5f3cb', '00250fe4-fe83-4cdb-be2b-c67791ac5626', NULL, '4842 NE 41ST ST', NULL, NULL, NULL, NULL),
	('3209f4ae-7984-4f03-8042-dad5f556bdf7', '00250fe4-fe83-4cdb-be2b-c67791ac5626', NULL, '4838 NE 41ST ST', NULL, NULL, NULL, NULL),
	('17637d18-d705-4648-b29d-268eeb522376', '00250fe4-fe83-4cdb-be2b-c67791ac5626', NULL, '4832 NE 41ST ST', NULL, NULL, NULL, NULL),
	('e4d641f7-c231-4ba1-86d6-ecd0af5776c2', '00250fe4-fe83-4cdb-be2b-c67791ac5626', NULL, '4826 NE 41ST ST', NULL, NULL, NULL, NULL),
	('df4dd00c-7ea3-4f28-83b6-83845bad94c4', '00250fe4-fe83-4cdb-be2b-c67791ac5626', NULL, '4822 NE 41ST ST', NULL, NULL, NULL, NULL),
	('4ae885d7-8f13-40a0-abcb-73e27e353b86', '00250fe4-fe83-4cdb-be2b-c67791ac5626', NULL, '4816 NE 41ST ST', NULL, NULL, NULL, NULL),
	('3bebf15a-f5f0-486f-bfed-90793e7aa513', '00250fe4-fe83-4cdb-be2b-c67791ac5626', NULL, '4808 NE 41ST ST', NULL, NULL, NULL, NULL),
	('000d700a-1d93-49b9-bea7-6f5b2e08cac0', '00250fe4-fe83-4cdb-be2b-c67791ac5626', NULL, '4804 NE 41ST ST', NULL, NULL, NULL, NULL),
	('2f72aa32-5a73-4c1b-a9b2-63297a95cca4', '00250fe4-fe83-4cdb-be2b-c67791ac5626', NULL, '4014 48TH AVE NE', NULL, NULL, NULL, NULL),
	('b481f922-ecc3-4dfe-98a7-ab17950ba3d4', '00250fe4-fe83-4cdb-be2b-c67791ac5626', NULL, '4811 NE 41ST ST', NULL, NULL, NULL, NULL),
	('27a15e79-f543-4069-ac12-3b47590e49af', '00250fe4-fe83-4cdb-be2b-c67791ac5626', NULL, '4817 NE 41ST ST', NULL, NULL, NULL, NULL),
	('1675c703-f339-4249-853a-aafcc05f0c86', '00250fe4-fe83-4cdb-be2b-c67791ac5626', NULL, '4825 NE 41ST ST', NULL, NULL, NULL, NULL),
	('1bfc2040-cf75-4022-9d56-54001d403f52', '00250fe4-fe83-4cdb-be2b-c67791ac5626', NULL, '4829 NE 41ST ST', NULL, NULL, NULL, NULL),
	('5e252b95-e39d-44a6-ac9b-9eec62534c90', '00250fe4-fe83-4cdb-be2b-c67791ac5626', NULL, '4833 NE 41ST ST', NULL, NULL, NULL, NULL),
	('0637e6f6-bce3-4c80-ab6a-6ae36b0a108d', '00250fe4-fe83-4cdb-be2b-c67791ac5626', NULL, '4837 NE 41ST ST', NULL, NULL, NULL, NULL),
	('ea7f8b6a-0b12-45ea-b62a-0c69b007c2c7', '00250fe4-fe83-4cdb-be2b-c67791ac5626', NULL, '4841 NE 41ST ST', NULL, NULL, NULL, NULL),
	('f2ea9be6-7926-4824-9b5a-b3f4bc5f584a', '00250fe4-fe83-4cdb-be2b-c67791ac5626', NULL, '4845 NE 41ST ST', NULL, NULL, NULL, NULL),
	('ac4e43d3-94ae-4c6c-8343-7c496d0c8ea3', '00250fe4-fe83-4cdb-be2b-c67791ac5626', NULL, '4855 NE 41ST ST', NULL, NULL, NULL, NULL),
	('9a346b2b-fe9a-4fd1-b3a6-04b256ad8824', 'ea6e7df8-bae3-41f8-9d87-9bb90178887b', NULL, '4814 NE 39TH ST', NULL, NULL, NULL, NULL),
	('6aac243c-21a9-4b34-9178-ad47f71f3f2c', 'ea6e7df8-bae3-41f8-9d87-9bb90178887b', NULL, '3905 48TH PL NE', NULL, NULL, NULL, NULL),
	('1c305e60-9650-4219-b256-bf391c2aaaf1', 'ea6e7df8-bae3-41f8-9d87-9bb90178887b', NULL, '3915 48TH PL NE', NULL, NULL, NULL, NULL),
	('1683a239-33e8-4d9d-98e2-ceb07bdb3681', 'ea6e7df8-bae3-41f8-9d87-9bb90178887b', NULL, '3914 48TH PL NE', NULL, NULL, NULL, NULL),
	('102f9a22-8fd9-4452-8fcb-ff08d657a818', 'ea6e7df8-bae3-41f8-9d87-9bb90178887b', NULL, '3910 48TH PL NE', NULL, NULL, NULL, NULL),
	('024139d0-ffc9-4e7b-a4a0-3d3ccf0888fa', 'ea6e7df8-bae3-41f8-9d87-9bb90178887b', NULL, '3904 48TH PL NE', NULL, NULL, NULL, NULL),
	('e6364b63-25be-4846-a39a-6e3b1f2b83e3', 'ea6e7df8-bae3-41f8-9d87-9bb90178887b', NULL, '4010 48TH AVE NE', NULL, NULL, NULL, NULL),
	('64e82a6b-14ed-474e-b383-a96647e063ec', 'ea6e7df8-bae3-41f8-9d87-9bb90178887b', NULL, '4011 50TH AVE NE', NULL, NULL, NULL, NULL),
	('ae2de570-4e2c-4362-aae8-042c1afc842f', 'ea6e7df8-bae3-41f8-9d87-9bb90178887b', NULL, '4005 50TH AVE NE', NULL, NULL, NULL, NULL),
	('8171f9ad-ca28-4782-9351-eaf862dd7be9', 'ea6e7df8-bae3-41f8-9d87-9bb90178887b', NULL, '4848 NE 40TH ST', NULL, NULL, NULL, NULL),
	('a6129b18-b557-4dfb-a24d-bc0dcc55c6fa', 'ea6e7df8-bae3-41f8-9d87-9bb90178887b', NULL, '4840 NE 40TH ST', NULL, NULL, NULL, NULL),
	('f8778b3a-23f0-4d6b-b825-918005701f22', 'ea6e7df8-bae3-41f8-9d87-9bb90178887b', NULL, '4836 NE 40TH ST', NULL, NULL, NULL, NULL),
	('342518ea-3bde-48cd-b280-28fe472e9d07', 'ea6e7df8-bae3-41f8-9d87-9bb90178887b', NULL, '4828 NE 40TH ST', NULL, NULL, NULL, NULL),
	('83bbabb0-94a4-4a37-a9ad-a7bab1ec76f0', 'ea6e7df8-bae3-41f8-9d87-9bb90178887b', NULL, '4824 NE 40TH ST', NULL, NULL, NULL, NULL),
	('a00de383-f7d2-42a8-9968-7bdf98932c97', 'ea6e7df8-bae3-41f8-9d87-9bb90178887b', NULL, '4820 NE 40TH ST', NULL, NULL, NULL, NULL),
	('17b844f1-e713-4a3a-906d-4658aacb9993', 'ea6e7df8-bae3-41f8-9d87-9bb90178887b', NULL, '4812 NE 40TH ST', NULL, NULL, NULL, NULL),
	('4bf0a0d4-4be8-4730-8726-23379a103576', 'ea6e7df8-bae3-41f8-9d87-9bb90178887b', NULL, '4810 NE 40TH ST', NULL, NULL, NULL, NULL),
	('9d6f9f23-5cba-412b-9b56-da4e651a745f', '9d6d0816-b874-459a-aa03-05e7621f3b05', NULL, '4007 48TH AVE NE', NULL, NULL, NULL, NULL),
	('407f5e14-55a2-4cf6-8078-9f1172011a1c', '9d6d0816-b874-459a-aa03-05e7621f3b05', NULL, '4712 NE 40TH ST', NULL, NULL, NULL, NULL),
	('45026a6a-183c-4957-ae4a-c094bd84a9bd', '9d6d0816-b874-459a-aa03-05e7621f3b05', NULL, '4710 NE 40TH ST', NULL, NULL, NULL, NULL),
	('51e62dca-68e2-4817-adcd-f110af65d473', '9d6d0816-b874-459a-aa03-05e7621f3b05', NULL, '4700 NE 40TH ST', NULL, NULL, NULL, NULL),
	('5440bb49-cae6-4879-a424-9b2db5026556', '9d6d0816-b874-459a-aa03-05e7621f3b05', NULL, '4622 NE 40TH ST', NULL, NULL, NULL, NULL),
	('d2455b5e-179d-4fcb-b5f1-681541ddf2ab', '9d6d0816-b874-459a-aa03-05e7621f3b05', NULL, '4614 NE 40TH ST', NULL, NULL, NULL, NULL),
	('dfb5d291-1e07-4ddf-b8da-a18577e770be', '9d6d0816-b874-459a-aa03-05e7621f3b05', NULL, '4608 NE 40TH ST', NULL, NULL, NULL, NULL),
	('bc5481c9-41cb-4a90-b1b3-1bc3bfccb79e', '9d6d0816-b874-459a-aa03-05e7621f3b05', NULL, '4600 NE 40TH ST', NULL, NULL, NULL, NULL),
	('e0f85396-3b95-4ae1-8408-06f11961633c', '9d6d0816-b874-459a-aa03-05e7621f3b05', NULL, '4512 NE 40TH ST', NULL, NULL, NULL, NULL),
	('39a989e6-d086-4c86-86f4-b93855db2142', '9d6d0816-b874-459a-aa03-05e7621f3b05', NULL, '4500 NE 40TH ST', NULL, NULL, NULL, NULL),
	('e3f6b62c-c5ec-4126-933f-7c3cc4e0abba', '38322b6b-ad31-4064-a762-3a7cc7749605', NULL, '4014 45TH AVE NE', NULL, NULL, NULL, NULL),
	('e90472da-5d5f-42de-9907-de89b4fbbee9', '38322b6b-ad31-4064-a762-3a7cc7749605', NULL, '4511 NE 41ST ST', NULL, NULL, NULL, NULL),
	('dd02d3f3-bef2-441d-a7c1-d341cefe5715', '38322b6b-ad31-4064-a762-3a7cc7749605', NULL, '4515 NE 41ST ST', NULL, NULL, NULL, NULL),
	('16cba455-2c5d-4df7-bfea-a218a4f97c6a', '38322b6b-ad31-4064-a762-3a7cc7749605', NULL, '4521 NE 41ST ST', NULL, NULL, NULL, NULL),
	('c009f49d-553a-4ad1-b425-64dd34fad8bc', '38322b6b-ad31-4064-a762-3a7cc7749605', NULL, '4525 NE 41ST ST', NULL, NULL, NULL, NULL),
	('5b363e65-802a-4e6a-827a-949e2f496606', '38322b6b-ad31-4064-a762-3a7cc7749605', NULL, '4535 NE 41ST ST', NULL, NULL, NULL, NULL),
	('3cb3e737-9e2f-4f19-8f10-822ff694b9db', '38322b6b-ad31-4064-a762-3a7cc7749605', NULL, '4541 NE 41ST ST', NULL, NULL, NULL, NULL),
	('597e3188-b3d3-40f9-b867-660a41f9f5bc', '38322b6b-ad31-4064-a762-3a7cc7749605', NULL, '4545 NE 41ST ST', NULL, NULL, NULL, NULL),
	('657b52ce-e29b-48b4-882c-193d9deac7ae', '38322b6b-ad31-4064-a762-3a7cc7749605', NULL, '4551 NE 41ST ST', NULL, NULL, NULL, NULL),
	('4bbccd5d-354f-4163-8140-46d56a3635bb', '38322b6b-ad31-4064-a762-3a7cc7749605', NULL, '4553 NE 41ST ST', NULL, NULL, NULL, NULL),
	('d3d1e8fa-d03a-43f4-a66b-3d1c17e9f55e', '38322b6b-ad31-4064-a762-3a7cc7749605', NULL, '4559 NE 41ST ST', NULL, NULL, NULL, NULL),
	('8ce3202d-ef89-4475-9de0-d2b46109d8c0', '295d409b-18de-4b25-8360-52b00d906754', NULL, '4848 NE 42ND ST', NULL, NULL, NULL, NULL),
	('19bf6f9e-3e01-4ba6-8ede-cfd6458c58ca', '295d409b-18de-4b25-8360-52b00d906754', NULL, '4844 NE 42ND ST', NULL, NULL, NULL, NULL),
	('bd24abf5-0244-4ede-a618-c2172de0d4b0', '295d409b-18de-4b25-8360-52b00d906754', NULL, '4842 NE 42ND ST', NULL, NULL, NULL, NULL),
	('b20d45d4-7ab9-49e4-aa6a-747f3ab7b718', '295d409b-18de-4b25-8360-52b00d906754', NULL, '4836 NE 42ND ST', NULL, NULL, NULL, NULL),
	('8f434683-06b7-4eca-91af-cd1072f9dd4a', '295d409b-18de-4b25-8360-52b00d906754', NULL, '4830 NE 42ND ST', NULL, NULL, NULL, NULL),
	('7a7fb404-d42c-4b5f-ba9b-a6c181ed9d76', '295d409b-18de-4b25-8360-52b00d906754', NULL, '4826 NE 42ND ST', NULL, NULL, NULL, NULL),
	('90613717-5f55-4e39-8036-6d753e1f2b57', '295d409b-18de-4b25-8360-52b00d906754', NULL, '4820 NE 42ND ST', NULL, NULL, NULL, NULL),
	('fec718f6-e963-4185-a33e-3a5733296815', '295d409b-18de-4b25-8360-52b00d906754', NULL, '4812 NE 42ND ST', NULL, NULL, NULL, NULL),
	('4d41630e-08a0-48d1-bc96-52beeb3cb4c0', '295d409b-18de-4b25-8360-52b00d906754', NULL, '4202 48TH AVE NE', NULL, NULL, NULL, NULL),
	('0ae9aa3f-f59b-43d0-bcfa-beec1611d3b1', '295d409b-18de-4b25-8360-52b00d906754', NULL, '4110 48TH AVE NE', NULL, NULL, NULL, NULL),
	('d3cd5d14-3310-40d5-8438-427b7b509d37', '295d409b-18de-4b25-8360-52b00d906754', NULL, '4116 48TH AVE NE', NULL, NULL, NULL, NULL),
	('f5a8b1f0-d148-4b03-9a5e-c78be654b635', '295d409b-18de-4b25-8360-52b00d906754', NULL, '4811 NE 42ND ST', NULL, NULL, NULL, NULL),
	('c6c3c24d-ed0a-4b44-bb73-edc99e9d71eb', '295d409b-18de-4b25-8360-52b00d906754', NULL, '4819 NE 42ND ST', NULL, NULL, NULL, NULL),
	('3c835601-740e-47da-9e92-be17053a2b28', '295d409b-18de-4b25-8360-52b00d906754', NULL, '4823 NE 42ND ST', NULL, NULL, NULL, NULL),
	('34a5b770-133e-4768-bc28-4f60cc8943c2', '295d409b-18de-4b25-8360-52b00d906754', NULL, '4827 NE 42ND ST', NULL, NULL, NULL, NULL),
	('ca78f222-b56e-4bc8-9f5f-8a3b2ab14edb', '295d409b-18de-4b25-8360-52b00d906754', NULL, '4833 NE 42ND ST', NULL, NULL, NULL, NULL),
	('7e2cf1c8-f339-410a-87c8-e516f531fdf0', '295d409b-18de-4b25-8360-52b00d906754', NULL, '4835 NE 42ND ST', NULL, NULL, NULL, NULL),
	('3ebe2bbc-a9b8-4452-bef3-7f8756946df1', '295d409b-18de-4b25-8360-52b00d906754', NULL, '4843 NE 42ND ST', NULL, NULL, NULL, NULL),
	('39f0ed77-51a2-4ee7-b36d-86a9bfc2e69e', '295d409b-18de-4b25-8360-52b00d906754', NULL, '4845 NE 42ND ST', NULL, NULL, NULL, NULL),
	('78254ff7-a1ab-40d2-8907-cb350ffc6db8', '295d409b-18de-4b25-8360-52b00d906754', NULL, '4849 NE 42ND ST', NULL, NULL, NULL, NULL),
	('f92f9830-41a1-42b2-9bea-c73d97efdd9f', '295d409b-18de-4b25-8360-52b00d906754', NULL, '4117 50TH AVE NE', NULL, NULL, NULL, NULL),
	('3f26dd79-8331-4e29-9e91-aedbd45d2905', '295d409b-18de-4b25-8360-52b00d906754', NULL, '4115 50TH AVE NE', NULL, NULL, NULL, NULL),
	('6aa81cbd-b54f-42c4-91a0-672bd2c688be', 'a261e47d-09e9-472c-8fab-1f1436afa3e1', NULL, '4852 NE 43RD ST', NULL, NULL, NULL, NULL),
	('ef204797-7f69-4dce-a073-f9b03e120c45', 'a261e47d-09e9-472c-8fab-1f1436afa3e1', NULL, '4848 NE 43RD ST', NULL, NULL, NULL, NULL),
	('869e10e9-c913-4bc6-83e7-1d57e6a35671', 'a261e47d-09e9-472c-8fab-1f1436afa3e1', NULL, '4844 NE 43RD ST', NULL, NULL, NULL, NULL),
	('e31b25e7-d0c0-4ed0-aeb8-90c9b1c82b71', 'a261e47d-09e9-472c-8fab-1f1436afa3e1', NULL, '4842 NE 43RD ST', NULL, NULL, NULL, NULL),
	('b50a22e7-2dfe-4fc8-a334-c4794d55b1eb', 'a261e47d-09e9-472c-8fab-1f1436afa3e1', NULL, '4838 NE 43RD ST', NULL, NULL, NULL, NULL),
	('da3809bb-6188-414c-a1d2-a1d860ce463f', 'a261e47d-09e9-472c-8fab-1f1436afa3e1', NULL, '4834 NE 43RD ST', NULL, NULL, NULL, NULL),
	('7547118d-84c3-4c3f-9762-54ff5fec8ffb', 'a261e47d-09e9-472c-8fab-1f1436afa3e1', NULL, '4830 NE 43RD ST', NULL, NULL, NULL, NULL),
	('22b82529-7b7a-4ed8-a7e1-2e74c5bbfbb1', 'a261e47d-09e9-472c-8fab-1f1436afa3e1', NULL, '4826 NE 43RD ST', NULL, NULL, NULL, NULL),
	('3fd05c99-576e-49e7-9597-07a06a019c4d', 'a261e47d-09e9-472c-8fab-1f1436afa3e1', NULL, '4820 NE 43RD ST', NULL, NULL, NULL, NULL),
	('f7daacef-8cb0-49e2-8b4e-54c1971936a6', 'a261e47d-09e9-472c-8fab-1f1436afa3e1', NULL, '4814 NE 43RD ST', NULL, NULL, NULL, NULL),
	('65268244-5f88-42ad-bbf1-f880dd43b14d', 'a261e47d-09e9-472c-8fab-1f1436afa3e1', NULL, '4810 NE 43RD ST', NULL, NULL, NULL, NULL),
	('656265da-c6cf-4f8a-b23c-a5385a7efe76', 'a261e47d-09e9-472c-8fab-1f1436afa3e1', NULL, '4306 48TH AVE NE', NULL, NULL, NULL, NULL),
	('a13e07ad-3f3b-4c37-bb59-02edb153dbf1', 'a261e47d-09e9-472c-8fab-1f1436afa3e1', NULL, '4302 48TH AVE NE', NULL, NULL, NULL, NULL),
	('68fc2a8a-0e28-4b19-83c9-36afdf3bfe9d', 'a261e47d-09e9-472c-8fab-1f1436afa3e1', NULL, '4220 48TH AVE NE', NULL, NULL, NULL, NULL),
	('4b7e34b9-9eb3-4bfc-b851-9969f2996df7', 'a261e47d-09e9-472c-8fab-1f1436afa3e1', NULL, '4811 NE 43RD ST', NULL, NULL, NULL, NULL),
	('8808db29-f731-4dab-b397-552123801377', 'a261e47d-09e9-472c-8fab-1f1436afa3e1', NULL, '4823 NE 43RD ST', NULL, NULL, NULL, NULL),
	('901952af-2a0a-4bf4-843e-4e5f54be269e', 'a261e47d-09e9-472c-8fab-1f1436afa3e1', NULL, '4827 NE 43RD ST', NULL, NULL, NULL, NULL),
	('a85d64c0-f07f-49c8-8a0b-07364c532c08', 'a261e47d-09e9-472c-8fab-1f1436afa3e1', NULL, '4833 NE 43RD ST', NULL, NULL, NULL, NULL),
	('058bf9c5-3ca6-4618-8420-1bdb8490db2f', 'a261e47d-09e9-472c-8fab-1f1436afa3e1', NULL, '4839 NE 43RD ST', NULL, NULL, NULL, NULL),
	('b1139152-9703-4cda-9410-ffd87a7d000a', 'a261e47d-09e9-472c-8fab-1f1436afa3e1', NULL, '4841 NE 43RD ST', NULL, NULL, NULL, NULL),
	('09d1b476-cad1-4f44-95da-ba9c8566e1ba', 'a261e47d-09e9-472c-8fab-1f1436afa3e1', NULL, '4845 NE 43RD ST', NULL, NULL, NULL, NULL),
	('b5a17bf6-2e11-41c0-9a20-65b8388e4686', 'a261e47d-09e9-472c-8fab-1f1436afa3e1', NULL, '4849 NE 43RD ST', NULL, NULL, NULL, NULL),
	('78e8b9a6-f57e-43fb-8478-e3df55899f53', '2855fea3-73a6-4ba4-82cc-0f6fe0b2ece3', NULL, '4844 NE 44TH ST', NULL, NULL, NULL, NULL),
	('eded36df-3249-4d8d-bb71-66ed5dd583f4', '2855fea3-73a6-4ba4-82cc-0f6fe0b2ece3', NULL, '4840 NE 44TH ST', NULL, NULL, NULL, NULL),
	('68c300e5-4a15-40d5-92c3-0dc43f705b85', '2855fea3-73a6-4ba4-82cc-0f6fe0b2ece3', NULL, '4834 NE 44TH ST', NULL, NULL, NULL, NULL),
	('32c36d54-e53f-421b-ad0e-e5e5cb6d82ff', '2855fea3-73a6-4ba4-82cc-0f6fe0b2ece3', NULL, '4830 NE 44TH ST', NULL, NULL, NULL, NULL),
	('c53d47f4-ef14-446c-90bb-c982b82785a7', '2855fea3-73a6-4ba4-82cc-0f6fe0b2ece3', NULL, '4826 NE 44TH ST', NULL, NULL, NULL, NULL),
	('af199a2c-a04f-4513-a682-4571c9c0fcdd', '2855fea3-73a6-4ba4-82cc-0f6fe0b2ece3', NULL, '4820 NE 44TH ST', NULL, NULL, NULL, NULL),
	('b5e39135-4bb1-4567-869e-58082f8704a8', '2855fea3-73a6-4ba4-82cc-0f6fe0b2ece3', NULL, '4814 NE 44TH ST', NULL, NULL, NULL, NULL),
	('a7f3fbfa-9297-4058-9c64-e4779d515df8', '2855fea3-73a6-4ba4-82cc-0f6fe0b2ece3', NULL, '4810 NE 44TH ST', NULL, NULL, NULL, NULL),
	('a1af17fc-1373-4a98-8c78-c12ed96c63f5', '2855fea3-73a6-4ba4-82cc-0f6fe0b2ece3', NULL, '4400 48TH AVE NE', NULL, NULL, NULL, NULL),
	('d10defca-d814-490f-9113-3b7b28186ef9', '2855fea3-73a6-4ba4-82cc-0f6fe0b2ece3', NULL, '4316 48TH AVE NE', NULL, NULL, NULL, NULL),
	('babce3b6-d69c-4d83-b802-99465ab6750d', '2855fea3-73a6-4ba4-82cc-0f6fe0b2ece3', NULL, '4310 48TH AVE NE', NULL, NULL, NULL, NULL),
	('0ede04dd-dc5e-4076-9578-7f9d4187825d', '2855fea3-73a6-4ba4-82cc-0f6fe0b2ece3', NULL, '4815 NE 44TH ST', NULL, NULL, NULL, NULL),
	('0d6882cb-9e24-4c3c-8ddc-395fe470761d', '2855fea3-73a6-4ba4-82cc-0f6fe0b2ece3', NULL, '4821 NE 44TH ST', NULL, NULL, NULL, NULL),
	('5d2a687f-5c80-4c2c-8194-227465b34a92', '2855fea3-73a6-4ba4-82cc-0f6fe0b2ece3', NULL, '4823 NE 44TH ST', NULL, NULL, NULL, NULL),
	('43babda0-d17b-4863-b759-d0325b9c3f0e', '2855fea3-73a6-4ba4-82cc-0f6fe0b2ece3', NULL, '4831 NE 44TH ST', NULL, NULL, NULL, NULL),
	('8a9e58ae-2d1c-4acf-9ff2-1fd90c2a9cc3', '2855fea3-73a6-4ba4-82cc-0f6fe0b2ece3', NULL, '4835 NE 44TH ST', NULL, NULL, NULL, NULL),
	('a30c06da-136e-4352-bd0b-54ec0251024d', '2855fea3-73a6-4ba4-82cc-0f6fe0b2ece3', NULL, '4841 NE 44TH ST', NULL, NULL, NULL, NULL),
	('c079a38e-f609-416d-b212-f8c194563f8f', '2855fea3-73a6-4ba4-82cc-0f6fe0b2ece3', NULL, '4845 NE 44TH ST', NULL, NULL, NULL, NULL),
	('0c8af5ba-43dd-4d9a-87f9-3106a5b4f900', '64fd82ae-6bc4-4e16-a76e-01b39af2b9f2', NULL, '4708 NE 45TH ST', NULL, NULL, NULL, NULL),
	('978a2b33-28c3-408e-9069-9ee303563125', '64fd82ae-6bc4-4e16-a76e-01b39af2b9f2', NULL, '4501 48TH AVE NE', NULL, NULL, NULL, NULL),
	('4a06ca58-cd36-4060-8a03-ce21f88040b5', '64fd82ae-6bc4-4e16-a76e-01b39af2b9f2', NULL, '4503 48TH AVE NE', NULL, NULL, NULL, NULL),
	('4172adbd-075a-4f36-a41c-553271539ff6', '64fd82ae-6bc4-4e16-a76e-01b39af2b9f2', NULL, '4716 NE 45TH ST', NULL, NULL, NULL, NULL),
	('cc1041b0-71e4-4940-9d56-dd19c3ec1a19', '64fd82ae-6bc4-4e16-a76e-01b39af2b9f2', NULL, '4808 NE 45TH ST', NULL, NULL, NULL, NULL),
	('df18a6cc-b5c8-453c-b5a9-eae26683b61c', '64fd82ae-6bc4-4e16-a76e-01b39af2b9f2', NULL, '4802 NE 45TH ST', NULL, NULL, NULL, NULL),
	('c6158426-42f5-4437-b971-a3040b27f10f', '64fd82ae-6bc4-4e16-a76e-01b39af2b9f2', NULL, '4812 NE 45TH ST', NULL, NULL, NULL, NULL),
	('fe47224b-f264-497a-b46c-5fa96a842040', '64fd82ae-6bc4-4e16-a76e-01b39af2b9f2', NULL, '4818 NE 45TH ST', NULL, NULL, NULL, NULL),
	('0d481733-a218-4d49-8d29-4841558b5961', '64fd82ae-6bc4-4e16-a76e-01b39af2b9f2', NULL, '4833 NE 45TH ST', NULL, NULL, NULL, NULL),
	('abfb08ee-3567-46e2-a531-7e8ee70def98', '64fd82ae-6bc4-4e16-a76e-01b39af2b9f2', NULL, '4841 NE 45TH ST', NULL, NULL, NULL, NULL),
	('f96267f0-42f3-471e-92b4-c25493ed6f98', '64fd82ae-6bc4-4e16-a76e-01b39af2b9f2', NULL, '4843 NE 45TH ST', NULL, NULL, NULL, NULL),
	('b6c1e921-85df-42c8-aed6-9da3b1828d13', '64fd82ae-6bc4-4e16-a76e-01b39af2b9f2', NULL, '4847 NE 45TH ST', NULL, NULL, NULL, NULL),
	('0655f01b-01fc-44f4-8f5e-5fee9a7a3512', '64fd82ae-6bc4-4e16-a76e-01b39af2b9f2', NULL, '4851 NE 45TH ST', NULL, NULL, NULL, NULL),
	('534a3c76-0456-435a-acee-73906687a852', '8ffdcefe-5731-40ba-899f-36b33490e45e', NULL, '4557 49TH AVE NE', NULL, NULL, NULL, NULL),
	('62895d5d-f1da-42ec-b8f3-27e55aab31e7', '8ffdcefe-5731-40ba-899f-36b33490e45e', NULL, '4553 49TH AVE NE', NULL, NULL, NULL, NULL),
	('8e92ddb7-718d-4e34-91c4-e665b80d4d81', '8ffdcefe-5731-40ba-899f-36b33490e45e', NULL, '4545 49TH AVE NE', NULL, NULL, NULL, NULL),
	('303a2d55-bd8d-44a6-8039-756a8dd1f6b7', '8ffdcefe-5731-40ba-899f-36b33490e45e', NULL, '4541 49TH AVE NE', NULL, NULL, NULL, NULL),
	('58f31c71-1f43-4f13-9e60-565808f39b92', '8ffdcefe-5731-40ba-899f-36b33490e45e', NULL, '4537 49TH AVE NE', NULL, NULL, NULL, NULL),
	('75c8e2af-8209-4147-8ed3-519ebf8dd1ca', '8ffdcefe-5731-40ba-899f-36b33490e45e', NULL, '4531 49TH AVE NE', NULL, NULL, NULL, NULL),
	('c32ab5b7-aaaf-41f7-9e0b-6fe2c879f594', '8ffdcefe-5731-40ba-899f-36b33490e45e', NULL, '4525 49TH AVE NE', NULL, NULL, NULL, NULL),
	('7b82690b-900f-4284-b89e-9bd470cb433e', '8ffdcefe-5731-40ba-899f-36b33490e45e', NULL, '4521 49TH AVE NE', NULL, NULL, NULL, NULL),
	('abf494e8-0ef3-483a-a374-3b65e07bbd9d', '8ffdcefe-5731-40ba-899f-36b33490e45e', NULL, '4517 49TH AVE NE', NULL, NULL, NULL, NULL),
	('2aa86d4e-f461-461e-825e-df87c75314fa', '8ffdcefe-5731-40ba-899f-36b33490e45e', NULL, '4511 49TH AVE NE', NULL, NULL, NULL, NULL),
	('59d27396-362a-4a6e-9f28-146a25778110', '8ffdcefe-5731-40ba-899f-36b33490e45e', NULL, '4550 49TH AVE NE', NULL, NULL, NULL, NULL),
	('f42b1304-58c2-427e-9835-35395ca7de7c', '8ffdcefe-5731-40ba-899f-36b33490e45e', NULL, '4544 49TH AVE NE', NULL, NULL, NULL, NULL),
	('89a29923-290d-44d2-8560-5b098a8c1582', '8ffdcefe-5731-40ba-899f-36b33490e45e', NULL, '4542 49TH AVE NE', NULL, NULL, NULL, NULL),
	('0e5432b7-af1d-4004-8550-b89c8183b2fc', '8ffdcefe-5731-40ba-899f-36b33490e45e', NULL, '4540 49TH AVE NE', NULL, NULL, NULL, NULL),
	('a5c15dd9-1c52-4f0c-ad06-297c53007d64', '8ffdcefe-5731-40ba-899f-36b33490e45e', NULL, '5020 49TH AVE NE', NULL, NULL, NULL, NULL),
	('f4ed8629-528a-4b99-9219-12b98bb58956', '8ffdcefe-5731-40ba-899f-36b33490e45e', NULL, '4520 49TH AVE NE', NULL, NULL, NULL, NULL),
	('1ce7110a-b4a5-4934-82a8-40cab871a569', 'c03a463b-bf43-4097-8925-4f5415398500', NULL, '4557 48TH AVE NE', NULL, NULL, NULL, NULL),
	('a2b4e8ac-2f14-4d3f-a56f-9e84ad152003', 'c03a463b-bf43-4097-8925-4f5415398500', NULL, '4553 48TH AVE NE', NULL, NULL, NULL, NULL),
	('b0810a10-1210-4b0f-83f8-627b89074e28', 'c03a463b-bf43-4097-8925-4f5415398500', NULL, '4545 48TH AVE NE', NULL, NULL, NULL, NULL),
	('b2d236ab-7015-4fef-ad75-da9240178b8d', 'c03a463b-bf43-4097-8925-4f5415398500', NULL, '4539 48TH AVE NE', NULL, NULL, NULL, NULL),
	('a78b542d-1611-4478-b8f4-06b5718876e5', 'c03a463b-bf43-4097-8925-4f5415398500', NULL, '4531 48TH AVE NE', NULL, NULL, NULL, NULL),
	('934a13a3-52d9-49fa-a705-dee714eb2666', 'c03a463b-bf43-4097-8925-4f5415398500', NULL, '4527 48TH AVE NE', NULL, NULL, NULL, NULL),
	('8403769a-3512-4951-a493-ca8f15906315', 'c03a463b-bf43-4097-8925-4f5415398500', NULL, '4523 48TH AVE NE', NULL, NULL, NULL, NULL),
	('d4704227-9fd3-4367-b4c5-e6c4dcf950dc', 'c03a463b-bf43-4097-8925-4f5415398500', NULL, '4511 48TH AVE NE', NULL, NULL, NULL, NULL),
	('009f2d18-0d35-4e74-8a9b-666bc833a4df', 'c03a463b-bf43-4097-8925-4f5415398500', NULL, '4517 48TH AVE NE', NULL, NULL, NULL, NULL),
	('eb3d1b1f-cfb2-4471-bb2e-669cd8b0958f', 'c03a463b-bf43-4097-8925-4f5415398500', NULL, '4510 48TH AVE NE', NULL, NULL, NULL, NULL),
	('653816bc-b829-49a2-be74-572a6bf3356a', 'c03a463b-bf43-4097-8925-4f5415398500', NULL, '4516 48TH AVE NE', NULL, NULL, NULL, NULL),
	('bdba07d8-50fc-404a-985b-4937ab804336', 'c03a463b-bf43-4097-8925-4f5415398500', NULL, '4526 48TH AVE NE', NULL, NULL, NULL, NULL),
	('30a89b6e-92c3-4dbd-b455-61c56df4cc5a', 'c03a463b-bf43-4097-8925-4f5415398500', NULL, '4522 48TH AVE NE', NULL, NULL, NULL, NULL),
	('8d67347d-f180-4760-ad3f-0cb13e4d5769', 'c03a463b-bf43-4097-8925-4f5415398500', NULL, '4532 48TH AVE NE', NULL, NULL, NULL, NULL),
	('d148b6f3-cb1c-463e-b668-b877777f32f2', 'c03a463b-bf43-4097-8925-4f5415398500', NULL, '4536 48TH AVE NE', NULL, NULL, NULL, NULL),
	('752eb0f1-e126-42df-bd69-6bd80059a19e', 'c03a463b-bf43-4097-8925-4f5415398500', NULL, '4546 48TH AVE NE', NULL, NULL, NULL, NULL),
	('d8bda553-1252-42fb-b241-e4dc3933fd14', 'c03a463b-bf43-4097-8925-4f5415398500', NULL, '4542 48TH AVE NE', NULL, NULL, NULL, NULL),
	('c7d1616b-efe9-4725-ade7-0cffc8122341', 'c03a463b-bf43-4097-8925-4f5415398500', NULL, '4556 48TH AVE NE', NULL, NULL, NULL, NULL),
	('40c84c2b-8b24-4316-b7f6-d60e9b7c2b29', 'c03a463b-bf43-4097-8925-4f5415398500', NULL, '4552 48TH AVE NE', NULL, NULL, NULL, NULL),
	('13db88ce-17f1-4e1e-b957-b367702fd0ec', '9303ef2e-51b9-483a-abb3-d33c56b45353', NULL, '4502 47TH AVE NE', NULL, NULL, NULL, NULL),
	('43ba6937-b379-4b4a-9018-1d37154a6b2f', '9303ef2e-51b9-483a-abb3-d33c56b45353', NULL, '4516 47TH AVE NE', NULL, NULL, NULL, NULL),
	('e77dbcd8-bfae-45ee-95d8-2caae6f60a2b', '9303ef2e-51b9-483a-abb3-d33c56b45353', NULL, '4512 47TH AVE NE', NULL, NULL, NULL, NULL),
	('6862389c-3c88-4278-98a6-a5e559cb6961', '9303ef2e-51b9-483a-abb3-d33c56b45353', NULL, '4526 47TH AVE NE', NULL, NULL, NULL, NULL),
	('1efdb6f8-9207-4ad6-8b67-9e11018eb1af', '9303ef2e-51b9-483a-abb3-d33c56b45353', NULL, '4522 47TH AVE NE', NULL, NULL, NULL, NULL),
	('2426ced1-b0fd-4c94-b14a-6222fa1760fb', '9303ef2e-51b9-483a-abb3-d33c56b45353', NULL, '4538 47TH AVE NE', NULL, NULL, NULL, NULL),
	('e2609e2d-6bc5-4ffa-95d6-60f0b645483f', '9303ef2e-51b9-483a-abb3-d33c56b45353', NULL, '4536 47TH AVE NE', NULL, NULL, NULL, NULL),
	('21cd11a4-52ee-4302-a939-69acbf386d2f', '9303ef2e-51b9-483a-abb3-d33c56b45353', NULL, '4532 47TH AVE NE', NULL, NULL, NULL, NULL),
	('365a2f9f-67c1-499c-9fbd-f0cf4a1d0af5', '9303ef2e-51b9-483a-abb3-d33c56b45353', NULL, '4548 47TH AVE NE', NULL, NULL, NULL, NULL),
	('a47a459a-3b28-4137-8f56-6df2f4c61182', '9303ef2e-51b9-483a-abb3-d33c56b45353', NULL, '4713 NE 47TH ST', NULL, NULL, NULL, NULL),
	('8aed66ff-cf17-4d35-a6f1-f292f59043a3', '9303ef2e-51b9-483a-abb3-d33c56b45353', NULL, '4550 47TH AVE NE', NULL, NULL, NULL, NULL),
	('6d30e868-7760-456e-9118-fb476866c16c', '9303ef2e-51b9-483a-abb3-d33c56b45353', NULL, '4556 47TH AVE NE', NULL, NULL, NULL, NULL),
	('20f4a0de-50a9-4091-bf90-5e864a7e262a', '9303ef2e-51b9-483a-abb3-d33c56b45353', NULL, '4544 47TH AVE NE', NULL, NULL, NULL, NULL),
	('5fc1c4a1-5290-41cd-9d54-4cd81447c392', '9303ef2e-51b9-483a-abb3-d33c56b45353', NULL, '4717 NE 47TH ST', NULL, NULL, NULL, NULL),
	('73b5eeab-aa21-4e65-a883-c2185a83116c', '9303ef2e-51b9-483a-abb3-d33c56b45353', NULL, '4540 47TH AVE NE', NULL, NULL, NULL, NULL),
	('4f8cf5d8-e639-47b8-92c4-1b078cb5f29f', '9d348db8-1360-495f-8e90-fa4b90aaa1db', NULL, '4753 48TH AVE NE', NULL, NULL, NULL, NULL),
	('c7a19268-daa4-440a-a501-ddb686740521', '9d348db8-1360-495f-8e90-fa4b90aaa1db', NULL, '4757 48TH AVE NE', NULL, NULL, NULL, NULL),
	('fd49b7f7-4687-4678-b7fc-a4484563ce5a', '9d348db8-1360-495f-8e90-fa4b90aaa1db', NULL, '4743 48TH AVE NE', NULL, NULL, NULL, NULL),
	('dd481e9c-bbd4-477d-ac5e-6309cb0edf3b', '9d348db8-1360-495f-8e90-fa4b90aaa1db', NULL, '4747 48TH AVE NE', NULL, NULL, NULL, NULL),
	('c3c15c8e-8925-45a0-b0a2-56de4b9b0066', '9d348db8-1360-495f-8e90-fa4b90aaa1db', NULL, '4733 48TH AVE NE', NULL, NULL, NULL, NULL),
	('ad0683ac-0404-4e95-9233-e5a9399e1653', '9d348db8-1360-495f-8e90-fa4b90aaa1db', NULL, '4737 48TH AVE NE', NULL, NULL, NULL, NULL),
	('24ff22b9-c6af-416d-a56a-d01e01db22e1', '9d348db8-1360-495f-8e90-fa4b90aaa1db', NULL, '4727 48TH AVE NE', NULL, NULL, NULL, NULL),
	('42ad7870-a481-47a2-a46a-441e81df36f7', '9d348db8-1360-495f-8e90-fa4b90aaa1db', NULL, '4723 48TH AVE NE', NULL, NULL, NULL, NULL),
	('2f595924-6835-4bde-af11-0fa2144a30f3', '9d348db8-1360-495f-8e90-fa4b90aaa1db', NULL, '4717 48TH AVE NE', NULL, NULL, NULL, NULL),
	('220be4db-7390-4886-83bd-fc10e96cf6a6', '9d348db8-1360-495f-8e90-fa4b90aaa1db', NULL, '4713 48TH AVE NE', NULL, NULL, NULL, NULL),
	('1a2bc185-6602-4279-914f-53994542dedd', '9d348db8-1360-495f-8e90-fa4b90aaa1db', NULL, '4720 NE 47TH ST', NULL, NULL, NULL, NULL),
	('3b479d09-a1b8-4bea-bb2d-44feb6d40b6a', '9d348db8-1360-495f-8e90-fa4b90aaa1db', NULL, '4707 48TH AVE NE', NULL, NULL, NULL, NULL),
	('6fdded04-06e0-4abc-b8bb-a19e03815180', '9d348db8-1360-495f-8e90-fa4b90aaa1db', NULL, '4706 48TH AVE NE', NULL, NULL, NULL, NULL),
	('dac294ef-9c42-4605-b07d-011b1e793e3c', '9d348db8-1360-495f-8e90-fa4b90aaa1db', NULL, '4702 48TH AVE NE', NULL, NULL, NULL, NULL),
	('cccd038c-0be5-4624-9f93-ca6caadb303a', '9d348db8-1360-495f-8e90-fa4b90aaa1db', NULL, '4712 48TH AVE NE', NULL, NULL, NULL, NULL),
	('2ef9a231-7bed-4762-b3c3-89cc7f0716c4', '9d348db8-1360-495f-8e90-fa4b90aaa1db', NULL, '4716 48TH AVE NE', NULL, NULL, NULL, NULL),
	('7c772789-e2ac-490c-951b-bfb0aee5aea0', '9d348db8-1360-495f-8e90-fa4b90aaa1db', NULL, '4726 48TH AVE NE', NULL, NULL, NULL, NULL),
	('c4904f06-9519-4ed2-8299-8184883ba234', '9d348db8-1360-495f-8e90-fa4b90aaa1db', NULL, '4722 48TH AVE NE', NULL, NULL, NULL, NULL),
	('de12c14c-efb5-4f7e-be8e-426487cb6d72', '9d348db8-1360-495f-8e90-fa4b90aaa1db', NULL, '4736 48TH AVE NE', NULL, NULL, NULL, NULL),
	('7380b16a-4143-4470-9986-081a9c0a8174', '9d348db8-1360-495f-8e90-fa4b90aaa1db', NULL, '4732 48TH AVE NE', NULL, NULL, NULL, NULL),
	('4821664e-8fb8-4220-a9b4-fda4ff6e5d68', '9d348db8-1360-495f-8e90-fa4b90aaa1db', NULL, '4742 48TH AVE NE', NULL, NULL, NULL, NULL),
	('1258d337-6884-46ae-b4d3-a3c20e500fe3', '9d348db8-1360-495f-8e90-fa4b90aaa1db', NULL, '4746 48TH AVE NE', NULL, NULL, NULL, NULL),
	('f039d905-835d-4194-a464-2c20414564be', '9d348db8-1360-495f-8e90-fa4b90aaa1db', NULL, '4756 48TH AVE NE', NULL, NULL, NULL, NULL),
	('71987f58-7b65-4a65-883d-63916b27080d', '9d348db8-1360-495f-8e90-fa4b90aaa1db', NULL, '4754 48TH AVE NE', NULL, NULL, NULL, NULL),
	('de2d01e4-8a87-4e8a-a414-bd8e1cc07ce4', 'd4f8027b-46cb-4c47-a45b-08b427f97276', NULL, '4751 49TH AVE NE', NULL, NULL, NULL, NULL),
	('a2ce60ac-3053-407d-ae65-d7d969fc5444', 'd4f8027b-46cb-4c47-a45b-08b427f97276', NULL, '4755 49TH AVE NE', NULL, NULL, NULL, NULL),
	('83c8234c-921b-457e-8755-753340f8039f', 'd4f8027b-46cb-4c47-a45b-08b427f97276', NULL, '4747 49TH AVE NE', NULL, NULL, NULL, NULL),
	('ae63f16a-9d86-49f4-a0c5-64b9c51aadd6', 'd4f8027b-46cb-4c47-a45b-08b427f97276', NULL, '4745 49TH AVE NE', NULL, NULL, NULL, NULL),
	('77955a4f-9d0f-40ec-bb0c-eb31ce8263ff', 'd4f8027b-46cb-4c47-a45b-08b427f97276', NULL, '4731 49TH AVE NE', NULL, NULL, NULL, NULL),
	('b008ad1f-b6a6-4cd5-9cbb-e1ed61a6d8cb', 'd4f8027b-46cb-4c47-a45b-08b427f97276', NULL, '4737 49TH AVE NE', NULL, NULL, NULL, NULL),
	('9499a8c7-b223-4e7f-9ba0-32439aff32f3', 'd4f8027b-46cb-4c47-a45b-08b427f97276', NULL, '4727 49TH AVE NE', NULL, NULL, NULL, NULL),
	('955c5b9f-c791-47c7-b613-a839e0a9918a', 'd4f8027b-46cb-4c47-a45b-08b427f97276', NULL, '4723 49TH AVE NE', NULL, NULL, NULL, NULL),
	('e7e2e04f-d6cf-40b7-9f85-aa8c169c221b', 'd4f8027b-46cb-4c47-a45b-08b427f97276', NULL, '4717 49TH AVE NE', NULL, NULL, NULL, NULL),
	('75c26380-d1e8-4a29-a0c3-dff9ab445553', 'd4f8027b-46cb-4c47-a45b-08b427f97276', NULL, '4711 49TH AVE NE', NULL, NULL, NULL, NULL),
	('193d93d8-065f-43f2-a47c-e41f31c16344', 'd4f8027b-46cb-4c47-a45b-08b427f97276', NULL, '4707 49TH AVE NE', NULL, NULL, NULL, NULL),
	('8f0d7b82-ba79-4100-bacd-2baacef55635', 'd4f8027b-46cb-4c47-a45b-08b427f97276', NULL, '4816 NE 47TH ST', NULL, NULL, NULL, NULL),
	('291c15d6-6af2-4e18-a30f-fa951e826a0a', '2ab45ef3-6f3a-4152-8293-996b4ce017a3', NULL, '5005 NICKLAS PL NE', NULL, NULL, NULL, NULL),
	('3fb0131b-8399-454d-8eae-253363e6b702', '2ab45ef3-6f3a-4152-8293-996b4ce017a3', NULL, '5015 NICKLAS PL NE', NULL, NULL, NULL, NULL),
	('2f768932-6dc0-47b7-9429-6689894689ee', '2ab45ef3-6f3a-4152-8293-996b4ce017a3', NULL, '5025 NICKLAS PL NE', NULL, NULL, NULL, NULL),
	('c72bff9f-37f8-4a5b-915e-6e2f8ace7437', '2ab45ef3-6f3a-4152-8293-996b4ce017a3', NULL, '5010 NE 50TH ST', NULL, NULL, NULL, NULL),
	('4473051f-635b-43e3-9d74-6c7a66fe3526', '2ab45ef3-6f3a-4152-8293-996b4ce017a3', NULL, '5029 NICKLAS PL NE', NULL, NULL, NULL, NULL),
	('0c0e3160-419a-4c7a-a62e-a5f76d8dd808', '2ab45ef3-6f3a-4152-8293-996b4ce017a3', NULL, '5035 NICKLAS PL NE', NULL, NULL, NULL, NULL),
	('663de71c-d5d7-47fc-93c3-28492f744801', '2ab45ef3-6f3a-4152-8293-996b4ce017a3', NULL, '5043 NICKLAS PL NE', NULL, NULL, NULL, NULL),
	('80bf95a7-2159-4775-be4a-898a3bf51669', '2ab45ef3-6f3a-4152-8293-996b4ce017a3', NULL, '5014 NE 50TH ST', NULL, NULL, NULL, NULL),
	('77c93c55-08d6-4b7a-9eed-d081f767498a', '2ab45ef3-6f3a-4152-8293-996b4ce017a3', NULL, '5000 NE 50TH ST', NULL, NULL, NULL, NULL),
	('5bb52632-335c-496a-a244-f26e6dffe462', '2ab45ef3-6f3a-4152-8293-996b4ce017a3', NULL, '5208 NE 50TH ST', NULL, NULL, NULL, NULL),
	('1130a508-c630-4eed-b95f-3d221b1cc8c9', '2ab45ef3-6f3a-4152-8293-996b4ce017a3', NULL, '5004 NICKLAS PL NE', NULL, NULL, NULL, NULL),
	('58e6d6b6-cfe5-4831-897d-f7814b0feba7', '2ab45ef3-6f3a-4152-8293-996b4ce017a3', NULL, '5016 NICKLAS PL NE', NULL, NULL, NULL, NULL),
	('d3f6f3a5-f6da-4dff-a433-331cd620fec1', '2ab45ef3-6f3a-4152-8293-996b4ce017a3', NULL, '5024 NICKLAS PL NE', NULL, NULL, NULL, NULL),
	('ee849f23-831c-4a37-8930-fd7f17575a83', '2ab45ef3-6f3a-4152-8293-996b4ce017a3', NULL, '5010 NICKLAS PL NE', NULL, NULL, NULL, NULL),
	('3e86c869-36e9-4d19-bc90-d97ea379e625', '2ab45ef3-6f3a-4152-8293-996b4ce017a3', NULL, '5034 NICKLAS PL NE', NULL, NULL, NULL, NULL),
	('5b8965c1-d618-418f-b7b2-a10236f5a962', '2ab45ef3-6f3a-4152-8293-996b4ce017a3', NULL, '5050 NICKLAS PL NE', NULL, NULL, NULL, NULL),
	('b333b2bc-d0e1-476d-adbe-36fb074dd13d', '2ab45ef3-6f3a-4152-8293-996b4ce017a3', NULL, '5040 NICKLAS PL NE', NULL, NULL, NULL, NULL),
	('b26f42e3-2736-492e-bc7e-ba3c9b6ff848', '2ab45ef3-6f3a-4152-8293-996b4ce017a3', NULL, '5038 NICKLAS PL NE', NULL, NULL, NULL, NULL),
	('ab686bb8-40bc-4632-a8cd-aff10e1f926a', '2ab45ef3-6f3a-4152-8293-996b4ce017a3', NULL, '5102 50TH AVE NE', NULL, NULL, NULL, NULL),
	('e738fb73-4a02-4dfc-9a71-8983259633e0', '2ab45ef3-6f3a-4152-8293-996b4ce017a3', NULL, '5058 NICKLAS PL NE', NULL, NULL, NULL, NULL),
	('1174e13f-7a1f-4343-b4be-f97382a29efd', '2ab45ef3-6f3a-4152-8293-996b4ce017a3', NULL, '5054 NICKLAS PL NE', NULL, NULL, NULL, NULL),
	('35b6cd76-3d5b-42f2-a94f-2212787a615e', '7050619d-55a1-4355-8841-a008596ebf79', NULL, '5007 HAROLD PL NE', NULL, NULL, NULL, NULL),
	('a1e432f1-2398-462b-8cd2-213bf7cb1596', '7050619d-55a1-4355-8841-a008596ebf79', NULL, '5015 HAROLD PL NE', NULL, NULL, NULL, NULL),
	('0ce07bda-ab7a-4a5f-8780-a960421cdec8', '7050619d-55a1-4355-8841-a008596ebf79', NULL, '5019 HAROLD PL NE', NULL, NULL, NULL, NULL),
	('b1b887a2-c9f6-43ae-98ea-c4621b17873c', '7050619d-55a1-4355-8841-a008596ebf79', NULL, '5023 HAROLD PL NE', NULL, NULL, NULL, NULL),
	('08ef7c95-5776-4e55-9caa-cf4a9dcbc630', '7050619d-55a1-4355-8841-a008596ebf79', NULL, '5029 HAROLD PL NE', NULL, NULL, NULL, NULL),
	('68ae6573-df0f-426b-8d3e-f09d4854d212', '7050619d-55a1-4355-8841-a008596ebf79', NULL, '5037 HAROLD PL NE', NULL, NULL, NULL, NULL),
	('fcac7b68-02dc-42dc-83ad-fdf01652f7e8', '7050619d-55a1-4355-8841-a008596ebf79', NULL, '5045 HAROLD PL NE', NULL, NULL, NULL, NULL),
	('c48ba229-e070-4bc0-b6ca-c12067582dab', '7050619d-55a1-4355-8841-a008596ebf79', NULL, '5051 HAROLD PL NE', NULL, NULL, NULL, NULL),
	('2180f1fd-2bef-44ae-bf29-dbe311c0f9b7', '7050619d-55a1-4355-8841-a008596ebf79', NULL, '5057 HAROLD PL NE', NULL, NULL, NULL, NULL),
	('422fdbf4-63f7-4f9d-adcc-1dc301b07413', '7050619d-55a1-4355-8841-a008596ebf79', NULL, '5063 HAROLD PL NE', NULL, NULL, NULL, NULL),
	('69fc6c75-6bf3-456b-97e9-a1c5dd192f7d', '7050619d-55a1-4355-8841-a008596ebf79', NULL, '5069 HAROLD PL NE', NULL, NULL, NULL, NULL),
	('dc779059-1525-4732-9227-1a14d2fed150', '7050619d-55a1-4355-8841-a008596ebf79', NULL, '5075 HAROLD PL NE', NULL, NULL, NULL, NULL),
	('3260795a-c95b-4f9a-b693-637fc643ed05', '7050619d-55a1-4355-8841-a008596ebf79', NULL, '5079 HAROLD PL NE', NULL, NULL, NULL, NULL),
	('9fdde601-bd2e-4a22-851c-4fde2774495a', '7050619d-55a1-4355-8841-a008596ebf79', NULL, '5007 NE 52ND ST', NULL, NULL, NULL, NULL),
	('e7be87cc-cbbd-4764-ac01-4247604aa7e4', '7050619d-55a1-4355-8841-a008596ebf79', NULL, '5006 HAROLD PL NE', NULL, NULL, NULL, NULL),
	('3994c53a-76a1-483a-8d77-1692ca20b7d1', '7050619d-55a1-4355-8841-a008596ebf79', NULL, '5012 HAROLD PL NE', NULL, NULL, NULL, NULL),
	('4221d63f-04c9-4cab-a9f5-001c808dba17', '7050619d-55a1-4355-8841-a008596ebf79', NULL, '5002 HAROLD PL NE', NULL, NULL, NULL, NULL),
	('cacc11c7-0c8a-413a-9a82-cf20b7b4ce44', '7050619d-55a1-4355-8841-a008596ebf79', NULL, '5022 HAROLD PL NE', NULL, NULL, NULL, NULL),
	('54ff4fb7-116e-4df2-9fe6-1945d58f7830', '7050619d-55a1-4355-8841-a008596ebf79', NULL, '5016 HAROLD PL NE', NULL, NULL, NULL, NULL),
	('bdecbdba-7877-4596-8828-af3cc8c66ece', '7050619d-55a1-4355-8841-a008596ebf79', NULL, '5036 HAROLD PL NE', NULL, NULL, NULL, NULL),
	('c5143649-1ce9-43c2-97c3-cab028077b8e', '7050619d-55a1-4355-8841-a008596ebf79', NULL, '5028 HAROLD PL NE', NULL, NULL, NULL, NULL),
	('b86d9517-b11b-495b-8eac-6419ecc917c5', '7050619d-55a1-4355-8841-a008596ebf79', NULL, '5050 HAROLD PL NE', NULL, NULL, NULL, NULL),
	('fbb75591-acd8-456b-b4ab-003564421080', '7050619d-55a1-4355-8841-a008596ebf79', NULL, '5046 HAROLD PL NE', NULL, NULL, NULL, NULL),
	('47cab108-ebe8-4e7c-b037-9d8b8c35e54b', '7050619d-55a1-4355-8841-a008596ebf79', NULL, '5062 HAROLD PL NE', NULL, NULL, NULL, NULL),
	('b3f08a6c-9d92-456f-8b0c-729f7dcc7bbc', '7050619d-55a1-4355-8841-a008596ebf79', NULL, '5042 HAROLD PL NE', NULL, NULL, NULL, NULL),
	('e3a6f756-3f85-4cbe-ba41-b9f7e970e94b', '7050619d-55a1-4355-8841-a008596ebf79', NULL, '5058 HAROLD PL NE', NULL, NULL, NULL, NULL),
	('7dedf4c7-74d9-4d37-8bd8-60609ffd2235', '7050619d-55a1-4355-8841-a008596ebf79', NULL, '5119 NE 52ND ST', NULL, NULL, NULL, NULL),
	('24d8da78-848f-40fe-9d2e-3c03ec673299', '7050619d-55a1-4355-8841-a008596ebf79', NULL, '5070 HAROLD PL NE', NULL, NULL, NULL, NULL),
	('b002f202-9533-4ae7-8eb3-fdb98c6698bc', 'dc5e5315-e88f-44f8-918c-1d59214d031b', NULL, '5007 IVANHOE PL NE', NULL, NULL, NULL, NULL),
	('769b5930-77d9-427e-9b51-809f21d0ee43', 'dc5e5315-e88f-44f8-918c-1d59214d031b', NULL, '5015 IVANHOE PL NE', NULL, NULL, NULL, NULL),
	('6804241c-af98-45e8-8fe3-0d845e52d7f0', 'dc5e5315-e88f-44f8-918c-1d59214d031b', NULL, '5019 IVANHOE PL NE', NULL, NULL, NULL, NULL),
	('5cf6db53-cb5a-41e9-a7a7-c50d3cb7449d', 'dc5e5315-e88f-44f8-918c-1d59214d031b', NULL, '5027 IVANHOE PL NE', NULL, NULL, NULL, NULL),
	('ef0391c1-1dad-4d08-92b6-4ca1c01cb621', 'dc5e5315-e88f-44f8-918c-1d59214d031b', NULL, '5031 IVANHOE PL NE', NULL, NULL, NULL, NULL),
	('2657472a-395b-4f92-b89e-43002b69c8e0', 'dc5e5315-e88f-44f8-918c-1d59214d031b', NULL, '5035 IVANHOE PL NE', NULL, NULL, NULL, NULL),
	('3ab64710-d33b-485a-aef4-82b9945c0b0c', 'dc5e5315-e88f-44f8-918c-1d59214d031b', NULL, '5041 IVANHOE PL NE', NULL, NULL, NULL, NULL),
	('6ef70732-e6fe-4d65-84c7-3b29fe03af7d', 'dc5e5315-e88f-44f8-918c-1d59214d031b', NULL, '5047 IVANHOE PL NE', NULL, NULL, NULL, NULL),
	('8ae428b7-e29e-495e-89f1-21f1a03c9baf', 'dc5e5315-e88f-44f8-918c-1d59214d031b', NULL, '5051 IVANHOE PL NE', NULL, NULL, NULL, NULL),
	('58640959-b8a7-4c89-ae98-4c9bf5ff10c4', 'dc5e5315-e88f-44f8-918c-1d59214d031b', NULL, '5055 IVANHOE PL NE', NULL, NULL, NULL, NULL),
	('9ac58cc1-4d4b-40af-bba0-3181223a7743', 'dc5e5315-e88f-44f8-918c-1d59214d031b', NULL, '5065 IVANHOE PL NE', NULL, NULL, NULL, NULL),
	('bb84e8ee-c3ce-4310-a80b-6fb14cc0d313', 'dc5e5315-e88f-44f8-918c-1d59214d031b', NULL, '5071 IVANHOE PL NE', NULL, NULL, NULL, NULL),
	('c104777a-884d-4380-8c2b-40d0c89e08d2', 'dc5e5315-e88f-44f8-918c-1d59214d031b', NULL, '5125 NE 52ND ST', NULL, NULL, NULL, NULL),
	('ad5b5f86-cfc5-486e-9b5b-65e0f354e3c1', 'dc5e5315-e88f-44f8-918c-1d59214d031b', NULL, '5075 IVANHOE PL NE', NULL, NULL, NULL, NULL),
	('e5f51dd2-4ca5-4226-bb01-acf9da3c6ee1', 'dc5e5315-e88f-44f8-918c-1d59214d031b', NULL, '5006 IVANHOE PL NE', NULL, NULL, NULL, NULL),
	('c21ce953-a650-44bc-b4be-645aa5c523a5', 'dc5e5315-e88f-44f8-918c-1d59214d031b', NULL, '5008 IVANHOE PL NE', NULL, NULL, NULL, NULL),
	('d5a71fe8-d24d-40e9-891b-f8feda346986', 'dc5e5315-e88f-44f8-918c-1d59214d031b', NULL, '5004 IVANHOE PL NE', NULL, NULL, NULL, NULL),
	('08eccb87-3972-47d3-a293-d99858a34366', 'dc5e5315-e88f-44f8-918c-1d59214d031b', NULL, '5002 IVANHOE PL NE', NULL, NULL, NULL, NULL),
	('da0e1109-4022-41be-88e3-2e29fb50b8dc', 'dc5e5315-e88f-44f8-918c-1d59214d031b', NULL, '5024 IVANHOE PL NE', NULL, NULL, NULL, NULL),
	('ff0e6572-3787-4017-bfdd-cd08df7248ad', 'dc5e5315-e88f-44f8-918c-1d59214d031b', NULL, '5032 IVANHOE PL NE', NULL, NULL, NULL, NULL),
	('af3aa131-9c6e-4b08-861b-ffa78a7df82c', 'dc5e5315-e88f-44f8-918c-1d59214d031b', NULL, '5040 IVANHOE PL NE', NULL, NULL, NULL, NULL),
	('7ebb9c6f-a505-4966-8b39-f104b10b2264', 'dc5e5315-e88f-44f8-918c-1d59214d031b', NULL, '5028 IVANHOE PL NE', NULL, NULL, NULL, NULL),
	('baac6421-c4f6-4687-a592-af20fbe3c8ff', 'dc5e5315-e88f-44f8-918c-1d59214d031b', NULL, '5054 IVANHOE PL NE', NULL, NULL, NULL, NULL),
	('e607f59e-3b5c-434e-9e79-577697867980', 'dc5e5315-e88f-44f8-918c-1d59214d031b', NULL, '5048 IVANHOE PL NE', NULL, NULL, NULL, NULL),
	('1fff86a6-ffc2-408e-8b3c-6c315d7b9d49', 'dc5e5315-e88f-44f8-918c-1d59214d031b', NULL, '5076 IVANHOE PL NE', NULL, NULL, NULL, NULL),
	('7bc84456-4a76-44b0-8377-4a78982f9135', 'dc5e5315-e88f-44f8-918c-1d59214d031b', NULL, '5066 IVANHOE PL NE', NULL, NULL, NULL, NULL),
	('25c1b187-0804-4ab9-8b59-ea1af6f7ecf3', 'dc5e5315-e88f-44f8-918c-1d59214d031b', NULL, '5060 IVANHOE PL NE', NULL, NULL, NULL, NULL),
	('6bac6c30-8a6f-496d-b0f1-d94e173d0037', 'f2d65506-7d60-4377-b93a-d4369b8ca7d6', NULL, '5403 IVANHOE PL NE', NULL, NULL, NULL, NULL),
	('2933ce48-ba83-4326-8903-a5a04819a1e4', 'f2d65506-7d60-4377-b93a-d4369b8ca7d6', NULL, '5239 IVANHOE PL NE', NULL, NULL, NULL, NULL),
	('6ac6e4ab-5c6d-44ef-9c00-b1fbb85aba56', 'f2d65506-7d60-4377-b93a-d4369b8ca7d6', NULL, '5233 IVANHOE PL NE', NULL, NULL, NULL, NULL),
	('097ee5a3-7a6a-4259-8576-6ff3894608d6', 'f2d65506-7d60-4377-b93a-d4369b8ca7d6', NULL, '5229 IVANHOE PL NE', NULL, NULL, NULL, NULL),
	('341c8fa3-b816-4d39-b3ad-a7f7dd8cf990', 'f2d65506-7d60-4377-b93a-d4369b8ca7d6', NULL, '5223 IVANHOE PL NE', NULL, NULL, NULL, NULL),
	('47a46c95-20fd-4171-9302-2e4ff4ba55d0', 'f2d65506-7d60-4377-b93a-d4369b8ca7d6', NULL, '5217 IVANHOE PL NE', NULL, NULL, NULL, NULL),
	('06c1d8e6-e702-41d8-89a2-a8e9a5c75ae8', 'f2d65506-7d60-4377-b93a-d4369b8ca7d6', NULL, '5205 IVANHOE PL NE', NULL, NULL, NULL, NULL),
	('506dc1a4-d1fe-44aa-9e93-e24f7d7cc113', 'f2d65506-7d60-4377-b93a-d4369b8ca7d6', NULL, '5010 NE 52ND ST', NULL, NULL, NULL, NULL),
	('2bea2d39-d3d2-42c1-a487-b806e9478677', 'f2d65506-7d60-4377-b93a-d4369b8ca7d6', NULL, '5002 NE 52ND ST', NULL, NULL, NULL, NULL),
	('676e96fa-6b2c-4a2a-8957-617d8d4dcd25', 'f2d65506-7d60-4377-b93a-d4369b8ca7d6', NULL, '5216 50TH AVE NE', NULL, NULL, NULL, NULL),
	('7c8e79a9-914d-4115-b40d-c7d548c727b2', 'f2d65506-7d60-4377-b93a-d4369b8ca7d6', NULL, '5234 IVANHOE PL NE', NULL, NULL, NULL, NULL),
	('3b8eeb94-b026-47d0-b8cc-9fe7c75323e5', 'f2d65506-7d60-4377-b93a-d4369b8ca7d6', NULL, '5222 IVANHOE PL NE', NULL, NULL, NULL, NULL),
	('14e984f5-6dab-46f6-a04b-315c67abaf01', 'f2d65506-7d60-4377-b93a-d4369b8ca7d6', NULL, '5218 IVANHOE PL NE', NULL, NULL, NULL, NULL),
	('0314a4ef-45af-4353-89aa-9565b59bd42c', 'f2d65506-7d60-4377-b93a-d4369b8ca7d6', NULL, '5212 IVANHOE PL NE', NULL, NULL, NULL, NULL),
	('a2305699-7ba6-4514-88f1-9dd4cbc1888b', 'f2d65506-7d60-4377-b93a-d4369b8ca7d6', NULL, '5206 IVANHOE PL NE', NULL, NULL, NULL, NULL),
	('467a5730-db3b-467e-93dc-f930a084d953', 'f2d65506-7d60-4377-b93a-d4369b8ca7d6', NULL, '5202 IVANHOE PL NE', NULL, NULL, NULL, NULL),
	('531b3ab2-1e2c-4a52-927a-be9b434eae86', '40720f65-3bd2-4932-ad59-5a80653f5b5f', NULL, '5225 50TH AVE NE UNIT 100', NULL, NULL, NULL, NULL),
	('30ba1d46-969d-43c0-b476-5f0c48a8c498', '40720f65-3bd2-4932-ad59-5a80653f5b5f', NULL, '5225 50TH AVE NE UNIT 101', NULL, NULL, NULL, NULL),
	('bb097d87-29b3-4730-8585-307c9ed4df1f', '40720f65-3bd2-4932-ad59-5a80653f5b5f', NULL, '5225 50TH AVE NE UNIT 102', NULL, NULL, NULL, NULL),
	('f788243d-a435-46c7-8282-eb02052527bc', '40720f65-3bd2-4932-ad59-5a80653f5b5f', NULL, '5225 50TH AVE NE UNIT 103', NULL, NULL, NULL, NULL),
	('e81477ef-2d38-4985-a566-93d863206368', '40720f65-3bd2-4932-ad59-5a80653f5b5f', NULL, '5225 50TH AVE NE UNIT 104', NULL, NULL, NULL, NULL),
	('91e7e0dd-afdb-4c15-93ad-568e421474cd', '40720f65-3bd2-4932-ad59-5a80653f5b5f', NULL, '5225 50TH AVE NE UNIT 105', NULL, NULL, NULL, NULL),
	('3074c35f-eef6-42cd-a78a-1d5326ce7ce3', '40720f65-3bd2-4932-ad59-5a80653f5b5f', NULL, '5225 50TH AVE NE UNIT 106', NULL, NULL, NULL, NULL),
	('0257cc20-9089-4faf-aa93-4fd6c9d5a9f4', '40720f65-3bd2-4932-ad59-5a80653f5b5f', NULL, '5225 50TH AVE NE UNIT 107', NULL, NULL, NULL, NULL),
	('d724e785-f129-43c9-bf80-2508d35ee328', '40720f65-3bd2-4932-ad59-5a80653f5b5f', NULL, '5225 50TH AVE NE UNIT 108', NULL, NULL, NULL, NULL),
	('d7d7aa0c-534d-4a7e-8fc2-b38ed9d514b9', '40720f65-3bd2-4932-ad59-5a80653f5b5f', NULL, '5225 50TH AVE NE UNIT 200', NULL, NULL, NULL, NULL),
	('ba4a5600-e5f0-4449-82c8-1667ad0ad340', '40720f65-3bd2-4932-ad59-5a80653f5b5f', NULL, '5225 50TH AVE NE UNIT 201', NULL, NULL, NULL, NULL),
	('abedcc8c-9fb0-4a5d-8157-517067992d6a', '40720f65-3bd2-4932-ad59-5a80653f5b5f', NULL, '5225 50TH AVE NE UNIT 202', NULL, NULL, NULL, NULL),
	('8e979b75-47d5-4272-ae2c-abccdc7808eb', '40720f65-3bd2-4932-ad59-5a80653f5b5f', NULL, '5225 50TH AVE NE UNIT 203', NULL, NULL, NULL, NULL),
	('4fd91943-38cf-40d8-8a52-415e6077c3cc', '40720f65-3bd2-4932-ad59-5a80653f5b5f', NULL, '5225 50TH AVE NE UNIT 204', NULL, NULL, NULL, NULL),
	('9714d6c7-2ce2-43b0-936f-380af8d0ac1a', '40720f65-3bd2-4932-ad59-5a80653f5b5f', NULL, '5225 50TH AVE NE UNIT 205', NULL, NULL, NULL, NULL),
	('14e90528-dcb2-485b-bc19-86c61a60c381', '40720f65-3bd2-4932-ad59-5a80653f5b5f', NULL, '5225 50TH AVE NE UNIT 206', NULL, NULL, NULL, NULL),
	('4bf1c121-edda-4cfa-a58f-7fb75ea3d9a8', '40720f65-3bd2-4932-ad59-5a80653f5b5f', NULL, '5225 50TH AVE NE UNIT 207', NULL, NULL, NULL, NULL),
	('c57e3693-6f83-425c-8f0e-636be7f6a1b8', '40720f65-3bd2-4932-ad59-5a80653f5b5f', NULL, '5225 50TH AVE NE UNIT 208', NULL, NULL, NULL, NULL),
	('b20449dd-505b-4020-b6b0-4b294e43af57', '40720f65-3bd2-4932-ad59-5a80653f5b5f', NULL, '5051 50TH AVE NE UNIT A1', NULL, NULL, NULL, NULL),
	('c13cd6c0-56ce-49fd-a9a2-a2693fb0f336', '40720f65-3bd2-4932-ad59-5a80653f5b5f', NULL, '5051 50TH AVE NE UNIT A2', NULL, NULL, NULL, NULL),
	('e5c21a66-88d7-4b79-b34f-0fb70c6483b5', '40720f65-3bd2-4932-ad59-5a80653f5b5f', NULL, '5051 50TH AVE NE UNIT A3', NULL, NULL, NULL, NULL),
	('e88ad369-279b-4ca2-a7b4-e1982a041f12', '40720f65-3bd2-4932-ad59-5a80653f5b5f', NULL, '5051 50TH AVE NE UNIT A4', NULL, NULL, NULL, NULL),
	('5010d7c2-fd3a-401e-8396-51ab61c73b76', '40720f65-3bd2-4932-ad59-5a80653f5b5f', NULL, '5051 50TH AVE NE UNIT A5', NULL, NULL, NULL, NULL),
	('388da9a7-5b35-4cc9-8adb-7f40f3978de8', '40720f65-3bd2-4932-ad59-5a80653f5b5f', NULL, '5051 50TH AVE NE UNIT A6', NULL, NULL, NULL, NULL),
	('3896fc7c-fa09-4aad-aeb7-4aa9b4ec1882', '40720f65-3bd2-4932-ad59-5a80653f5b5f', NULL, '5051 50TH AVE NE UNIT B1', NULL, NULL, NULL, NULL),
	('511b4566-dc95-45d9-b60f-9b46d4aeb2c5', '40720f65-3bd2-4932-ad59-5a80653f5b5f', NULL, '5051 50TH AVE NE UNIT B2', NULL, NULL, NULL, NULL),
	('45be6a74-86a3-4780-8f04-6c6057525459', '40720f65-3bd2-4932-ad59-5a80653f5b5f', NULL, '5051 50TH AVE NE UNIT B3', NULL, NULL, NULL, NULL),
	('e93b0042-37f8-47d7-80e3-917e42404bc1', '40720f65-3bd2-4932-ad59-5a80653f5b5f', NULL, '5051 50TH AVE NE UNIT B4', NULL, NULL, NULL, NULL),
	('cc1ed91a-32d6-4948-a766-ed3f196a9401', '40720f65-3bd2-4932-ad59-5a80653f5b5f', NULL, '5051 50TH AVE NE UNIT B5', NULL, NULL, NULL, NULL),
	('93f90d5b-e372-44a8-b173-39f9f0f9b7d5', '40720f65-3bd2-4932-ad59-5a80653f5b5f', NULL, '5051 50TH AVE NE UNIT C1', NULL, NULL, NULL, NULL),
	('d704f0a2-a444-422e-9b4a-7de4ed1bed5d', '40720f65-3bd2-4932-ad59-5a80653f5b5f', NULL, '5051 50TH AVE NE UNIT C2', NULL, NULL, NULL, NULL),
	('2671af50-796d-4104-be84-01e901c6b3f8', '40720f65-3bd2-4932-ad59-5a80653f5b5f', NULL, '5051 50TH AVE NE UNIT C3', NULL, NULL, NULL, NULL),
	('8b44cfb6-889d-439e-9204-271fe208b150', '40720f65-3bd2-4932-ad59-5a80653f5b5f', NULL, '5051 50TH AVE NE UNIT C4', NULL, NULL, NULL, NULL),
	('b1b76bc0-a28f-40a5-9300-7cddab67e522', '40720f65-3bd2-4932-ad59-5a80653f5b5f', NULL, '5051 50TH AVE NE UNIT C5', NULL, NULL, NULL, NULL),
	('54ef4cd5-2575-4634-95eb-a1c375c69850', '40720f65-3bd2-4932-ad59-5a80653f5b5f', NULL, '5051 50TH AVE NE UNIT D1', NULL, NULL, NULL, NULL),
	('5dc2bd42-ad9c-4e50-a440-901741ad56de', '40720f65-3bd2-4932-ad59-5a80653f5b5f', NULL, '5051 50TH AVE NE UNIT D2', NULL, NULL, NULL, NULL),
	('3592f3b0-7fa0-43c0-a708-f250aff977e6', '40720f65-3bd2-4932-ad59-5a80653f5b5f', NULL, '5051 50TH AVE NE UNIT D3', NULL, NULL, NULL, NULL),
	('7a5ecdea-e198-4eb2-8679-890511b78ebe', '40720f65-3bd2-4932-ad59-5a80653f5b5f', NULL, '5051 50TH AVE NE UNIT D4', NULL, NULL, NULL, NULL),
	('f0130262-3177-494b-9022-83009ff16cc2', '40720f65-3bd2-4932-ad59-5a80653f5b5f', NULL, '5051 50TH AVE NE UNIT D5', NULL, NULL, NULL, NULL),
	('72ce7f8b-1828-4e1d-85ec-61bfc25fb03d', '40720f65-3bd2-4932-ad59-5a80653f5b5f', NULL, '5051 50TH AVE NE UNIT D6', NULL, NULL, NULL, NULL),
	('bb878f43-a427-4dca-bbdd-23520d064cb9', '3f265817-1544-4ef7-ad9d-7744871143c4', NULL, '5010 48TH AVE NE', NULL, NULL, NULL, NULL),
	('9575405d-70ea-4760-8f30-03be031b6ac4', '3f265817-1544-4ef7-ad9d-7744871143c4', NULL, '5006 48TH AVE NE', NULL, NULL, NULL, NULL),
	('9e718695-c892-4783-a53a-227a956666bf', '3f265817-1544-4ef7-ad9d-7744871143c4', NULL, '5014 48TH AVE NE', NULL, NULL, NULL, NULL),
	('1c7844f0-4acb-4428-b68e-f773b1508459', '3f265817-1544-4ef7-ad9d-7744871143c4', NULL, '5018 48TH AVE NE', NULL, NULL, NULL, NULL),
	('e7cb0b90-8fa1-4ec4-83f9-e9305ec3a7b6', '3f265817-1544-4ef7-ad9d-7744871143c4', NULL, '5022 48TH AVE NE', NULL, NULL, NULL, NULL),
	('bf543c80-c19a-4e87-9dbe-4eab11dbc5d5', '3f265817-1544-4ef7-ad9d-7744871143c4', NULL, '5028 48TH AVE NE', NULL, NULL, NULL, NULL),
	('8b15fc60-8f8b-40cb-ba11-845b2f80d8bd', '3f265817-1544-4ef7-ad9d-7744871143c4', NULL, '5002 48TH AVE NE', NULL, NULL, NULL, NULL),
	('20ac08d6-a11b-4033-8dc7-1198b2ed9fd9', '3f265817-1544-4ef7-ad9d-7744871143c4', NULL, '5034 48TH AVE NE', NULL, NULL, NULL, NULL),
	('7c3c2bb9-2e9c-44ca-9434-4f1157940dc8', '3f265817-1544-4ef7-ad9d-7744871143c4', NULL, '5038 48TH AVE NE', NULL, NULL, NULL, NULL),
	('25740ca7-7b8b-4937-a5fa-0683a6921c4f', '3f265817-1544-4ef7-ad9d-7744871143c4', NULL, '5039 48TH AVE NE', NULL, NULL, NULL, NULL),
	('f575454f-030b-4ec0-ad30-8bff41e07a25', '3f265817-1544-4ef7-ad9d-7744871143c4', NULL, '5033 48TH AVE NE', NULL, NULL, NULL, NULL),
	('df5ae83d-8f30-4f5f-b32f-c4d44683dea1', '3f265817-1544-4ef7-ad9d-7744871143c4', NULL, '5027 48TH AVE NE', NULL, NULL, NULL, NULL),
	('af084354-326a-4796-b683-df7ca4e29c26', '3f265817-1544-4ef7-ad9d-7744871143c4', NULL, '5019 48TH AVE NE', NULL, NULL, NULL, NULL),
	('0b36fd45-288b-40bd-8143-163e6453503f', '3f265817-1544-4ef7-ad9d-7744871143c4', NULL, '5023 48TH AVE NE', NULL, NULL, NULL, NULL),
	('47da9a1a-4060-4002-aa54-8e1363073a51', '3f265817-1544-4ef7-ad9d-7744871143c4', NULL, '5013 48TH AVE NE', NULL, NULL, NULL, NULL),
	('55c9cb06-a5de-4eb6-b921-ed2126721256', '3f265817-1544-4ef7-ad9d-7744871143c4', NULL, '5009 48TH AVE NE', NULL, NULL, NULL, NULL),
	('c4a40b13-a065-4e79-9565-33fbf3aaebc6', '3f265817-1544-4ef7-ad9d-7744871143c4', NULL, '5005 48TH AVE NE', NULL, NULL, NULL, NULL),
	('d1a68a9a-92a1-450c-bf0e-997f5512de60', '3f265817-1544-4ef7-ad9d-7744871143c4', NULL, '5103 48TH AVE NE', NULL, NULL, NULL, NULL),
	('71e3f537-0ae0-41d2-a56a-76c5048fb7bf', '3f265817-1544-4ef7-ad9d-7744871143c4', NULL, '5107 48TH AVE NE', NULL, NULL, NULL, NULL),
	('ca0876bc-a43e-4561-af7b-cebdb7f41f63', '3f265817-1544-4ef7-ad9d-7744871143c4', NULL, '5106 48TH AVE NE', NULL, NULL, NULL, NULL),
	('88246c0a-9447-4522-9f2d-0ba39dac5e51', '3f265817-1544-4ef7-ad9d-7744871143c4', NULL, '5102 48TH AVE NE', NULL, NULL, NULL, NULL),
	('9eade1ea-c655-419a-9766-e65cddf5c00a', 'f896a3e4-c683-488f-b463-499eb581cc2e', NULL, '5113 48TH AVE NE', NULL, NULL, NULL, NULL),
	('9f9a2bc1-a26d-4d96-b232-79676404af49', 'f896a3e4-c683-488f-b463-499eb581cc2e', NULL, '5117 48TH AVE NE', NULL, NULL, NULL, NULL),
	('328433b0-f7ce-457e-b7cc-7456b380bb83', 'f896a3e4-c683-488f-b463-499eb581cc2e', NULL, '5123 48TH AVE NE', NULL, NULL, NULL, NULL),
	('b5892c3b-688b-48fc-9f67-3a5db41880e4', 'f896a3e4-c683-488f-b463-499eb581cc2e', NULL, '5129 48TH AVE NE', NULL, NULL, NULL, NULL),
	('7805cee8-f4de-4df0-8c11-62506ccf02db', 'f896a3e4-c683-488f-b463-499eb581cc2e', NULL, '5133 48TH AVE NE', NULL, NULL, NULL, NULL),
	('3cf3c680-8c77-46b6-9ce4-d16c71a0a57e', 'f896a3e4-c683-488f-b463-499eb581cc2e', NULL, '5137 48TH AVE NE', NULL, NULL, NULL, NULL),
	('267a2547-8c2a-4312-9584-3fa32b572eb1', 'f896a3e4-c683-488f-b463-499eb581cc2e', NULL, '5143 48TH AVE NE', NULL, NULL, NULL, NULL),
	('88fee2d9-9126-442c-bd15-13b6c9d191ac', 'f896a3e4-c683-488f-b463-499eb581cc2e', NULL, '5142 48TH AVE NE', NULL, NULL, NULL, NULL),
	('e618f59a-53e4-4157-9a85-2b93638340ce', 'f896a3e4-c683-488f-b463-499eb581cc2e', NULL, '5136 48TH AVE NE', NULL, NULL, NULL, NULL),
	('548c6e0b-8333-4971-8c63-f6fdca88ef1b', 'f896a3e4-c683-488f-b463-499eb581cc2e', NULL, '5132 48TH AVE NE', NULL, NULL, NULL, NULL),
	('1b915665-ffd4-4e63-9647-55dc7a62c97e', 'f896a3e4-c683-488f-b463-499eb581cc2e', NULL, '5126 48TH AVE NE', NULL, NULL, NULL, NULL),
	('271eb6ae-deee-45a9-be09-16f2db6b59f6', 'f896a3e4-c683-488f-b463-499eb581cc2e', NULL, '5122 48TH AVE NE', NULL, NULL, NULL, NULL),
	('fec981d0-953e-4caa-830f-c3bf8b6d2a06', 'f896a3e4-c683-488f-b463-499eb581cc2e', NULL, '5116 48TH AVE NE', NULL, NULL, NULL, NULL),
	('349de408-fd42-4877-99e5-3b55197a1ab9', 'f896a3e4-c683-488f-b463-499eb581cc2e', NULL, '5112 48TH AVE NE', NULL, NULL, NULL, NULL),
	('904329e4-0b8f-449d-99e9-c1e275dddc9d', 'f896a3e4-c683-488f-b463-499eb581cc2e', NULL, '5156 48TH AVE NE', NULL, NULL, NULL, NULL),
	('83022e9d-c1ba-4ca5-8c6f-3afa0f15b514', 'f896a3e4-c683-488f-b463-499eb581cc2e', NULL, '5150 48TH AVE NE', NULL, NULL, NULL, NULL),
	('3ee0e456-d502-4a50-83ec-1ce2ad360530', 'f896a3e4-c683-488f-b463-499eb581cc2e', NULL, '5146 48TH AVE NE', NULL, NULL, NULL, NULL),
	('644f362a-63ad-43dc-aa9b-f2101451549c', 'f896a3e4-c683-488f-b463-499eb581cc2e', NULL, '5147 48TH AVE NE', NULL, NULL, NULL, NULL),
	('37bdd5c0-9983-4faf-988c-15e8c83c22fa', 'f896a3e4-c683-488f-b463-499eb581cc2e', NULL, '4723 NE 54TH ST', NULL, NULL, NULL, NULL),
	('bf09ab38-a5de-49d1-a10c-77685675b333', 'fc68c12e-0880-4f6e-90ec-39975fe69c00', NULL, '5117 47TH AVE NE', NULL, NULL, NULL, NULL),
	('ee271892-e750-4757-a8c9-757097943582', 'fc68c12e-0880-4f6e-90ec-39975fe69c00', NULL, '5123 47TH AVE NE', NULL, NULL, NULL, NULL),
	('8bbd229b-988b-4466-930d-362222b69f82', 'fc68c12e-0880-4f6e-90ec-39975fe69c00', NULL, '5127 47TH AVE NE', NULL, NULL, NULL, NULL),
	('7cc7dc46-10f3-448a-8271-d152a219af29', 'fc68c12e-0880-4f6e-90ec-39975fe69c00', NULL, '5133 47TH AVE NE', NULL, NULL, NULL, NULL),
	('9cecf940-89a8-4df2-be10-7b3c1a447381', 'fc68c12e-0880-4f6e-90ec-39975fe69c00', NULL, '5137 47TH AVE NE', NULL, NULL, NULL, NULL),
	('bdd373f8-567c-40fa-9265-eb08798fc8ac', 'fc68c12e-0880-4f6e-90ec-39975fe69c00', NULL, '5143 47TH AVE NE', NULL, NULL, NULL, NULL),
	('5d8edb75-404d-4411-9ea6-53aa963ace7b', 'fc68c12e-0880-4f6e-90ec-39975fe69c00', NULL, '5142 47TH AVE NE', NULL, NULL, NULL, NULL),
	('7c270f38-e371-449d-8655-bd997202bd67', 'fc68c12e-0880-4f6e-90ec-39975fe69c00', NULL, '5136 47TH AVE NE', NULL, NULL, NULL, NULL),
	('b85d7745-63c4-47b0-8357-cd7b7430a4ec', 'fc68c12e-0880-4f6e-90ec-39975fe69c00', NULL, '5132 47TH AVE NE', NULL, NULL, NULL, NULL),
	('569a4540-4037-48d8-a6a7-3b8b6aae003d', 'fc68c12e-0880-4f6e-90ec-39975fe69c00', NULL, '5126 47TH AVE NE', NULL, NULL, NULL, NULL),
	('f9c3590c-5776-489a-a005-a26222927100', 'fc68c12e-0880-4f6e-90ec-39975fe69c00', NULL, '5122 47TH AVE NE', NULL, NULL, NULL, NULL),
	('3a474915-b3b9-40c3-a147-02c5f1c2b08b', 'fc68c12e-0880-4f6e-90ec-39975fe69c00', NULL, '5116 47TH AVE NE', NULL, NULL, NULL, NULL),
	('b8705985-ef99-41b3-8afb-0f3105e5aa4d', 'fc68c12e-0880-4f6e-90ec-39975fe69c00', NULL, '4705 NE 54TH ST', NULL, NULL, NULL, NULL),
	('2ee0d2e3-22e8-44e6-a830-e09bcbe39082', 'fc68c12e-0880-4f6e-90ec-39975fe69c00', NULL, '4715 NE 54TH ST', NULL, NULL, NULL, NULL),
	('ee867d25-4485-4d61-bf09-23b9af719f0f', 'fc68c12e-0880-4f6e-90ec-39975fe69c00', NULL, '5146 47TH AVE NE', NULL, NULL, NULL, NULL),
	('4dcaf25a-2bf9-4b97-bfc2-ffdf64037745', 'fc68c12e-0880-4f6e-90ec-39975fe69c00', NULL, '5147 47TH AVE NE', NULL, NULL, NULL, NULL),
	('3daaf200-68c4-46c2-b43c-5473a454431a', 'fc68c12e-0880-4f6e-90ec-39975fe69c00', NULL, '5151 47TH AVE NE', NULL, NULL, NULL, NULL),
	('1b69693f-2ca7-433b-b34e-24f74336cd59', 'fc68c12e-0880-4f6e-90ec-39975fe69c00', NULL, '4615 NE 54TH ST', NULL, NULL, NULL, NULL),
	('61be230e-c3d8-44ab-ae4e-157d414e731c', '92fb2c48-be49-4668-ae40-f5cae31ae513', NULL, '4714 NE 50TH ST', NULL, NULL, NULL, NULL),
	('92d9a1a2-b40b-4fb6-b130-8fba2a32e6db', '92fb2c48-be49-4668-ae40-f5cae31ae513', NULL, '5022 47TH AVE NE', NULL, NULL, NULL, NULL),
	('314f281e-c9c4-4b12-84bc-d385b37593aa', '92fb2c48-be49-4668-ae40-f5cae31ae513', NULL, '5028 47TH AVE NE', NULL, NULL, NULL, NULL),
	('39c94872-2c29-4f43-942a-6b7f912e0f26', '92fb2c48-be49-4668-ae40-f5cae31ae513', NULL, '5040 47TH AVE NE', NULL, NULL, NULL, NULL),
	('bcec7cf0-2870-45b4-89f5-34e81ac4f939', '92fb2c48-be49-4668-ae40-f5cae31ae513', NULL, '5036 47TH AVE NE', NULL, NULL, NULL, NULL),
	('2963a77f-b40c-473c-9aba-0f25f48840a0', '92fb2c48-be49-4668-ae40-f5cae31ae513', NULL, '5014 47TH AVE NE', NULL, NULL, NULL, NULL),
	('c0346f1c-68b0-4fb5-9189-9107b54d653e', '92fb2c48-be49-4668-ae40-f5cae31ae513', NULL, '5020 47TH AVE NE', NULL, NULL, NULL, NULL),
	('73072a2b-1c11-4fdf-9e2b-a5677f1cf7bc', '92fb2c48-be49-4668-ae40-f5cae31ae513', NULL, '5002 47TH AVE NE', NULL, NULL, NULL, NULL),
	('d30044b7-047b-42bb-9475-48ad0182ad6e', '92fb2c48-be49-4668-ae40-f5cae31ae513', NULL, '5103 47TH AVE NE', NULL, NULL, NULL, NULL),
	('57c9c1e6-9a37-49e2-98c5-497387aa9704', '92fb2c48-be49-4668-ae40-f5cae31ae513', NULL, '5107 47TH AVE NE', NULL, NULL, NULL, NULL),
	('41d2c478-2d21-4321-b7de-1b54a82d22db', '92fb2c48-be49-4668-ae40-f5cae31ae513', NULL, '5113 47TH AVE NE', NULL, NULL, NULL, NULL),
	('8f841b55-4694-4a09-ab83-772fce6dbfdf', '92fb2c48-be49-4668-ae40-f5cae31ae513', NULL, '5112 47TH AVE NE', NULL, NULL, NULL, NULL),
	('7b724e63-8d2f-4458-9d8f-6c7d69aa8322', '92fb2c48-be49-4668-ae40-f5cae31ae513', NULL, '5106 47TH AVE NE', NULL, NULL, NULL, NULL),
	('3a29456f-6723-449d-b0ef-5725e3449ca8', '92fb2c48-be49-4668-ae40-f5cae31ae513', NULL, '5102 47TH AVE NE', NULL, NULL, NULL, NULL),
	('36c1bfe6-f635-4735-b6cc-4323cc918903', '92fb2c48-be49-4668-ae40-f5cae31ae513', NULL, '5041 47TH AVE NE', NULL, NULL, NULL, NULL),
	('b033310c-2230-41b1-8a13-2da25f8d73e1', '92fb2c48-be49-4668-ae40-f5cae31ae513', NULL, '5035 47TH AVE NE', NULL, NULL, NULL, NULL),
	('9e0bc545-eec0-4907-aefc-50666754be2c', '92fb2c48-be49-4668-ae40-f5cae31ae513', NULL, '5029 47TH AVE NE', NULL, NULL, NULL, NULL),
	('cec3c239-5d3e-40f2-990d-84b533efd744', '92fb2c48-be49-4668-ae40-f5cae31ae513', NULL, '5025 47TH AVE NE', NULL, NULL, NULL, NULL),
	('18fc594d-6c63-4d60-a2d9-92d425e452aa', '92fb2c48-be49-4668-ae40-f5cae31ae513', NULL, '5017 47TH AVE NE', NULL, NULL, NULL, NULL),
	('73028303-7f69-4591-b233-f743890677ca', '92fb2c48-be49-4668-ae40-f5cae31ae513', NULL, '5011 47TH AVE NE', NULL, NULL, NULL, NULL),
	('39d2e0f0-37f3-4bf3-b43a-34667a6afd8a', '92fb2c48-be49-4668-ae40-f5cae31ae513', NULL, '5007 47TH AVE NE', NULL, NULL, NULL, NULL),
	('04652a7e-696a-4b15-909b-04a29cc8ae27', '92fb2c48-be49-4668-ae40-f5cae31ae513', NULL, '5003 47TH AVE NE', NULL, NULL, NULL, NULL),
	('1b9a4b31-faa4-4f10-8f8a-3b3e4200334e', '064d8c7c-b9c4-4feb-bc5b-361f75e1f73e', NULL, '4757 47TH AVE NE', NULL, NULL, NULL, NULL),
	('a5640338-1fe6-4461-a784-becff1b35285', '064d8c7c-b9c4-4feb-bc5b-361f75e1f73e', NULL, '4751 47TH AVE NE', NULL, NULL, NULL, NULL),
	('26c110a6-70cc-4366-8cb9-7b8aad713d3b', '064d8c7c-b9c4-4feb-bc5b-361f75e1f73e', NULL, '4741 47TH AVE NE', NULL, NULL, NULL, NULL),
	('e9512c55-4f17-45b6-8289-56c894db3ab2', '064d8c7c-b9c4-4feb-bc5b-361f75e1f73e', NULL, '4747 47TH AVE NE', NULL, NULL, NULL, NULL),
	('805abfbb-d12c-489a-84f9-04d019a16c04', '064d8c7c-b9c4-4feb-bc5b-361f75e1f73e', NULL, '4735 47TH AVE NE', NULL, NULL, NULL, NULL),
	('f2de8699-017f-4eec-b836-92784459f10b', '064d8c7c-b9c4-4feb-bc5b-361f75e1f73e', NULL, '4731 47TH AVE NE', NULL, NULL, NULL, NULL),
	('e27e321b-f4f4-49df-819b-a3930060d381', '064d8c7c-b9c4-4feb-bc5b-361f75e1f73e', NULL, '4727 47TH AVE NE', NULL, NULL, NULL, NULL),
	('dc7526a8-49e9-45b0-bfa1-234377bcefd0', '064d8c7c-b9c4-4feb-bc5b-361f75e1f73e', NULL, '4721 47TH AVE NE', NULL, NULL, NULL, NULL),
	('babf5154-ae0b-413e-a6e1-48a2ed835457', '064d8c7c-b9c4-4feb-bc5b-361f75e1f73e', NULL, '4715 47TH AVE NE', NULL, NULL, NULL, NULL),
	('d68bbd6a-e5b2-4579-9fe0-e6ae15791ade', '064d8c7c-b9c4-4feb-bc5b-361f75e1f73e', NULL, '4701 47TH AVE NE', NULL, NULL, NULL, NULL),
	('0a9b9548-edd1-4d6e-aad9-7321236306b5', '064d8c7c-b9c4-4feb-bc5b-361f75e1f73e', NULL, '4707 47TH AVE NE', NULL, NULL, NULL, NULL),
	('be5bf856-bb9d-4986-ac14-c0c407b2a1a6', '064d8c7c-b9c4-4feb-bc5b-361f75e1f73e', NULL, '4704 NE 47TH ST', NULL, NULL, NULL, NULL),
	('b1535a0f-5ca3-4298-82b3-86106852247c', '064d8c7c-b9c4-4feb-bc5b-361f75e1f73e', NULL, '4708 NE 47TH ST', NULL, NULL, NULL, NULL),
	('36f0e734-ba7e-492d-92bd-a1cb1823365b', '064d8c7c-b9c4-4feb-bc5b-361f75e1f73e', NULL, '4710 47TH AVE NE', NULL, NULL, NULL, NULL),
	('1ce608bd-e03f-4345-b697-a97e7c18cd5a', '064d8c7c-b9c4-4feb-bc5b-361f75e1f73e', NULL, '4716 NE 47TH ST', NULL, NULL, NULL, NULL),
	('3a9c301c-cfd4-442a-b350-24733b4ea360', '064d8c7c-b9c4-4feb-bc5b-361f75e1f73e', NULL, '4716 47TH AVE NE', NULL, NULL, NULL, NULL),
	('1b66cbe5-1b8b-4625-b661-fbbd5de8bc71', '064d8c7c-b9c4-4feb-bc5b-361f75e1f73e', NULL, '4720 47TH AVE NE', NULL, NULL, NULL, NULL),
	('32506cbe-c060-49fc-a2cd-b99a07a02787', '064d8c7c-b9c4-4feb-bc5b-361f75e1f73e', NULL, '4726 47TH AVE NE', NULL, NULL, NULL, NULL),
	('5383b045-7645-4dca-a2fb-eec4ddd6d52e', '064d8c7c-b9c4-4feb-bc5b-361f75e1f73e', NULL, '4738 47TH AVE NE', NULL, NULL, NULL, NULL),
	('9dba30da-455b-4308-a319-165f776734a4', '064d8c7c-b9c4-4feb-bc5b-361f75e1f73e', NULL, '4732 47TH AVE NE', NULL, NULL, NULL, NULL),
	('5d2787ce-eda7-4199-af49-333d49dd075f', '064d8c7c-b9c4-4feb-bc5b-361f75e1f73e', NULL, '4740 47TH AVE NE', NULL, NULL, NULL, NULL),
	('bfab999f-7936-4e71-aa16-3d34f1bcae5b', '064d8c7c-b9c4-4feb-bc5b-361f75e1f73e', NULL, '4746 47TH AVE NE', NULL, NULL, NULL, NULL),
	('cab26b2c-2fd5-421c-94a4-66d4bbada95c', '064d8c7c-b9c4-4feb-bc5b-361f75e1f73e', NULL, '4760 47TH AVE NE', NULL, NULL, NULL, NULL),
	('23a5f5c6-bd57-47f5-a773-b80b784c5255', '064d8c7c-b9c4-4feb-bc5b-361f75e1f73e', NULL, '4711 NE 50TH ST', NULL, NULL, NULL, NULL),
	('626159ae-2a3f-4462-b8ce-a21c41b7fb27', '064d8c7c-b9c4-4feb-bc5b-361f75e1f73e', NULL, '4717 NE 50TH ST', NULL, NULL, NULL, NULL),
	('a781085f-f354-46bc-810c-104313c09e56', 'e7c4b804-1354-4203-9521-cf1c1af6da68', NULL, '4753 46TH AVE NE', NULL, NULL, NULL, NULL),
	('2a8984ab-8db2-4e91-acbe-66da89b3e397', 'e7c4b804-1354-4203-9521-cf1c1af6da68', NULL, '4515 NE 50TH ST', NULL, NULL, NULL, NULL),
	('ebb05fc6-df6c-49f0-b041-4ee5fc6b307c', 'e7c4b804-1354-4203-9521-cf1c1af6da68', NULL, '4747 46TH AVE NE', NULL, NULL, NULL, NULL),
	('df23aea7-0220-4a31-9955-b0a47d9002a4', 'e7c4b804-1354-4203-9521-cf1c1af6da68', NULL, '4741 46TH AVE NE', NULL, NULL, NULL, NULL),
	('2a541c6f-9ddb-4c45-a73d-d7a5c7b35475', 'e7c4b804-1354-4203-9521-cf1c1af6da68', NULL, '4737 46TH AVE NE', NULL, NULL, NULL, NULL),
	('0aad95cf-390c-4866-92be-7a70e1d8aabb', 'e7c4b804-1354-4203-9521-cf1c1af6da68', NULL, '4731 46TH AVE NE', NULL, NULL, NULL, NULL),
	('66eac931-808f-454d-bdff-1d46d071c1ae', 'e7c4b804-1354-4203-9521-cf1c1af6da68', NULL, '4723 46TH AVE NE', NULL, NULL, NULL, NULL),
	('50cf5384-0e6f-45da-800a-c271cf22235c', 'e7c4b804-1354-4203-9521-cf1c1af6da68', NULL, '4727 46TH AVE NE', NULL, NULL, NULL, NULL),
	('ab335f95-341a-460c-92d3-5a14b64162ca', 'e7c4b804-1354-4203-9521-cf1c1af6da68', NULL, '4717 46TH AVE NE', NULL, NULL, NULL, NULL),
	('d21a6d92-cd6c-4060-a348-20505df6f479', 'e7c4b804-1354-4203-9521-cf1c1af6da68', NULL, '4711 46TH AVE NE', NULL, NULL, NULL, NULL),
	('e1cb0e9e-795c-48f9-8c51-267a7dc0735c', 'e7c4b804-1354-4203-9521-cf1c1af6da68', NULL, '4709 46TH AVE NE', NULL, NULL, NULL, NULL),
	('c8542e84-2ab0-4b2d-a5e4-a41a12cf1c46', 'e7c4b804-1354-4203-9521-cf1c1af6da68', NULL, '4701 46TH AVE NE', NULL, NULL, NULL, NULL),
	('518e3377-050d-40ef-a9f9-30ee4195a1d9', 'e7c4b804-1354-4203-9521-cf1c1af6da68', NULL, '4702 46TH AVE NE', NULL, NULL, NULL, NULL),
	('827a279f-d9b3-45f0-a57d-b1cd411f9c15', 'e7c4b804-1354-4203-9521-cf1c1af6da68', NULL, '4606 NE 47TH ST', NULL, NULL, NULL, NULL),
	('b3f82797-503f-4ffc-b910-bd9f2feb933b', 'e7c4b804-1354-4203-9521-cf1c1af6da68', NULL, '4716 46TH AVE NE', NULL, NULL, NULL, NULL),
	('2bf16b71-c247-4e74-a81d-737dc03f9253', 'e7c4b804-1354-4203-9521-cf1c1af6da68', NULL, '4712 46TH AVE NE', NULL, NULL, NULL, NULL),
	('60468a6c-50a9-4251-ae4f-75671e7da16c', 'e7c4b804-1354-4203-9521-cf1c1af6da68', NULL, '4720 46TH AVE NE', NULL, NULL, NULL, NULL),
	('3919a1bc-07e3-4914-8a75-f0f1dceef169', 'e7c4b804-1354-4203-9521-cf1c1af6da68', NULL, '4728 46TH AVE NE', NULL, NULL, NULL, NULL),
	('6eb78b14-e625-46a2-985c-b401368787fb', 'e7c4b804-1354-4203-9521-cf1c1af6da68', NULL, '4736 46TH AVE NE', NULL, NULL, NULL, NULL),
	('d666d404-d0a0-4ff2-b07d-d48a451aee07', 'e7c4b804-1354-4203-9521-cf1c1af6da68', NULL, '4732 46TH AVE NE', NULL, NULL, NULL, NULL),
	('ea12082f-7f4e-4482-ab53-d569774e3c44', 'e7c4b804-1354-4203-9521-cf1c1af6da68', NULL, '4744 46TH AVE NE', NULL, NULL, NULL, NULL),
	('66072145-e084-471c-a504-624c5767622d', 'e7c4b804-1354-4203-9521-cf1c1af6da68', NULL, '4750 46TH AVE NE', NULL, NULL, NULL, NULL),
	('4bc2ad9e-5f3c-4b62-9012-3d8c677e1bd6', 'e7c4b804-1354-4203-9521-cf1c1af6da68', NULL, '4756 46TH AVE NE', NULL, NULL, NULL, NULL),
	('6208b746-cadb-4bc4-b2b0-7acf77450f44', 'e7c4b804-1354-4203-9521-cf1c1af6da68', NULL, '4754 46TH AVE NE', NULL, NULL, NULL, NULL),
	('737b059c-d9f4-453e-913a-1173987c2fd6', 'f0cf0b00-9362-47d7-a936-201c9ab7d252', NULL, '5029 46TH AVE NE', NULL, NULL, NULL, NULL),
	('f47dccf2-7eea-46ea-a5ec-e93a99e7a546', 'f0cf0b00-9362-47d7-a936-201c9ab7d252', NULL, '5019 46TH AVE NE', NULL, NULL, NULL, NULL),
	('af8001b4-8596-459b-a84a-36e15e4e6efe', 'f0cf0b00-9362-47d7-a936-201c9ab7d252', NULL, '5041 46TH AVE NE', NULL, NULL, NULL, NULL),
	('fe68720a-9c03-4340-800a-f76057e7b57f', 'f0cf0b00-9362-47d7-a936-201c9ab7d252', NULL, '4516 NE 50TH ST', NULL, NULL, NULL, NULL),
	('11d783cb-8855-4c49-93f4-a60821572167', 'f0cf0b00-9362-47d7-a936-201c9ab7d252', NULL, '5009 46TH AVE NE', NULL, NULL, NULL, NULL),
	('caa686c8-762d-4071-9897-b52de58f84d0', 'f0cf0b00-9362-47d7-a936-201c9ab7d252', NULL, '5021 46TH AVE NE', NULL, NULL, NULL, NULL),
	('4fbd9aba-c6d8-4e57-9c49-fb7913ba722d', 'f0cf0b00-9362-47d7-a936-201c9ab7d252', NULL, '5103 46TH AVE NE', NULL, NULL, NULL, NULL),
	('fe117cad-d975-4540-bb15-2ba6127afb28', 'f0cf0b00-9362-47d7-a936-201c9ab7d252', NULL, '5102 46TH AVE NE', NULL, NULL, NULL, NULL),
	('69bae932-fc3b-4648-8ea8-36276057305c', 'f0cf0b00-9362-47d7-a936-201c9ab7d252', NULL, '5040 46TH AVE NE', NULL, NULL, NULL, NULL),
	('d3ee4f53-3ef0-4a49-b8d7-35a21feecb64', 'f0cf0b00-9362-47d7-a936-201c9ab7d252', NULL, '5034 46TH AVE NE', NULL, NULL, NULL, NULL),
	('f170876b-4f4b-4b09-8f82-0fa8fb23f530', 'f0cf0b00-9362-47d7-a936-201c9ab7d252', NULL, '5028 46TH AVE NE', NULL, NULL, NULL, NULL),
	('57e57aae-0e75-4402-84c5-9b528d27ab50', 'f0cf0b00-9362-47d7-a936-201c9ab7d252', NULL, '5022 46TH AVE NE', NULL, NULL, NULL, NULL),
	('a1b63ca4-2918-4bd2-94be-c9d24777e580', 'f0cf0b00-9362-47d7-a936-201c9ab7d252', NULL, '5016 46TH AVE NE', NULL, NULL, NULL, NULL),
	('c7923b07-34f5-49bb-8013-e59ce079164e', 'f0cf0b00-9362-47d7-a936-201c9ab7d252', NULL, '5010 46TH AVE NE', NULL, NULL, NULL, NULL),
	('74bf0267-17f9-478e-884a-120359bbdf19', 'f0cf0b00-9362-47d7-a936-201c9ab7d252', NULL, '5006 46TH AVE NE', NULL, NULL, NULL, NULL),
	('9eb21bbf-b50f-4dec-aeb7-88ff4e1e722f', 'f0cf0b00-9362-47d7-a936-201c9ab7d252', NULL, '5002 46TH AVE NE', NULL, NULL, NULL, NULL),
	('4df7f25c-da89-4a71-9cd1-225e79f8e6f2', '3ed10af0-52d3-4ec5-92c2-96a26bb0b831', NULL, '5107 46TH AVE NE', NULL, NULL, NULL, NULL),
	('7635cb93-b596-48d1-b2ba-9dd20d47f99e', '3ed10af0-52d3-4ec5-92c2-96a26bb0b831', NULL, '5113 46TH AVE NE', NULL, NULL, NULL, NULL),
	('ac2d4aa7-9f4f-4682-a5da-fdfec69e56e3', '3ed10af0-52d3-4ec5-92c2-96a26bb0b831', NULL, '5117 46TH AVE NE', NULL, NULL, NULL, NULL),
	('f37a72e9-c9a7-4b7b-8f18-3c8c6fa58c73', '3ed10af0-52d3-4ec5-92c2-96a26bb0b831', NULL, '5123 46TH AVE NE', NULL, NULL, NULL, NULL),
	('8ba1741d-08c8-4bc1-97c2-d3f8da4b2bb2', '3ed10af0-52d3-4ec5-92c2-96a26bb0b831', NULL, '5127 46TH AVE NE', NULL, NULL, NULL, NULL),
	('55f8c35b-5193-4c78-8a4e-e7be63156446', '3ed10af0-52d3-4ec5-92c2-96a26bb0b831', NULL, '5133 46TH AVE NE', NULL, NULL, NULL, NULL),
	('c6bf0dfc-3af3-46d6-bca0-1f52b40dac1e', '3ed10af0-52d3-4ec5-92c2-96a26bb0b831', NULL, '5137 46TH AVE NE', NULL, NULL, NULL, NULL),
	('98302d7c-52e0-45ed-ae22-7ec775f858a2', '3ed10af0-52d3-4ec5-92c2-96a26bb0b831', NULL, '5143 46TH AVE NE', NULL, NULL, NULL, NULL),
	('adc80e8a-0f00-4430-aade-15cf45a89109', '3ed10af0-52d3-4ec5-92c2-96a26bb0b831', NULL, '5142 46TH AVE NE', NULL, NULL, NULL, NULL),
	('02186d59-968b-4af7-8cb9-58958c38501f', '3ed10af0-52d3-4ec5-92c2-96a26bb0b831', NULL, '5136 46TH AVE NE', NULL, NULL, NULL, NULL),
	('d2975909-61b8-4500-bbf4-0e6d9933696c', '3ed10af0-52d3-4ec5-92c2-96a26bb0b831', NULL, '5132 46TH AVE NE', NULL, NULL, NULL, NULL),
	('4f79af3b-303a-48f4-92fe-6ae554555ed1', '3ed10af0-52d3-4ec5-92c2-96a26bb0b831', NULL, '5126 46TH AVE NE', NULL, NULL, NULL, NULL),
	('81997833-331c-4e6f-ba08-805426fddf72', '3ed10af0-52d3-4ec5-92c2-96a26bb0b831', NULL, '5122 46TH AVE NE', NULL, NULL, NULL, NULL),
	('4d0dc3b6-8b81-4194-8015-163ff0e31056', '3ed10af0-52d3-4ec5-92c2-96a26bb0b831', NULL, '5116 46TH AVE NE', NULL, NULL, NULL, NULL),
	('06f88402-df30-432f-80ec-66991d34a2f6', '3ed10af0-52d3-4ec5-92c2-96a26bb0b831', NULL, '5112 46TH AVE NE', NULL, NULL, NULL, NULL),
	('b87a62b2-ef80-474d-871a-87f9888f8a5c', '3ed10af0-52d3-4ec5-92c2-96a26bb0b831', NULL, '5106 46TH AVE NE', NULL, NULL, NULL, NULL),
	('c7494f4b-4dc0-4341-97e8-24080d3515d4', '3ed10af0-52d3-4ec5-92c2-96a26bb0b831', NULL, '5150 46TH AVE NE', NULL, NULL, NULL, NULL),
	('efd9dc86-6e5a-420a-a52b-0c70725b434d', '3ed10af0-52d3-4ec5-92c2-96a26bb0b831', NULL, '5146 46TH AVE NE', NULL, NULL, NULL, NULL),
	('d3a30572-8460-42d1-a60a-59cc74ef2396', '3ed10af0-52d3-4ec5-92c2-96a26bb0b831', NULL, '5147 46TH AVE NE', NULL, NULL, NULL, NULL),
	('a4f4914e-6244-4033-adaa-289f119b1c28', '099a489c-5cac-42dd-80ef-cba76305f41a', NULL, '4508 NE 54TH ST', NULL, NULL, NULL, NULL),
	('6272cb0e-bec4-4f33-abfd-e15d973e52a4', '099a489c-5cac-42dd-80ef-cba76305f41a', NULL, '4516 NE 54TH ST', NULL, NULL, NULL, NULL),
	('446653e8-efaf-4fdb-a7a7-02a5bd6d2676', '099a489c-5cac-42dd-80ef-cba76305f41a', NULL, '4522 NE 54TH ST', NULL, NULL, NULL, NULL),
	('6f35bcb0-2e63-4484-b260-48d3a6875f7c', '099a489c-5cac-42dd-80ef-cba76305f41a', NULL, '4528 NE 54TH ST', NULL, NULL, NULL, NULL),
	('3c61fc66-51b4-4e42-a8ae-ba7c2e2c9b80', '099a489c-5cac-42dd-80ef-cba76305f41a', NULL, '4600 NE 54TH ST', NULL, NULL, NULL, NULL),
	('3c518959-ad92-4bfa-a858-a558549f8453', '099a489c-5cac-42dd-80ef-cba76305f41a', NULL, '4602 NE 54TH ST', NULL, NULL, NULL, NULL),
	('7d269b23-c1c1-4365-b510-c03e4ce734d0', '099a489c-5cac-42dd-80ef-cba76305f41a', NULL, '4606 NE 54TH ST', NULL, NULL, NULL, NULL),
	('52347f57-7166-4c4d-8277-e69108178391', '099a489c-5cac-42dd-80ef-cba76305f41a', NULL, '4608 NE 54TH ST', NULL, NULL, NULL, NULL),
	('806c0a33-0fc7-45d8-b2df-98a3ee494ad0', '099a489c-5cac-42dd-80ef-cba76305f41a', NULL, '4610 NE 54TH ST', NULL, NULL, NULL, NULL),
	('69b7ad52-1338-4fc1-afd8-5ed01103fd8d', '099a489c-5cac-42dd-80ef-cba76305f41a', NULL, '4612 NE 54TH ST', NULL, NULL, NULL, NULL),
	('611d5283-9d4c-4921-aca8-b1660c09e09a', '099a489c-5cac-42dd-80ef-cba76305f41a', NULL, '5405 47TH AVE NE', NULL, NULL, NULL, NULL),
	('63e0059c-771c-4285-9fa2-81c2907cddab', '099a489c-5cac-42dd-80ef-cba76305f41a', NULL, '5407 47TH AVE NE', NULL, NULL, NULL, NULL),
	('5eb74bd2-6a1d-44d3-9918-c798a8e90d3e', '099a489c-5cac-42dd-80ef-cba76305f41a', NULL, '4605 NE 54TH ST', NULL, NULL, NULL, NULL),
	('3c0df376-d627-42e3-8830-de35fb9a7480', '099a489c-5cac-42dd-80ef-cba76305f41a', NULL, '4507 NE 54TH ST', NULL, NULL, NULL, NULL),
	('250a38c4-87a8-4273-8627-4718084dfca9', '099a489c-5cac-42dd-80ef-cba76305f41a', NULL, '4517 NE 54TH ST', NULL, NULL, NULL, NULL),
	('6b06ddf5-0890-424d-8207-c4cc4cbd9e7e', '2c73411c-0d9e-4ff9-a447-d49f8e09ffa0', NULL, '5021 45TH AVE NE', NULL, NULL, NULL, NULL),
	('4dc78a66-aa98-45bb-95f2-9f261979b908', '2c73411c-0d9e-4ff9-a447-d49f8e09ffa0', NULL, '5011 45TH AVE NE', NULL, NULL, NULL, NULL),
	('fb39d8f1-0738-4260-b067-8caefb0bbe77', '2c73411c-0d9e-4ff9-a447-d49f8e09ffa0', NULL, '5014 44TH AVE NE APT A', NULL, NULL, NULL, NULL),
	('37404a46-12fd-4e0e-b9dd-36ce86af2e86', '2c73411c-0d9e-4ff9-a447-d49f8e09ffa0', NULL, '5014 44TH AVE NE APT 1', NULL, NULL, NULL, NULL),
	('830176b7-148b-4986-88ec-98c4dbf3d54a', '2c73411c-0d9e-4ff9-a447-d49f8e09ffa0', NULL, '5014 44TH AVE NE APT 2', NULL, NULL, NULL, NULL),
	('1ff8ae48-5872-4019-a7ee-5edded66ab07', '2c73411c-0d9e-4ff9-a447-d49f8e09ffa0', NULL, '5003 45TH AVE NE', NULL, NULL, NULL, NULL),
	('447110d3-0c03-4409-9044-d23495268642', '2c73411c-0d9e-4ff9-a447-d49f8e09ffa0', NULL, '4400 NE 50TH ST', NULL, NULL, NULL, NULL),
	('6c03c183-448f-4073-a37d-45a40b713c6f', '2c73411c-0d9e-4ff9-a447-d49f8e09ffa0', NULL, '4402 NE 50TH ST', NULL, NULL, NULL, NULL),
	('c859ac13-37d3-4584-ba28-c477d76fc786', '2c73411c-0d9e-4ff9-a447-d49f8e09ffa0', NULL, '4404 NE 50TH ST', NULL, NULL, NULL, NULL),
	('fbd38ae9-0a01-45a1-9d84-7bb4b136ef2f', '2c73411c-0d9e-4ff9-a447-d49f8e09ffa0', NULL, '4500 NE 50TH ST', NULL, NULL, NULL, NULL),
	('8bf728de-cf90-4fe9-ad94-4c3348f11d23', '2c73411c-0d9e-4ff9-a447-d49f8e09ffa0', NULL, '5022 45TH AVE NE', NULL, NULL, NULL, NULL),
	('de126ee8-bacc-47c0-9663-bb427983994c', '2c73411c-0d9e-4ff9-a447-d49f8e09ffa0', NULL, '5036 45TH AVE NE', NULL, NULL, NULL, NULL),
	('fdc04d6e-e05d-49bf-9019-c39620c72501', '2c73411c-0d9e-4ff9-a447-d49f8e09ffa0', NULL, '5034 45TH AVE NE', NULL, NULL, NULL, NULL),
	('0e40dac3-25f5-4b3c-941e-50a0c8e48864', '2c73411c-0d9e-4ff9-a447-d49f8e09ffa0', NULL, '5142 45TH AVE NE', NULL, NULL, NULL, NULL),
	('18e66481-1f94-478e-9e29-c80047ff654f', '2c73411c-0d9e-4ff9-a447-d49f8e09ffa0', NULL, '5136 45TH AVE NE', NULL, NULL, NULL, NULL),
	('51f65732-3763-4085-ab1a-0ff5bf7f3701', '2c73411c-0d9e-4ff9-a447-d49f8e09ffa0', NULL, '5132 45TH AVE NE', NULL, NULL, NULL, NULL),
	('f142845a-34ac-4675-869a-a0bf8edf8ed0', '2c73411c-0d9e-4ff9-a447-d49f8e09ffa0', NULL, '5126 45TH AVE NE', NULL, NULL, NULL, NULL),
	('ecddc4a6-7581-457b-846a-29eb3781ed32', '2c73411c-0d9e-4ff9-a447-d49f8e09ffa0', NULL, '5122 45TH AVE NE', NULL, NULL, NULL, NULL),
	('e9085c63-ef1b-40cb-819a-74d7bad63a27', '2c73411c-0d9e-4ff9-a447-d49f8e09ffa0', NULL, '5116 45TH AVE NE', NULL, NULL, NULL, NULL),
	('0c3bac8e-b038-41ce-99a9-e0f2bfe3c8d6', '2c73411c-0d9e-4ff9-a447-d49f8e09ffa0', NULL, '5112 45TH AVE NE', NULL, NULL, NULL, NULL),
	('a07d4e46-e98a-41c3-885a-10d2231ed5d0', '2c73411c-0d9e-4ff9-a447-d49f8e09ffa0', NULL, '5106 45TH AVE NE', NULL, NULL, NULL, NULL),
	('2bd972de-91ef-472a-8a27-cad90bac3e05', '2c73411c-0d9e-4ff9-a447-d49f8e09ffa0', NULL, '5102 45TH AVE NE', NULL, NULL, NULL, NULL),
	('234b5b34-4d40-420c-b82a-8f9d0cd275eb', '9572f2fd-be85-440b-aefb-1804422a9ef3', NULL, '4706 45TH AVE NE', NULL, NULL, NULL, NULL),
	('a0d55bf7-2f3d-4976-96b3-31baac23cdb9', '9572f2fd-be85-440b-aefb-1804422a9ef3', NULL, '4702 45TH AVE NE', NULL, NULL, NULL, NULL),
	('23880b5f-e38d-4df1-a3ce-f2eafdf1c5d0', '9572f2fd-be85-440b-aefb-1804422a9ef3', NULL, '4716 45TH AVE NE', NULL, NULL, NULL, NULL),
	('60f10c7b-11d2-4287-8e6d-3c84799be004', '9572f2fd-be85-440b-aefb-1804422a9ef3', NULL, '4722 45TH AVE NE', NULL, NULL, NULL, NULL),
	('619ee772-f94a-41dd-a6b8-3ab6975f8aaa', '9572f2fd-be85-440b-aefb-1804422a9ef3', NULL, '4736 45TH AVE NE', NULL, NULL, NULL, NULL),
	('c56a5e43-6911-4f28-ae70-3eee529cbb69', '9572f2fd-be85-440b-aefb-1804422a9ef3', NULL, '4732 45TH AVE NE', NULL, NULL, NULL, NULL),
	('a30fe928-9c1c-4846-ada2-5118030e6aea', '9572f2fd-be85-440b-aefb-1804422a9ef3', NULL, '4746 45TH AVE NE', NULL, NULL, NULL, NULL),
	('ab8c942d-3439-469f-85b0-b0b04ae9987c', '9572f2fd-be85-440b-aefb-1804422a9ef3', NULL, '4750 45TH AVE NE', NULL, NULL, NULL, NULL),
	('f1c095a1-671d-4165-b5c4-022fb668561e', '9572f2fd-be85-440b-aefb-1804422a9ef3', NULL, '4758 45TH AVE NE', NULL, NULL, NULL, NULL),
	('b220a423-d960-4ef3-b900-285a96801b93', '9572f2fd-be85-440b-aefb-1804422a9ef3', NULL, '4757 45TH AVE NE', NULL, NULL, NULL, NULL),
	('e447c2e7-4186-4868-8e84-1a8b1e4eba7c', '9572f2fd-be85-440b-aefb-1804422a9ef3', NULL, '4747 45TH AVE NE', NULL, NULL, NULL, NULL),
	('887f9b7d-70bc-4693-84bb-313397f7cad0', '9572f2fd-be85-440b-aefb-1804422a9ef3', NULL, '4743 45TH AVE NE', NULL, NULL, NULL, NULL),
	('1a47f7bb-950d-4d32-865c-a06cf1c347b3', '9572f2fd-be85-440b-aefb-1804422a9ef3', NULL, '4741 45TH AVE NE', NULL, NULL, NULL, NULL),
	('f6ba6281-5543-4d1d-9f5e-b7bb2ed1cc10', '9572f2fd-be85-440b-aefb-1804422a9ef3', NULL, '4737 45TH AVE NE', NULL, NULL, NULL, NULL),
	('7b9a0a88-2b5e-44b2-853f-147f5b4404f0', '9572f2fd-be85-440b-aefb-1804422a9ef3', NULL, '4735 45TH AVE NE', NULL, NULL, NULL, NULL),
	('ed0d7ecc-056f-4fc6-b1d9-56fa282c2a7c', '9572f2fd-be85-440b-aefb-1804422a9ef3', NULL, '4729 45TH AVE NE', NULL, NULL, NULL, NULL),
	('58f1b2d6-9b89-4d63-ad5a-7bb9cb8362e4', '9572f2fd-be85-440b-aefb-1804422a9ef3', NULL, '4725 45TH AVE NE', NULL, NULL, NULL, NULL),
	('ab8bd8f8-dc8b-4fc9-a0d5-3c6895e69ec1', '9572f2fd-be85-440b-aefb-1804422a9ef3', NULL, '4721 45TH AVE NE', NULL, NULL, NULL, NULL),
	('dfa31598-e172-45ea-8425-8548ee7d1459', '9572f2fd-be85-440b-aefb-1804422a9ef3', NULL, '4717 45TH AVE NE', NULL, NULL, NULL, NULL),
	('150b7787-c714-4e2d-9eea-701d7ed3ff97', '9572f2fd-be85-440b-aefb-1804422a9ef3', NULL, '4715 45TH AVE NE', NULL, NULL, NULL, NULL),
	('dcbcadfa-6e54-417e-aee1-9f3a8d370921', '9572f2fd-be85-440b-aefb-1804422a9ef3', NULL, '4705 45TH AVE NE', NULL, NULL, NULL, NULL),
	('c7f1c932-cb8c-47bf-bd64-7ae780c65e0d', '9572f2fd-be85-440b-aefb-1804422a9ef3', NULL, '4701 45TH AVE NE', NULL, NULL, NULL, NULL),
	('7f98bf30-005f-4883-9ffe-0a1272838605', 'dbaebca8-3c77-4588-9acf-7643f19de45d', NULL, '4512 45TH AVE NE', NULL, NULL, NULL, NULL),
	('8f734c7f-3f8e-43a2-811e-df0cb104dd1f', 'dbaebca8-3c77-4588-9acf-7643f19de45d', NULL, '4516 45TH AVE NE', NULL, NULL, NULL, NULL),
	('b480c1de-f940-4e76-bb2a-b196ac6c2971', 'dbaebca8-3c77-4588-9acf-7643f19de45d', NULL, '4520 45TH AVE NE', NULL, NULL, NULL, NULL),
	('dd0281a8-4421-48e8-87ae-a626adaf347f', 'dbaebca8-3c77-4588-9acf-7643f19de45d', NULL, '4526 45TH AVE NE', NULL, NULL, NULL, NULL),
	('4eb24422-358f-41c1-a92d-b742881ccde9', 'dbaebca8-3c77-4588-9acf-7643f19de45d', NULL, '4530 45TH AVE NE', NULL, NULL, NULL, NULL),
	('9422d747-4aa4-42df-b116-e58cb66c013f', 'dbaebca8-3c77-4588-9acf-7643f19de45d', NULL, '4536 45TH AVE NE', NULL, NULL, NULL, NULL),
	('388324b8-08a0-4881-8df1-0f59c2e7a84a', 'dbaebca8-3c77-4588-9acf-7643f19de45d', NULL, '4540 45TH AVE NE', NULL, NULL, NULL, NULL),
	('0efff522-dc1d-413a-8f3c-80a5ee4c1d65', 'dbaebca8-3c77-4588-9acf-7643f19de45d', NULL, '4546 45TH AVE NE', NULL, NULL, NULL, NULL),
	('4de24f5a-7551-4a74-b424-113b6b967a31', 'dbaebca8-3c77-4588-9acf-7643f19de45d', NULL, '4501 NE 47TH ST', NULL, NULL, NULL, NULL),
	('4cfbe112-e9b1-49ff-983b-28f5c331363f', 'dbaebca8-3c77-4588-9acf-7643f19de45d', NULL, '4554 45TH AVE NE', NULL, NULL, NULL, NULL),
	('890232a2-b808-4211-b01a-c2207551b660', 'dbaebca8-3c77-4588-9acf-7643f19de45d', NULL, '4551 46TH AVE NE', NULL, NULL, NULL, NULL),
	('8f04bf9c-14ad-49fe-b1f8-a4b8e39650cb', 'dbaebca8-3c77-4588-9acf-7643f19de45d', NULL, '4557 46TH AVE NE', NULL, NULL, NULL, NULL),
	('5da71948-f634-4bb8-9f20-99ce7fce41b3', 'dbaebca8-3c77-4588-9acf-7643f19de45d', NULL, '4545 46TH AVE NE', NULL, NULL, NULL, NULL),
	('cbc373d8-d3c6-4f9a-bb0c-d47efe5b661a', 'dbaebca8-3c77-4588-9acf-7643f19de45d', NULL, '4541 46TH AVE NE', NULL, NULL, NULL, NULL),
	('d7e63f25-9dd0-471e-b76d-64d12fae31b6', 'dbaebca8-3c77-4588-9acf-7643f19de45d', NULL, '4535 46TH AVE NE', NULL, NULL, NULL, NULL),
	('0659ee49-5faa-44e7-8c42-e758a0b81be9', 'dbaebca8-3c77-4588-9acf-7643f19de45d', NULL, '4531 46TH AVE NE', NULL, NULL, NULL, NULL),
	('125ac4cf-9dd4-43eb-9afe-2052f1368731', 'dbaebca8-3c77-4588-9acf-7643f19de45d', NULL, '4521 46TH AVE NE', NULL, NULL, NULL, NULL),
	('4701a5fe-94d3-4bb2-9243-33364bf3cffd', 'dbaebca8-3c77-4588-9acf-7643f19de45d', NULL, '4527 46TH AVE NE', NULL, NULL, NULL, NULL),
	('049f11bd-f5f9-4cbe-b6ed-b09e1eef728a', 'dbaebca8-3c77-4588-9acf-7643f19de45d', NULL, '4517 46TH AVE NE', NULL, NULL, NULL, NULL),
	('5b5d1b14-eb66-484d-95e1-a5be11f904aa', '3fe46764-4934-45a5-986d-ee115ac9bcc1', NULL, '4702 44TH AVE NE', NULL, NULL, NULL, NULL),
	('faee7a92-db29-465f-8dfb-f6714e40a4df', '3fe46764-4934-45a5-986d-ee115ac9bcc1', NULL, '4708 44TH AVE NE', NULL, NULL, NULL, NULL),
	('3ec28e59-6343-4f25-8c5d-746f105a89a2', '3fe46764-4934-45a5-986d-ee115ac9bcc1', NULL, '4714 44TH AVE NE', NULL, NULL, NULL, NULL),
	('d5a5a3c9-0793-4e99-8734-4f28db2c127d', '3fe46764-4934-45a5-986d-ee115ac9bcc1', NULL, '4720 44TH AVE NE', NULL, NULL, NULL, NULL),
	('4fc8a532-88a3-4b6d-ad88-7280e20afe82', '3fe46764-4934-45a5-986d-ee115ac9bcc1', NULL, '4724 44TH AVE NE', NULL, NULL, NULL, NULL),
	('13d01297-a2a9-4c0f-bbfa-ed54ff279347', '3fe46764-4934-45a5-986d-ee115ac9bcc1', NULL, '4736 44TH AVE NE', NULL, NULL, NULL, NULL),
	('103c104c-3635-4bf4-aca2-c78eca0420e8', '3fe46764-4934-45a5-986d-ee115ac9bcc1', NULL, '4744 44TH AVE NE', NULL, NULL, NULL, NULL),
	('920a63bb-7f70-45fd-b713-98496363e662', '3fe46764-4934-45a5-986d-ee115ac9bcc1', NULL, '4750 44TH AVE NE', NULL, NULL, NULL, NULL),
	('dcbfafe0-4cb3-4ed0-a7dd-2b81955d9af5', '3fe46764-4934-45a5-986d-ee115ac9bcc1', NULL, '4754 44TH AVE NE', NULL, NULL, NULL, NULL),
	('21a2d295-8958-4797-818c-17f168d07866', '98b57ba8-460c-43bb-8666-7c5734f8931c', NULL, '5047 44TH AVE NE', NULL, NULL, NULL, NULL),
	('17684ef0-46c6-4bb3-8efc-abaef1f8c580', '98b57ba8-460c-43bb-8666-7c5734f8931c', NULL, '5043 44TH AVE NE', NULL, NULL, NULL, NULL),
	('1d0a75d1-2d8c-4627-8ca0-f3a594720b78', '98b57ba8-460c-43bb-8666-7c5734f8931c', NULL, '5054 1/2 SAND POINT PL NE', NULL, NULL, NULL, NULL),
	('cb69b631-65dc-4115-8fea-6ee8fe77a150', '98b57ba8-460c-43bb-8666-7c5734f8931c', NULL, '5054 SAND POINT PL NE', NULL, NULL, NULL, NULL),
	('90686174-b2ed-4620-b439-4e7860f08abf', '98b57ba8-460c-43bb-8666-7c5734f8931c', NULL, '5033 44TH AVE NE', NULL, NULL, NULL, NULL),
	('c2c81667-b527-4c90-8aca-709f83a491ad', '98b57ba8-460c-43bb-8666-7c5734f8931c', NULL, '5035 44TH AVE NE', NULL, NULL, NULL, NULL),
	('109583d4-b803-43c0-addb-a2d256dfb8ce', '98b57ba8-460c-43bb-8666-7c5734f8931c', NULL, '5048 SAND POINT PL NE', NULL, NULL, NULL, NULL),
	('034e5625-e1a8-4f24-99a9-03a876a81c30', '98b57ba8-460c-43bb-8666-7c5734f8931c', NULL, '5040 SAND POINT PL NE', NULL, NULL, NULL, NULL),
	('a70b1eb8-717a-4b54-a77a-fa9d64e5db78', '98b57ba8-460c-43bb-8666-7c5734f8931c', NULL, '5042 SAND POINT PL NE', NULL, NULL, NULL, NULL),
	('281d0d0f-6d85-4862-aa8c-0ec9e116f8ce', '98b57ba8-460c-43bb-8666-7c5734f8931c', NULL, '5030 SAND POINT PL NE', NULL, NULL, NULL, NULL),
	('67630e3d-33e4-4081-b01f-e581d08dd96b', '98b57ba8-460c-43bb-8666-7c5734f8931c', NULL, '5032 SAND POINT PL NE', NULL, NULL, NULL, NULL),
	('ad199d54-0e9c-4604-ac31-d4b89664b853', '98b57ba8-460c-43bb-8666-7c5734f8931c', NULL, '5034 SAND POINT PL NE', NULL, NULL, NULL, NULL),
	('832d9dbc-6aa9-45f9-89d1-d9617e677e77', '98b57ba8-460c-43bb-8666-7c5734f8931c', NULL, '5022 SAND POINT PL NE', NULL, NULL, NULL, NULL),
	('cc5977af-6dc1-4a5f-996c-d54f5d51230d', '98b57ba8-460c-43bb-8666-7c5734f8931c', NULL, '5024 SAND POINT PL NE', NULL, NULL, NULL, NULL),
	('66e051f0-5e16-4d84-baf5-960fc3c6e582', '98b57ba8-460c-43bb-8666-7c5734f8931c', NULL, '5026 SAND POINT PL NE', NULL, NULL, NULL, NULL),
	('87d6150f-744f-47a5-824a-baf52ac45e73', '98b57ba8-460c-43bb-8666-7c5734f8931c', NULL, '5016 SAND POINT PL NE', NULL, NULL, NULL, NULL),
	('965d1339-7581-4075-b989-c4124fc65fac', '98b57ba8-460c-43bb-8666-7c5734f8931c', NULL, '5018 SAND POINT PL NE', NULL, NULL, NULL, NULL),
	('b9016a4e-a5d6-4512-b3b8-45ca1bf57082', '98b57ba8-460c-43bb-8666-7c5734f8931c', NULL, '4250 NE 50TH ST', NULL, NULL, NULL, NULL),
	('c7317026-45bd-45e9-88cb-422fdbda2ff9', '98b57ba8-460c-43bb-8666-7c5734f8931c', NULL, '4252 NE 50TH ST', NULL, NULL, NULL, NULL),
	('b8b1a841-2a64-4540-aef6-00bd43d318f3', '98b57ba8-460c-43bb-8666-7c5734f8931c', NULL, '5000 SAND POINT PL NE', NULL, NULL, NULL, NULL),
	('2862e4c4-dc40-4829-94ea-6182f0f8e634', '98b57ba8-460c-43bb-8666-7c5734f8931c', NULL, '4260 NE 50TH ST', NULL, NULL, NULL, NULL),
	('56e101e6-0561-451d-b1cb-bb049d83609d', '98b57ba8-460c-43bb-8666-7c5734f8931c', NULL, '4262 NE 50TH ST', NULL, NULL, NULL, NULL),
	('104a2db9-e013-41b5-9d3c-484c1535cac0', '98b57ba8-460c-43bb-8666-7c5734f8931c', NULL, '4264 NE 50TH ST', NULL, NULL, NULL, NULL),
	('2f56dce9-ed97-4ff1-8190-fe20e862ef72', '98b57ba8-460c-43bb-8666-7c5734f8931c', NULL, '5015 44TH AVE NE', NULL, NULL, NULL, NULL),
	('09814357-1fb4-4f4f-9d01-4667eb7728cd', '98b57ba8-460c-43bb-8666-7c5734f8931c', NULL, '5019 44TH AVE NE', NULL, NULL, NULL, NULL),
	('a7d547be-2a3d-4c62-b8f6-42ad0ba02d97', '98b57ba8-460c-43bb-8666-7c5734f8931c', NULL, '5023 44TH AVE NE', NULL, NULL, NULL, NULL),
	('e5a7ebb3-ca5c-48ae-879f-48e5dfa06ddc', '98b57ba8-460c-43bb-8666-7c5734f8931c', NULL, '5031 44TH AVE NE', NULL, NULL, NULL, NULL),
	('b8011aca-45f1-4487-a478-db144fbf28a4', '98b57ba8-460c-43bb-8666-7c5734f8931c', NULL, '5029 44TH AVE NE', NULL, NULL, NULL, NULL),
	('ea4bd4a8-9335-4f20-84c5-553574ea8980', '98b57ba8-460c-43bb-8666-7c5734f8931c', NULL, '5027 44TH AVE NE', NULL, NULL, NULL, NULL),
	('b7f0fdff-6563-4bdc-b064-7ff0560e3b2d', '98b57ba8-460c-43bb-8666-7c5734f8931c', NULL, '5025 44TH AVE NE', NULL, NULL, NULL, NULL),
	('d5fa1426-9985-4161-99f5-140b275b9b2a', '98b57ba8-460c-43bb-8666-7c5734f8931c', NULL, '5208 SAND POINT PL NE APT 1', NULL, NULL, NULL, NULL),
	('d9c7c013-2ade-46fe-a7fc-11c66b2d31d2', '98b57ba8-460c-43bb-8666-7c5734f8931c', NULL, '5208 SAND POINT PL NE APT 2', NULL, NULL, NULL, NULL),
	('71016acb-e6c3-4f9e-815f-68f7a8ff7bc8', '98b57ba8-460c-43bb-8666-7c5734f8931c', NULL, '5208 SAND POINT PL NE APT 3', NULL, NULL, NULL, NULL),
	('ab6bfc39-1466-4d3b-a63c-1b54e248c047', '98b57ba8-460c-43bb-8666-7c5734f8931c', NULL, '5208 SAND POINT PL NE APT 4', NULL, NULL, NULL, NULL),
	('faee0d05-cd61-40f2-a1b2-a715af9a1c33', '98b57ba8-460c-43bb-8666-7c5734f8931c', NULL, '5054 44TH AVE NE APT 1', NULL, NULL, NULL, NULL),
	('ed276492-60e8-47f6-a5c2-6358376240a9', '98b57ba8-460c-43bb-8666-7c5734f8931c', NULL, '5054 44TH AVE NE APT 2', NULL, NULL, NULL, NULL),
	('650fe62b-9ef6-4e93-9f53-b8eba2c07933', '98b57ba8-460c-43bb-8666-7c5734f8931c', NULL, '5054 44TH AVE NE APT 3', NULL, NULL, NULL, NULL),
	('e76a5cd3-c15a-4ed5-81c5-2d869a315ba5', '98b57ba8-460c-43bb-8666-7c5734f8931c', NULL, '5048 44TH AVE NE APT 1', NULL, NULL, NULL, NULL),
	('24326520-289d-4594-bd4d-ac7bbcdd21bc', '98b57ba8-460c-43bb-8666-7c5734f8931c', NULL, '5048 44TH AVE NE APT 2', NULL, NULL, NULL, NULL),
	('ecb4463e-fc06-41c1-8fab-42506ceb00ef', '98b57ba8-460c-43bb-8666-7c5734f8931c', NULL, '5048 44TH AVE NE APT 3', NULL, NULL, NULL, NULL),
	('34d2ce7c-49a3-4d2e-92b8-bfa5d1b2943f', '98b57ba8-460c-43bb-8666-7c5734f8931c', NULL, '5040 44TH AVE NE APT 1', NULL, NULL, NULL, NULL),
	('b6debc3c-946c-4ba8-a489-ceb75ab420c1', '98b57ba8-460c-43bb-8666-7c5734f8931c', NULL, '5040 44TH AVE NE APT 2', NULL, NULL, NULL, NULL),
	('1d97a479-106f-4435-aa19-fa3fecd044a2', '98b57ba8-460c-43bb-8666-7c5734f8931c', NULL, '5040 44TH AVE NE APT 3', NULL, NULL, NULL, NULL),
	('2e40e356-8a54-4dae-bfdf-28d5b6ce0184', '98b57ba8-460c-43bb-8666-7c5734f8931c', NULL, '5034 44TH AVE NE', NULL, NULL, NULL, NULL),
	('ceebf1b0-452d-498d-9f22-e876cc51c04b', '98b57ba8-460c-43bb-8666-7c5734f8931c', NULL, '5036 44TH AVE NE', NULL, NULL, NULL, NULL),
	('13fd8807-8eb1-4b66-a325-5da874e5659e', '98b57ba8-460c-43bb-8666-7c5734f8931c', NULL, '5038 44TH AVE NE', NULL, NULL, NULL, NULL),
	('b1367565-bf87-4a82-a845-60fd27d6eecb', '98b57ba8-460c-43bb-8666-7c5734f8931c', NULL, '5028 44TH AVE NE', NULL, NULL, NULL, NULL),
	('07e5ccac-1d08-42e1-bdd8-708a1031248d', '98b57ba8-460c-43bb-8666-7c5734f8931c', NULL, '5030 44TH AVE NE', NULL, NULL, NULL, NULL),
	('2efefeb6-1512-441f-a4e3-37201aaf7cca', '98b57ba8-460c-43bb-8666-7c5734f8931c', NULL, '5032 44TH AVE NE', NULL, NULL, NULL, NULL),
	('45415a12-8f6d-42f4-9cc8-3e75b3faf1f2', '950d83fa-fc0b-4995-9a1b-606d58f0a8a2', NULL, '5063 44TH AVE NE', NULL, NULL, NULL, NULL),
	('cdd52f77-1edd-411f-b461-aca7ab2cd0fa', '950d83fa-fc0b-4995-9a1b-606d58f0a8a2', NULL, '5065 44TH AVE NE', NULL, NULL, NULL, NULL),
	('279b7c74-5421-4e8f-83a9-e4b32f077f3a', '950d83fa-fc0b-4995-9a1b-606d58f0a8a2', NULL, '5055 SAND POINT PL NE', NULL, NULL, NULL, NULL),
	('38ef1af7-a62c-4860-930e-4788dfed7242', '950d83fa-fc0b-4995-9a1b-606d58f0a8a2', NULL, '5062 SAND POINT WAY NE', NULL, NULL, NULL, NULL),
	('3db6e23f-3228-423a-a98a-bda932479099', '950d83fa-fc0b-4995-9a1b-606d58f0a8a2', NULL, '5049 SAND POINT PL NE', NULL, NULL, NULL, NULL),
	('70be2cb7-77bb-4c16-b720-a3ed8f77a894', '950d83fa-fc0b-4995-9a1b-606d58f0a8a2', NULL, '5056 SAND POINT WAY NE', NULL, NULL, NULL, NULL),
	('257c413d-0ca3-4b51-a155-1a77c1684cdc', '950d83fa-fc0b-4995-9a1b-606d58f0a8a2', NULL, '5047 SAND POINT PL NE', NULL, NULL, NULL, NULL),
	('0b99bb5f-35d5-4bf4-a393-f464faa3aa51', '950d83fa-fc0b-4995-9a1b-606d58f0a8a2', NULL, '5045 SAND POINT PL NE', NULL, NULL, NULL, NULL),
	('36a7996b-4c82-4763-a8a5-f92da953cb53', '950d83fa-fc0b-4995-9a1b-606d58f0a8a2', NULL, '5043 SAND POINT PL NE', NULL, NULL, NULL, NULL),
	('abab700a-5efd-4282-ba36-f3e4d137f028', '950d83fa-fc0b-4995-9a1b-606d58f0a8a2', NULL, '5050 SAND POINT WAY NE', NULL, NULL, NULL, NULL),
	('579a6db1-1858-46a2-907e-e0daad2e1978', '950d83fa-fc0b-4995-9a1b-606d58f0a8a2', NULL, '5048 SAND POINT WAY NE', NULL, NULL, NULL, NULL),
	('20a4e1e1-ce3c-4c47-b969-bbd0b3535d40', '950d83fa-fc0b-4995-9a1b-606d58f0a8a2', NULL, '5046 SAND POINT WAY NE', NULL, NULL, NULL, NULL),
	('48f6fe40-0c9f-4163-a1b8-30148e48d818', '950d83fa-fc0b-4995-9a1b-606d58f0a8a2', NULL, '5035 SAND POINT PL NE', NULL, NULL, NULL, NULL),
	('041d9457-489a-4be7-8898-b7f3bffb4d26', '950d83fa-fc0b-4995-9a1b-606d58f0a8a2', NULL, '5039 SAND POINT PL NE', NULL, NULL, NULL, NULL),
	('b1e47179-60ab-45c7-8a15-25f4a716cb94', '950d83fa-fc0b-4995-9a1b-606d58f0a8a2', NULL, '5027 SAND POINT PL NE', NULL, NULL, NULL, NULL),
	('82b10c57-9d8b-469c-a8da-0cc2bf359070', '950d83fa-fc0b-4995-9a1b-606d58f0a8a2', NULL, '5031 SAND POINT PL NE', NULL, NULL, NULL, NULL),
	('96550fd5-31cd-42a0-bdc5-f8bc373530ce', '950d83fa-fc0b-4995-9a1b-606d58f0a8a2', NULL, '5038 SAND POINT WAY NE', NULL, NULL, NULL, NULL),
	('408c47c1-582c-48fd-9e2f-e35541e0dd91', '950d83fa-fc0b-4995-9a1b-606d58f0a8a2', NULL, '5021 SAND POINT PL NE', NULL, NULL, NULL, NULL),
	('93a65b71-fca3-478c-bf74-5f6d67b9cb46', '950d83fa-fc0b-4995-9a1b-606d58f0a8a2', NULL, '5023 SAND POINT PL NE', NULL, NULL, NULL, NULL),
	('c1b720a6-bdc3-48c2-9fdc-aee074d9a0d0', '950d83fa-fc0b-4995-9a1b-606d58f0a8a2', NULL, '5025 SAND POINT PL NE', NULL, NULL, NULL, NULL),
	('d0438231-db5e-43ae-9b34-022d6ea9a36f', '950d83fa-fc0b-4995-9a1b-606d58f0a8a2', NULL, '5013-A SAND POINT PL NE', NULL, NULL, NULL, NULL),
	('ba60e211-83a1-4805-aa85-61f269c5a1f0', '950d83fa-fc0b-4995-9a1b-606d58f0a8a2', NULL, '5015 SAND POINT PL NE', NULL, NULL, NULL, NULL),
	('d6f3005c-251a-4d84-ab4d-da378057ded1', '950d83fa-fc0b-4995-9a1b-606d58f0a8a2', NULL, '5017 SAND POINT PL NE', NULL, NULL, NULL, NULL),
	('91bcf082-3d02-4c39-aa1b-b314835af902', '950d83fa-fc0b-4995-9a1b-606d58f0a8a2', NULL, '5013-B SAND POINT PL NE', NULL, NULL, NULL, NULL),
	('acddf7af-022b-4e55-a128-f8cfaefb7d45', '950d83fa-fc0b-4995-9a1b-606d58f0a8a2', NULL, '5005 SAND POINT PL NE', NULL, NULL, NULL, NULL),
	('646df4a7-ddbd-422f-a64d-b410774df1df', '950d83fa-fc0b-4995-9a1b-606d58f0a8a2', NULL, '5007 SAND POINT PL NE', NULL, NULL, NULL, NULL),
	('8ba04640-dfb0-4f2c-a986-fe8f74055fea', '950d83fa-fc0b-4995-9a1b-606d58f0a8a2', NULL, '5009 SAND POINT PL NE', NULL, NULL, NULL, NULL),
	('621d77db-ba15-4625-ad2a-ffeda634b8f3', '950d83fa-fc0b-4995-9a1b-606d58f0a8a2', NULL, '4200 NE 50TH ST', NULL, NULL, NULL, NULL),
	('697b4d79-bd7e-4db6-abe1-6831a27a56e0', '950d83fa-fc0b-4995-9a1b-606d58f0a8a2', NULL, '4202 NE 50TH ST', NULL, NULL, NULL, NULL),
	('7d922488-914c-4375-acaa-f4a52c537e99', '950d83fa-fc0b-4995-9a1b-606d58f0a8a2', NULL, '4204 NE 50TH ST', NULL, NULL, NULL, NULL),
	('1f4f8693-2b80-4cf2-bc33-2eb4b06a4ca8', '950d83fa-fc0b-4995-9a1b-606d58f0a8a2', NULL, '5201 SAND POINT PL NE', NULL, NULL, NULL, NULL),
	('252c0d35-6a7a-4ac3-9a3f-1d92d720bdbe', '950d83fa-fc0b-4995-9a1b-606d58f0a8a2', NULL, '5202 SAND POINT WAY NE', NULL, NULL, NULL, NULL),
	('e9fa32bc-e9d9-4385-80a0-5221097d9476', '950d83fa-fc0b-4995-9a1b-606d58f0a8a2', NULL, '5203 SAND POINT PL NE', NULL, NULL, NULL, NULL),
	('e46c9e7f-1454-4ed0-ae8f-177756f8abd0', '950d83fa-fc0b-4995-9a1b-606d58f0a8a2', NULL, '5208 SAND POINT WAY NE', NULL, NULL, NULL, NULL),
	('4f707061-0bbf-4f33-9ddf-e4783dc13466', '950d83fa-fc0b-4995-9a1b-606d58f0a8a2', NULL, '5210 SAND POINT WAY NE', NULL, NULL, NULL, NULL),
	('750ac62f-4f53-45f1-af89-2be264a8f742', '950d83fa-fc0b-4995-9a1b-606d58f0a8a2', NULL, '5212 SAND POINT WAY NE', NULL, NULL, NULL, NULL),
	('3e0d1953-f74b-4791-bb30-3fb7b2ae2f6e', '950d83fa-fc0b-4995-9a1b-606d58f0a8a2', NULL, '5214 SAND POINT WAY NE', NULL, NULL, NULL, NULL),
	('8aecdfa8-10b1-4933-8b3e-7cb3f84cd603', '950d83fa-fc0b-4995-9a1b-606d58f0a8a2', NULL, '5220 SAND POINT WAY NE', NULL, NULL, NULL, NULL),
	('06ad58c0-1067-4e7d-92bf-a0c5d4c336ec', '950d83fa-fc0b-4995-9a1b-606d58f0a8a2', NULL, '5232 SAND POINT WAY NE', NULL, NULL, NULL, NULL),
	('1a20fc0f-c83a-41c1-9dbb-498f734357e5', '950d83fa-fc0b-4995-9a1b-606d58f0a8a2', NULL, '5230 SAND POINT WAY NE', NULL, NULL, NULL, NULL),
	('a2f763c8-26be-475d-86aa-3d64b65ba351', '950d83fa-fc0b-4995-9a1b-606d58f0a8a2', NULL, '5228 SAND POINT WAY NE', NULL, NULL, NULL, NULL),
	('6056d440-63ab-4468-b9af-6daecfe73293', '950d83fa-fc0b-4995-9a1b-606d58f0a8a2', NULL, '5226 SAND POINT WAY NE', NULL, NULL, NULL, NULL),
	('8698494d-e5c7-493c-a4d7-17e649cad956', '9e917107-94d2-487e-8a77-797c59a50a8a', NULL, '4339 NE 45TH ST', NULL, NULL, NULL, NULL),
	('c659a46e-8c19-4021-923f-8a06a582c14d', '9e917107-94d2-487e-8a77-797c59a50a8a', NULL, '4335 NE 45TH ST', NULL, NULL, NULL, NULL),
	('de25efa3-c2e0-4f86-bd8f-9c926603f7ae', '9e917107-94d2-487e-8a77-797c59a50a8a', NULL, '4331 NE 45TH ST', NULL, NULL, NULL, NULL),
	('d6bba728-854a-4cca-937d-9e48cb08d653', '9e917107-94d2-487e-8a77-797c59a50a8a', NULL, '4327 NE 45TH ST', NULL, NULL, NULL, NULL),
	('72cb6e88-db53-4acf-a6da-c06b47cabc4f', '9e917107-94d2-487e-8a77-797c59a50a8a', NULL, '4323 NE 45TH ST', NULL, NULL, NULL, NULL),
	('801140bd-1f26-4ce2-b151-86d4d96671b9', '9e917107-94d2-487e-8a77-797c59a50a8a', NULL, '4319 NE 45TH ST', NULL, NULL, NULL, NULL),
	('f20851c2-8bb0-4099-8c7c-c76215abd406', '9e917107-94d2-487e-8a77-797c59a50a8a', NULL, '4315 NE 45TH ST', NULL, NULL, NULL, NULL),
	('11d2d005-ff14-4c74-9627-4657e2dce4db', '9e917107-94d2-487e-8a77-797c59a50a8a', NULL, '4316 NE 44TH ST', NULL, NULL, NULL, NULL),
	('8a322ec6-c28c-4ad5-94e5-54d5c9bed39e', '9e917107-94d2-487e-8a77-797c59a50a8a', NULL, '4320 NE 44TH ST', NULL, NULL, NULL, NULL),
	('f4a0a379-625a-4c9e-9c3c-2153e7bc7fa4', '9e917107-94d2-487e-8a77-797c59a50a8a', NULL, '4324 NE 44TH ST', NULL, NULL, NULL, NULL),
	('5559b6e8-9a01-477a-9a92-503948944070', '9e917107-94d2-487e-8a77-797c59a50a8a', NULL, '4326 NE 44TH ST', NULL, NULL, NULL, NULL),
	('eb8b02ca-2e98-44ce-9a58-906bff8fb398', '9e917107-94d2-487e-8a77-797c59a50a8a', NULL, '4330 NE 44TH ST', NULL, NULL, NULL, NULL),
	('2ee995e1-4215-4969-b0de-6683e266b995', '9e917107-94d2-487e-8a77-797c59a50a8a', NULL, '4334 NE 44TH ST', NULL, NULL, NULL, NULL),
	('9582f710-6a5f-4985-9a73-8132b8cbbe3b', '9e917107-94d2-487e-8a77-797c59a50a8a', NULL, '4338 NE 44TH ST', NULL, NULL, NULL, NULL),
	('7a328136-886d-42d2-ab17-fcd07001b2f7', '9e917107-94d2-487e-8a77-797c59a50a8a', NULL, '4339 NE 44TH ST', NULL, NULL, NULL, NULL),
	('812a0d59-6c8c-4964-8b55-012884f653c7', '9e917107-94d2-487e-8a77-797c59a50a8a', NULL, '4335 NE 44TH ST', NULL, NULL, NULL, NULL),
	('45dcc072-914c-4704-8718-06889fd91dfd', '9e917107-94d2-487e-8a77-797c59a50a8a', NULL, '4331 NE 44TH ST', NULL, NULL, NULL, NULL),
	('d9e8e84b-5cb4-456f-bd1b-a0573967e8c8', '9e917107-94d2-487e-8a77-797c59a50a8a', NULL, '4327 NE 44TH ST', NULL, NULL, NULL, NULL),
	('64226663-b6d4-43fe-b5fd-ef4b12f3cafe', '9e917107-94d2-487e-8a77-797c59a50a8a', NULL, '4323 NE 44TH ST', NULL, NULL, NULL, NULL),
	('45c4a222-c08d-40fa-b337-b49cd24d5cae', '9e917107-94d2-487e-8a77-797c59a50a8a', NULL, '4319 NE 44TH ST', NULL, NULL, NULL, NULL),
	('d6fe2615-6588-48f2-b13f-38989cb7c9b4', '9e917107-94d2-487e-8a77-797c59a50a8a', NULL, '4315 NE 44TH ST', NULL, NULL, NULL, NULL),
	('79527906-3fbd-43ca-b549-3066f495b4b2', 'b441d408-ec64-4eff-adc9-bcc6796e1783', NULL, '4316 NE 43RD ST', NULL, NULL, NULL, NULL),
	('530cddd1-5181-49b8-8e71-40902269fc8e', 'b441d408-ec64-4eff-adc9-bcc6796e1783', NULL, '4318 NE 43RD ST', NULL, NULL, NULL, NULL),
	('1ea0a3f8-faa8-4815-be3e-9714392af371', 'b441d408-ec64-4eff-adc9-bcc6796e1783', NULL, '4322 NE 43RD ST', NULL, NULL, NULL, NULL),
	('29816429-90b8-4d6c-9b34-5b80169638f6', 'b441d408-ec64-4eff-adc9-bcc6796e1783', NULL, '4328 NE 43RD ST', NULL, NULL, NULL, NULL),
	('92c7609b-5955-4ac9-a6df-92126ef5dd84', 'b441d408-ec64-4eff-adc9-bcc6796e1783', NULL, '4332 NE 43RD ST', NULL, NULL, NULL, NULL),
	('bbc4c353-80a2-4b1e-9d81-354a277bdcec', 'b441d408-ec64-4eff-adc9-bcc6796e1783', NULL, '4334 NE 43RD ST', NULL, NULL, NULL, NULL),
	('406281f7-dd1a-4061-bffe-93266b680968', 'b441d408-ec64-4eff-adc9-bcc6796e1783', NULL, '4338 NE 43RD ST', NULL, NULL, NULL, NULL),
	('6b211376-3e82-41ed-9d97-3630698ee560', 'b441d408-ec64-4eff-adc9-bcc6796e1783', NULL, '4339 NE 43RD ST', NULL, NULL, NULL, NULL),
	('b4163cae-d810-46f9-a926-c68e84b0358b', 'b441d408-ec64-4eff-adc9-bcc6796e1783', NULL, '4335 NE 43RD ST', NULL, NULL, NULL, NULL),
	('17461f0b-3d91-4fed-bc79-b3b4912ad4f4', 'b441d408-ec64-4eff-adc9-bcc6796e1783', NULL, '4331 NE 43RD ST', NULL, NULL, NULL, NULL),
	('08924986-90c1-4348-93cf-347fb77fe437', 'b441d408-ec64-4eff-adc9-bcc6796e1783', NULL, '4325 NE 43RD ST', NULL, NULL, NULL, NULL),
	('5ff533ae-b7c9-4e68-be31-9ded3e8e77a4', 'b441d408-ec64-4eff-adc9-bcc6796e1783', NULL, '4323 NE 43RD ST', NULL, NULL, NULL, NULL),
	('5e7e4133-3493-4e1f-84be-e479961de53f', 'b441d408-ec64-4eff-adc9-bcc6796e1783', NULL, '4319 NE 43RD ST', NULL, NULL, NULL, NULL),
	('c7df15bf-dfc9-4647-9d98-610b05413c60', 'b441d408-ec64-4eff-adc9-bcc6796e1783', NULL, '4315 NE 43RD ST', NULL, NULL, NULL, NULL),
	('b6dfebf6-40e8-4143-a7c5-cff7e6f2f9a0', 'b2c827bb-133a-405a-8135-80b4f1fc47d3', NULL, '4314 NE 42ND ST', NULL, NULL, NULL, NULL),
	('9798bdcf-976f-4371-8909-3cb59cb2ae28', 'b2c827bb-133a-405a-8135-80b4f1fc47d3', NULL, '4318 NE 42ND ST', NULL, NULL, NULL, NULL),
	('6844a276-eee8-49d2-9d9c-04278927f7d0', 'b2c827bb-133a-405a-8135-80b4f1fc47d3', NULL, '4324 NE 42ND ST', NULL, NULL, NULL, NULL),
	('0135bd3d-9a3f-43d4-bc26-78400ea0dcce', 'b2c827bb-133a-405a-8135-80b4f1fc47d3', NULL, '4326 NE 42ND ST', NULL, NULL, NULL, NULL),
	('40c3c886-6094-40e8-aa40-dbf6270c751d', 'b2c827bb-133a-405a-8135-80b4f1fc47d3', NULL, '4330 NE 42ND ST', NULL, NULL, NULL, NULL),
	('f3e29cf7-2916-4c4f-a650-b40576515d8d', 'b2c827bb-133a-405a-8135-80b4f1fc47d3', NULL, '4334 NE 42ND ST', NULL, NULL, NULL, NULL),
	('e2808c59-2c1a-4abe-9540-56c399e24b24', 'b2c827bb-133a-405a-8135-80b4f1fc47d3', NULL, '4338 NE 42ND ST', NULL, NULL, NULL, NULL),
	('5c99011d-8dd7-443f-8018-468ecca97d4e', 'b2c827bb-133a-405a-8135-80b4f1fc47d3', NULL, '4339 NE 42ND ST', NULL, NULL, NULL, NULL),
	('8e1da5df-4310-47b2-9ff6-e1ff9938bcaa', 'b2c827bb-133a-405a-8135-80b4f1fc47d3', NULL, '4335 NE 42ND ST', NULL, NULL, NULL, NULL),
	('f5572d37-dbdd-441a-abf2-e12b8e4b7893', 'b2c827bb-133a-405a-8135-80b4f1fc47d3', NULL, '4331 NE 42ND ST', NULL, NULL, NULL, NULL),
	('60652210-119e-4aa1-ab2a-4cab174b1ce5', 'b2c827bb-133a-405a-8135-80b4f1fc47d3', NULL, '4327 NE 42ND ST', NULL, NULL, NULL, NULL),
	('e1f0ec28-8df7-4a45-acb0-3bd05f5836a9', 'b2c827bb-133a-405a-8135-80b4f1fc47d3', NULL, '4323 NE 42ND ST', NULL, NULL, NULL, NULL),
	('5a59189c-0887-431e-9da3-e962ff685230', 'b2c827bb-133a-405a-8135-80b4f1fc47d3', NULL, '4319 NE 42ND ST', NULL, NULL, NULL, NULL),
	('97913283-7177-42bc-9c22-c1f0936413fb', 'b2c827bb-133a-405a-8135-80b4f1fc47d3', NULL, '4315 NE 42ND ST', NULL, NULL, NULL, NULL),
	('ac2567a6-965c-4b06-91f5-9d54ec7cb84e', 'b2c827bb-133a-405a-8135-80b4f1fc47d3', NULL, '4314 NE 41ST ST', NULL, NULL, NULL, NULL),
	('6e84eda2-2122-4c42-81b4-b75f1c3173a7', 'b2c827bb-133a-405a-8135-80b4f1fc47d3', NULL, '4318 NE 41ST ST', NULL, NULL, NULL, NULL),
	('ccd8b33f-1fb0-453e-9f1c-2391a1ff3bbc', 'b2c827bb-133a-405a-8135-80b4f1fc47d3', NULL, '4322 NE 41ST ST', NULL, NULL, NULL, NULL),
	('dad4bb81-08cd-4411-bc7f-d4bbd95544ec', 'b2c827bb-133a-405a-8135-80b4f1fc47d3', NULL, '4326 NE 41ST ST', NULL, NULL, NULL, NULL),
	('24dd29b5-8215-4cbf-ae21-ecc7843ab2d5', 'b2c827bb-133a-405a-8135-80b4f1fc47d3', NULL, '4402 NE 41ST ST', NULL, NULL, NULL, NULL),
	('66f38fb2-74d8-48d9-9252-7dd2879fb44e', 'b2c827bb-133a-405a-8135-80b4f1fc47d3', NULL, '4406 NE 41ST ST', NULL, NULL, NULL, NULL),
	('0d47c73a-e507-4b33-8b25-4ce1ec1524e7', 'b2c827bb-133a-405a-8135-80b4f1fc47d3', NULL, '4410 NE 41ST ST', NULL, NULL, NULL, NULL),
	('43a708a6-43fc-4878-9857-7a1cb517175f', 'c708d13a-a760-4e08-8bc8-34ca7984d1b6', NULL, '4416 43RD AVE NE', NULL, NULL, NULL, NULL),
	('83ceb4e0-40c4-4f75-90fd-4149c5679931', 'c708d13a-a760-4e08-8bc8-34ca7984d1b6', NULL, '4412 43RD AVE NE', NULL, NULL, NULL, NULL),
	('199a28e2-5307-4668-8db0-57454688809f', 'c708d13a-a760-4e08-8bc8-34ca7984d1b6', NULL, '4406 43RD AVE NE', NULL, NULL, NULL, NULL),
	('07a603dd-d6bb-4b09-a4c8-6a352a8f7f74', 'c708d13a-a760-4e08-8bc8-34ca7984d1b6', NULL, '4300 NE 44TH ST', NULL, NULL, NULL, NULL),
	('5146a06d-58e4-43a9-90b1-c00af001b48b', 'c708d13a-a760-4e08-8bc8-34ca7984d1b6', NULL, '4316 43RD AVE NE', NULL, NULL, NULL, NULL),
	('b111da5f-7f3e-4a6e-a65f-3c932ac8bc75', 'c708d13a-a760-4e08-8bc8-34ca7984d1b6', NULL, '4310 43RD AVE NE', NULL, NULL, NULL, NULL),
	('ae8a1eb0-4856-4b12-b572-b06c6a8c678a', 'c708d13a-a760-4e08-8bc8-34ca7984d1b6', NULL, '4306 43RD AVE NE', NULL, NULL, NULL, NULL),
	('882e52fe-7ac7-441a-8295-c12e8c00240a', 'c708d13a-a760-4e08-8bc8-34ca7984d1b6', NULL, '4302 43RD AVE NE', NULL, NULL, NULL, NULL),
	('6a347556-8b20-4a83-8b4c-9352382ea012', 'c708d13a-a760-4e08-8bc8-34ca7984d1b6', NULL, '4216 43RD AVE NE', NULL, NULL, NULL, NULL),
	('25f10914-3b8a-4328-bd48-feb8ffea887c', 'c708d13a-a760-4e08-8bc8-34ca7984d1b6', NULL, '4212 43RD AVE NE', NULL, NULL, NULL, NULL),
	('3e57b592-709b-4a1d-a962-1d152c04d5e5', 'c708d13a-a760-4e08-8bc8-34ca7984d1b6', NULL, '4208 43RD AVE NE', NULL, NULL, NULL, NULL),
	('27c39531-7c31-4e06-a62e-f2a022e4e362', 'c708d13a-a760-4e08-8bc8-34ca7984d1b6', NULL, '4202 43RD AVE NE', NULL, NULL, NULL, NULL),
	('a55fc0e4-1598-4e8b-8fff-18d3fb11ca9f', 'c708d13a-a760-4e08-8bc8-34ca7984d1b6', NULL, '4116 43RD AVE NE', NULL, NULL, NULL, NULL),
	('eb88aa2d-7e24-44f7-bce8-c88ba1a8137d', 'c708d13a-a760-4e08-8bc8-34ca7984d1b6', NULL, '4112 43RD AVE NE', NULL, NULL, NULL, NULL),
	('a6ffa3a3-c692-4af6-a8b8-1217addef6e9', 'c708d13a-a760-4e08-8bc8-34ca7984d1b6', NULL, '4108 43RD AVE NE', NULL, NULL, NULL, NULL),
	('0db7178c-b7d0-4f66-84ea-fed3428be810', 'c708d13a-a760-4e08-8bc8-34ca7984d1b6', NULL, '4300 NE 41ST ST', NULL, NULL, NULL, NULL),
	('9bd385f2-9c9c-4abc-a754-c7f7baa87d1e', '89df7363-94ec-4898-9a53-4ef9e83cae14', NULL, '4415 43RD AVE NE', NULL, NULL, NULL, NULL),
	('153a59a9-f4b5-4e55-ab37-e3018be959c9', '89df7363-94ec-4898-9a53-4ef9e83cae14', NULL, '4411 43RD AVE NE', NULL, NULL, NULL, NULL),
	('65ab2b3b-7628-4999-a9b8-f8aef4207ba5', '89df7363-94ec-4898-9a53-4ef9e83cae14', NULL, '4407 43RD AVE NE', NULL, NULL, NULL, NULL),
	('5b772260-21a9-4c5b-9bc6-bc1c5cddfa47', '89df7363-94ec-4898-9a53-4ef9e83cae14', NULL, '4323 43RD AVE NE', NULL, NULL, NULL, NULL),
	('4ba8b23e-61fa-403a-a318-ee893a790306', '89df7363-94ec-4898-9a53-4ef9e83cae14', NULL, '4319 43RD AVE NE', NULL, NULL, NULL, NULL),
	('b70e1162-2dfe-42be-810f-d515f7edd2ee', '89df7363-94ec-4898-9a53-4ef9e83cae14', NULL, '4311 43RD AVE NE', NULL, NULL, NULL, NULL),
	('03068e3c-d679-4d32-9d18-433045cc1621', '89df7363-94ec-4898-9a53-4ef9e83cae14', NULL, '4305 43RD AVE NE', NULL, NULL, NULL, NULL),
	('31e9bf2f-88cf-4305-9cb6-47220d332041', '89df7363-94ec-4898-9a53-4ef9e83cae14', NULL, '4301 43RD AVE NE', NULL, NULL, NULL, NULL),
	('f44a3917-69b6-4317-b9da-724c907754ac', '89df7363-94ec-4898-9a53-4ef9e83cae14', NULL, '4221 43RD AVE NE', NULL, NULL, NULL, NULL),
	('531123ac-0a8e-410d-bf9d-b8b82612c60c', '89df7363-94ec-4898-9a53-4ef9e83cae14', NULL, '4217 43RD AVE NE', NULL, NULL, NULL, NULL),
	('008fbbcb-9caa-43d3-85d0-94f6c5e10664', '89df7363-94ec-4898-9a53-4ef9e83cae14', NULL, '4211 43RD AVE NE', NULL, NULL, NULL, NULL),
	('d0a920ca-4516-47f5-b441-92a5cf51509f', '89df7363-94ec-4898-9a53-4ef9e83cae14', NULL, '4207 43RD AVE NE', NULL, NULL, NULL, NULL),
	('f9413123-782f-4d95-96c5-a9891f25dd41', '89df7363-94ec-4898-9a53-4ef9e83cae14', NULL, '4203 43RD AVE NE', NULL, NULL, NULL, NULL),
	('d724108e-1b3f-41e2-99b2-0226f3b499f3', '89df7363-94ec-4898-9a53-4ef9e83cae14', NULL, '4123 43RD AVE NE', NULL, NULL, NULL, NULL),
	('a6cd9ff2-3af9-46d9-b9bd-a722e24a130b', '89df7363-94ec-4898-9a53-4ef9e83cae14', NULL, '4117 43RD AVE NE', NULL, NULL, NULL, NULL),
	('f9a3b8ca-f5aa-44b9-80cd-1bfb76f10f53', '89df7363-94ec-4898-9a53-4ef9e83cae14', NULL, '4111 43RD AVE NE', NULL, NULL, NULL, NULL),
	('e3bf107a-c8e7-49e0-b599-00745e08b599', '89df7363-94ec-4898-9a53-4ef9e83cae14', NULL, '4107 43RD AVE NE', NULL, NULL, NULL, NULL),
	('083dcdd3-148a-4ac7-9540-358e3a63c667', '89df7363-94ec-4898-9a53-4ef9e83cae14', NULL, '4103 43RD AVE NE', NULL, NULL, NULL, NULL),
	('c2995fde-e0a9-476b-914c-24d91fce06db', '8ed5500f-12e5-4fee-9676-da1c68771af0', NULL, '4206 NE 41ST ST', NULL, NULL, NULL, NULL),
	('5142f242-cac3-449f-a322-d7a7a9010fd0', '8ed5500f-12e5-4fee-9676-da1c68771af0', NULL, '4108 42ND AVE NE', NULL, NULL, NULL, NULL),
	('a50d6cfe-568b-41bd-a392-c8494b6a6943', '8ed5500f-12e5-4fee-9676-da1c68771af0', NULL, '4110 42ND AVE NE', NULL, NULL, NULL, NULL),
	('f066f012-72a9-45bd-b86a-de48c3064628', '8ed5500f-12e5-4fee-9676-da1c68771af0', NULL, '4118 42ND AVE NE', NULL, NULL, NULL, NULL),
	('2e0e20e5-3333-4faf-a225-9af21916264e', '8ed5500f-12e5-4fee-9676-da1c68771af0', NULL, '4122 42ND AVE NE', NULL, NULL, NULL, NULL),
	('a939e2b3-0ab8-43d9-8c14-417f14a67117', '8ed5500f-12e5-4fee-9676-da1c68771af0', NULL, '4126 42ND AVE NE', NULL, NULL, NULL, NULL),
	('3ad49fc6-6270-4223-af12-3ce2891129b4', '8ed5500f-12e5-4fee-9676-da1c68771af0', NULL, '4130 42ND AVE NE', NULL, NULL, NULL, NULL),
	('e0a92534-4daf-444a-99f2-97f58fab1bfd', '8ed5500f-12e5-4fee-9676-da1c68771af0', NULL, '4134 42ND AVE NE', NULL, NULL, NULL, NULL),
	('883c90ac-11b0-4558-ad4a-f0f56d672395', '8ed5500f-12e5-4fee-9676-da1c68771af0', NULL, '4138 42ND AVE NE', NULL, NULL, NULL, NULL),
	('41a54c5c-2881-4e47-806e-9b820e9df49c', '8ed5500f-12e5-4fee-9676-da1c68771af0', NULL, '4142 42ND AVE NE', NULL, NULL, NULL, NULL),
	('7a6cf260-892a-45c8-9880-55bcc0993a8e', '8ed5500f-12e5-4fee-9676-da1c68771af0', NULL, '4146 42ND AVE NE', NULL, NULL, NULL, NULL),
	('34da53c1-dc49-4500-b6aa-f1a2d23ed356', '8ed5500f-12e5-4fee-9676-da1c68771af0', NULL, '4145 42ND AVE NE', NULL, NULL, NULL, NULL),
	('b5d00670-0cd2-4dd2-87ef-2a67e6bdbed5', '8ed5500f-12e5-4fee-9676-da1c68771af0', NULL, '4141 42ND AVE NE', NULL, NULL, NULL, NULL),
	('7c91a57f-088f-4e59-9789-18aa33e2525f', '8ed5500f-12e5-4fee-9676-da1c68771af0', NULL, '4139 42ND AVE NE', NULL, NULL, NULL, NULL),
	('0b7a10fb-2a75-4cba-9af3-7af48f18a0ea', '8ed5500f-12e5-4fee-9676-da1c68771af0', NULL, '4133 42ND AVE NE', NULL, NULL, NULL, NULL),
	('9b033950-e6fa-4a55-964b-120ffafe66d7', '8ed5500f-12e5-4fee-9676-da1c68771af0', NULL, '4131 42ND AVE NE', NULL, NULL, NULL, NULL),
	('03bb788a-ebcb-4146-b1fb-6af77234c437', '8ed5500f-12e5-4fee-9676-da1c68771af0', NULL, '4127 42ND AVE NE', NULL, NULL, NULL, NULL),
	('9d788315-586f-4b94-a6c6-38287f38b159', '8ed5500f-12e5-4fee-9676-da1c68771af0', NULL, '4123 42ND AVE NE', NULL, NULL, NULL, NULL),
	('b883b2cf-4dcf-4ca6-834e-f0e13e1ea2ee', '8ed5500f-12e5-4fee-9676-da1c68771af0', NULL, '4119 42ND AVE NE', NULL, NULL, NULL, NULL),
	('88fe56de-42ef-4ee6-b934-fa8fc9d68cea', '8ed5500f-12e5-4fee-9676-da1c68771af0', NULL, '4115 42ND AVE NE', NULL, NULL, NULL, NULL),
	('fd398363-0ade-41ef-9fa5-f7c80f69a2de', '8ed5500f-12e5-4fee-9676-da1c68771af0', NULL, '4111 42ND AVE NE', NULL, NULL, NULL, NULL),
	('36944d12-e56e-40ff-9607-772a213634e6', '8ed5500f-12e5-4fee-9676-da1c68771af0', NULL, '4107 42ND AVE NE', NULL, NULL, NULL, NULL),
	('e0ddc144-bce8-4420-b56a-3e1f6289e690', '8ed5500f-12e5-4fee-9676-da1c68771af0', NULL, '4103 42ND AVE NE', NULL, NULL, NULL, NULL),
	('7433fa25-4d07-44f9-856c-aeba3efaae7f', 'ce944416-b563-48ff-80a0-7f1c0106f16d', NULL, '4152 42ND AVE NE', NULL, NULL, NULL, NULL),
	('737396ef-8d0d-42f2-9349-5bdc475a85bc', 'ce944416-b563-48ff-80a0-7f1c0106f16d', NULL, '4154 42ND AVE NE', NULL, NULL, NULL, NULL),
	('014d5e8a-ab25-428c-93ae-26647158ea05', 'ce944416-b563-48ff-80a0-7f1c0106f16d', NULL, '4158 42ND AVE NE', NULL, NULL, NULL, NULL),
	('f1f6bed4-e56a-446c-9dd0-d76255779a8e', 'ce944416-b563-48ff-80a0-7f1c0106f16d', NULL, '4162 42ND AVE NE', NULL, NULL, NULL, NULL),
	('53fc1216-cbfb-4bae-8f46-30a9dd12a196', 'ce944416-b563-48ff-80a0-7f1c0106f16d', NULL, '4166 42ND AVE NE', NULL, NULL, NULL, NULL),
	('bb20439b-04e4-433f-a7a4-9108afc8b447', 'ce944416-b563-48ff-80a0-7f1c0106f16d', NULL, '4170 42ND AVE NE', NULL, NULL, NULL, NULL),
	('a8d16192-c95d-457e-874f-194772a46844', 'ce944416-b563-48ff-80a0-7f1c0106f16d', NULL, '4172 42ND AVE NE', NULL, NULL, NULL, NULL),
	('e0553468-1906-4909-bfba-282ae54c6c29', 'ce944416-b563-48ff-80a0-7f1c0106f16d', NULL, '4178 42ND AVE NE', NULL, NULL, NULL, NULL),
	('4d5e23ec-2fda-47eb-9937-0d0405c59c04', 'ce944416-b563-48ff-80a0-7f1c0106f16d', NULL, '4180 42ND AVE NE', NULL, NULL, NULL, NULL),
	('f76d4685-8655-456a-a787-79cc85574ee7', 'ce944416-b563-48ff-80a0-7f1c0106f16d', NULL, '4186 42ND AVE NE', NULL, NULL, NULL, NULL),
	('a6ce1ad1-cae9-45a4-bdf4-42ee947b0b04', 'ce944416-b563-48ff-80a0-7f1c0106f16d', NULL, '4188 42ND AVE NE', NULL, NULL, NULL, NULL),
	('957cdbae-10d8-4de9-b45a-e70ed7206ffb', 'ce944416-b563-48ff-80a0-7f1c0106f16d', NULL, '4205 NE 45TH ST', NULL, NULL, NULL, NULL),
	('daa94ca6-a67d-4e9c-a5bd-f67f1777eb50', 'ce944416-b563-48ff-80a0-7f1c0106f16d', NULL, '4107 NE 45TH ST', NULL, NULL, NULL, NULL),
	('0fdb5c94-42be-4a9e-afb0-a74ccf7beda0', 'ce944416-b563-48ff-80a0-7f1c0106f16d', NULL, '4191 42ND AVE NE', NULL, NULL, NULL, NULL),
	('b0c35c99-0c74-47a1-96ae-fc4a6150c39a', 'ce944416-b563-48ff-80a0-7f1c0106f16d', NULL, '4181 42ND AVE NE', NULL, NULL, NULL, NULL),
	('8a401fd5-df4e-4cb3-91d0-248df64b39f9', 'ce944416-b563-48ff-80a0-7f1c0106f16d', NULL, '4177 42ND AVE NE', NULL, NULL, NULL, NULL),
	('71cb99ab-cbd6-4cdf-9fe9-3f8fcd31207c', 'ce944416-b563-48ff-80a0-7f1c0106f16d', NULL, '4173 42ND AVE NE', NULL, NULL, NULL, NULL),
	('107b8f4a-3cf6-4d71-af41-76c13779eb91', 'ce944416-b563-48ff-80a0-7f1c0106f16d', NULL, '4169 42ND AVE NE', NULL, NULL, NULL, NULL),
	('07c08bf7-ba07-4527-8aee-7fea1a0073e3', 'ce944416-b563-48ff-80a0-7f1c0106f16d', NULL, '4163 42ND AVE NE', NULL, NULL, NULL, NULL),
	('8efa975b-6987-45bb-813e-635661cac956', 'ce944416-b563-48ff-80a0-7f1c0106f16d', NULL, '4159 42ND AVE NE', NULL, NULL, NULL, NULL),
	('1b901214-d690-4a59-ae1e-bb5306a92a6c', 'ce944416-b563-48ff-80a0-7f1c0106f16d', NULL, '4155 42ND AVE NE', NULL, NULL, NULL, NULL),
	('33785b62-072a-4efb-be23-a835974d8e12', 'ce944416-b563-48ff-80a0-7f1c0106f16d', NULL, '4151 42ND AVE NE', NULL, NULL, NULL, NULL),
	('f7d4e17a-c970-46b9-8dce-7c398f1db512', 'fe90182e-dfa4-480a-9588-a3a1829526d7', NULL, '4003 NE 45TH ST', NULL, NULL, NULL, NULL),
	('32dea211-04bc-4a93-944a-3f4fb81d964f', 'fe90182e-dfa4-480a-9588-a3a1829526d7', NULL, '4007 NE 45TH ST', NULL, NULL, NULL, NULL),
	('99c86fce-6f71-464c-bbd3-cd6977233ac4', 'fe90182e-dfa4-480a-9588-a3a1829526d7', NULL, '4013 NE 45TH ST', NULL, NULL, NULL, NULL),
	('7b39698c-48c2-4753-8bb1-2757cf7a686b', 'fe90182e-dfa4-480a-9588-a3a1829526d7', NULL, '4017 NE 45TH ST', NULL, NULL, NULL, NULL),
	('adc7568e-8dee-4cc3-9ad5-5410e8e5f1ca', 'fe90182e-dfa4-480a-9588-a3a1829526d7', NULL, '4021 NE 45TH ST', NULL, NULL, NULL, NULL),
	('2a3a9da8-5c85-49c5-916e-db5823ee35d2', 'fe90182e-dfa4-480a-9588-a3a1829526d7', NULL, '4027 NE 45TH ST', NULL, NULL, NULL, NULL),
	('fb2d44cf-bd1c-40fd-8113-e5ae02312780', 'fe90182e-dfa4-480a-9588-a3a1829526d7', NULL, '4507 B 40TH AVE NE', NULL, NULL, NULL, NULL),
	('8a1e073a-72f8-471f-acc5-59f3e9871226', 'fe90182e-dfa4-480a-9588-a3a1829526d7', NULL, '4507 A 40TH AVE NE', NULL, NULL, NULL, NULL),
	('7982cfc2-5f8f-457f-9db5-dac6422611d3', 'fe90182e-dfa4-480a-9588-a3a1829526d7', NULL, '4509 B 40TH AVE NE', NULL, NULL, NULL, NULL),
	('d4b66716-a28f-41c2-9c79-9f8b77b12d64', 'fe90182e-dfa4-480a-9588-a3a1829526d7', NULL, '4509 A 40TH AVE NE', NULL, NULL, NULL, NULL),
	('1c740ab8-d978-4964-931b-5639ee1358a0', 'fe90182e-dfa4-480a-9588-a3a1829526d7', NULL, '4513 40TH AVE NE', NULL, NULL, NULL, NULL),
	('041d42e6-e9ea-43fa-a7f2-02cb716afe03', 'fe90182e-dfa4-480a-9588-a3a1829526d7', NULL, '4513 1/2 40TH AVE NE', NULL, NULL, NULL, NULL),
	('a4044c75-ec55-49c3-8e25-abddcdef6212', 'fe90182e-dfa4-480a-9588-a3a1829526d7', NULL, '4515 40TH AVE NE', NULL, NULL, NULL, NULL),
	('5e2da3a3-c681-4228-bebc-9a9b687ee49e', 'fe90182e-dfa4-480a-9588-a3a1829526d7', NULL, '4515 1/2 40TH AVE NE', NULL, NULL, NULL, NULL),
	('8ef30eb5-929e-429c-8730-5b21932ca58b', 'fe90182e-dfa4-480a-9588-a3a1829526d7', NULL, '4517 40TH AVE NE', NULL, NULL, NULL, NULL),
	('fa97f644-a553-4e4a-be68-a40552c81108', 'fe90182e-dfa4-480a-9588-a3a1829526d7', NULL, '4517 1/2 40TH AVE NE', NULL, NULL, NULL, NULL),
	('d463347a-333a-4660-a620-93744f768c4d', 'fe90182e-dfa4-480a-9588-a3a1829526d7', NULL, '4519 40TH AVE NE', NULL, NULL, NULL, NULL),
	('636d5a9e-0528-4613-a733-9b69ff1ca900', 'fe90182e-dfa4-480a-9588-a3a1829526d7', NULL, '4519 1/2 40TH AVE NE', NULL, NULL, NULL, NULL),
	('05be4fa8-2141-4217-9742-9d43108e8804', 'fe90182e-dfa4-480a-9588-a3a1829526d7', NULL, '4603 40TH AVE NE', NULL, NULL, NULL, NULL),
	('dab494bd-2992-4d22-9530-94a295a4ff2b', 'fe90182e-dfa4-480a-9588-a3a1829526d7', NULL, '4603 1/2 40TH AVE NE', NULL, NULL, NULL, NULL),
	('8b56c0f2-906d-4f04-baf5-c78cc5085948', 'fe90182e-dfa4-480a-9588-a3a1829526d7', NULL, '4605 40TH AVE NE', NULL, NULL, NULL, NULL),
	('0d505c31-97d7-40a5-b9f0-1a577ed4632c', 'fe90182e-dfa4-480a-9588-a3a1829526d7', NULL, '4605 1/2 40TH AVE NE', NULL, NULL, NULL, NULL),
	('edb9808e-cf72-46c5-8c1d-20ae9008dc35', '74f134a8-f122-4215-a247-cd56a8c83ccd', NULL, '3913 NE 45TH ST APT 107', NULL, NULL, NULL, NULL),
	('b130383c-d926-4942-b678-d184426c53d4', '74f134a8-f122-4215-a247-cd56a8c83ccd', NULL, '3913 NE 45TH ST APT 109', NULL, NULL, NULL, NULL),
	('8a682248-dc4e-4d17-ab8c-091772829ec1', '74f134a8-f122-4215-a247-cd56a8c83ccd', NULL, '3913 NE 45TH ST APT 207', NULL, NULL, NULL, NULL),
	('f83844cc-e7a3-4e67-be7e-e73a2fe77505', '74f134a8-f122-4215-a247-cd56a8c83ccd', NULL, '3913 NE 45TH ST APT 209', NULL, NULL, NULL, NULL),
	('1d68eeb7-f894-4d36-8865-7d143f012769', '74f134a8-f122-4215-a247-cd56a8c83ccd', NULL, '3913 NE 45TH ST APT 307', NULL, NULL, NULL, NULL),
	('dec9a7a3-b2d3-4237-8d97-5525250d6d0b', '74f134a8-f122-4215-a247-cd56a8c83ccd', NULL, '3913 NE 45TH ST APT 309', NULL, NULL, NULL, NULL),
	('7cecb8b5-c3b2-486a-ae15-015b30f62756', '74f134a8-f122-4215-a247-cd56a8c83ccd', NULL, '3913 NE 45TH ST APT 407', NULL, NULL, NULL, NULL),
	('a27b65b5-6f89-453c-b4f6-5653940a5dd3', '74f134a8-f122-4215-a247-cd56a8c83ccd', NULL, '3913 NE 45TH ST APT 409', NULL, NULL, NULL, NULL),
	('ac65c9d5-cf04-44c3-97b6-73e018c3dedc', '74f134a8-f122-4215-a247-cd56a8c83ccd', NULL, '3913 NE 45TH ST APT 108', NULL, NULL, NULL, NULL),
	('a6f98cb3-59cd-43f5-aa66-93b2897e0630', '74f134a8-f122-4215-a247-cd56a8c83ccd', NULL, '3913 NE 45TH ST APT 110', NULL, NULL, NULL, NULL),
	('fc51bf6a-5537-494f-81bc-c97de192e331', '74f134a8-f122-4215-a247-cd56a8c83ccd', NULL, '3913 NE 45TH ST APT 208', NULL, NULL, NULL, NULL),
	('df07f780-a079-4f17-bcca-18ea617fc533', '74f134a8-f122-4215-a247-cd56a8c83ccd', NULL, '3913 NE 45TH ST APT 210', NULL, NULL, NULL, NULL),
	('40655e26-f1aa-45f6-a9d7-034313cc9910', '74f134a8-f122-4215-a247-cd56a8c83ccd', NULL, '3913 NE 45TH ST APT 308', NULL, NULL, NULL, NULL),
	('0f97f7cd-f604-4df5-bd1a-7d9f94bf2d80', '74f134a8-f122-4215-a247-cd56a8c83ccd', NULL, '3913 NE 45TH ST APT 310', NULL, NULL, NULL, NULL),
	('70df3b10-de5a-4e57-bbb3-e30206136184', '74f134a8-f122-4215-a247-cd56a8c83ccd', NULL, '3913 NE 45TH ST APT 408', NULL, NULL, NULL, NULL),
	('dbf5ec84-5410-45da-a76b-5154ba9764bc', '74f134a8-f122-4215-a247-cd56a8c83ccd', NULL, '3913 NE 45TH ST APT 410', NULL, NULL, NULL, NULL),
	('ca2ea8b2-378f-43ea-97b8-b5dad3fc9d34', '74f134a8-f122-4215-a247-cd56a8c83ccd', NULL, '3903 NE 45TH ST APT 104', NULL, NULL, NULL, NULL),
	('7ee2de89-e312-46c0-80ba-cee6c1c3ce25', '74f134a8-f122-4215-a247-cd56a8c83ccd', NULL, '3903 NE 45TH ST APT 105', NULL, NULL, NULL, NULL),
	('051c2770-6231-4649-ac9e-20789c9dde0b', '74f134a8-f122-4215-a247-cd56a8c83ccd', NULL, '3903 NE 45TH ST APT 106', NULL, NULL, NULL, NULL),
	('4bd4bc49-346c-4fd4-9536-53a12bf5a7a9', '74f134a8-f122-4215-a247-cd56a8c83ccd', NULL, '3903 NE 45TH ST APT 204', NULL, NULL, NULL, NULL),
	('ef7d930a-d7b0-42ad-b5dd-529674248dab', '74f134a8-f122-4215-a247-cd56a8c83ccd', NULL, '3903 NE 45TH ST APT 205', NULL, NULL, NULL, NULL),
	('e90bbff9-1e34-412b-9352-7f4cd4f2e5cd', '74f134a8-f122-4215-a247-cd56a8c83ccd', NULL, '3903 NE 45TH ST APT 206', NULL, NULL, NULL, NULL),
	('70420df7-cef1-4972-a5d0-247e6bedf3f1', '74f134a8-f122-4215-a247-cd56a8c83ccd', NULL, '3903 NE 45TH ST APT 304', NULL, NULL, NULL, NULL),
	('dfa77476-c8c7-445c-ac1a-b426fa65d228', '74f134a8-f122-4215-a247-cd56a8c83ccd', NULL, '3903 NE 45TH ST APT 305', NULL, NULL, NULL, NULL),
	('37ebd79d-a7f5-42f9-811a-bfaef8823d16', '74f134a8-f122-4215-a247-cd56a8c83ccd', NULL, '3903 NE 45TH ST APT 306', NULL, NULL, NULL, NULL),
	('ad1b78b6-93ca-42c5-8ba6-1dc9ae3a25ca', '74f134a8-f122-4215-a247-cd56a8c83ccd', NULL, '3903 NE 45TH ST APT 404', NULL, NULL, NULL, NULL),
	('2460c066-2c2a-4612-9cff-b8300ffb4531', '74f134a8-f122-4215-a247-cd56a8c83ccd', NULL, '3903 NE 45TH ST APT 405', NULL, NULL, NULL, NULL),
	('4c30be47-b79d-4b7b-ae10-aa1c8df43696', '74f134a8-f122-4215-a247-cd56a8c83ccd', NULL, '3903 NE 45TH ST APT 406', NULL, NULL, NULL, NULL),
	('aef6fad8-7414-4ea5-b74a-a25973ad79fd', '74f134a8-f122-4215-a247-cd56a8c83ccd', NULL, '3901 NE 45TH ST APT 301', NULL, NULL, NULL, NULL),
	('a2a2af7e-99a8-41af-94e9-3bda2a47f62b', '74f134a8-f122-4215-a247-cd56a8c83ccd', NULL, '3901 NE 45TH ST APT 302', NULL, NULL, NULL, NULL),
	('d1e49db6-a08e-47bf-950b-2e67de64f768', '74f134a8-f122-4215-a247-cd56a8c83ccd', NULL, '3901 NE 45TH ST APT 401', NULL, NULL, NULL, NULL),
	('6aaa4670-6c27-4408-91d7-e9e5dd859182', '74f134a8-f122-4215-a247-cd56a8c83ccd', NULL, '3901 NE 45TH ST APT 402', NULL, NULL, NULL, NULL),
	('270d01c9-613b-4d34-82c2-eea351de239b', '74f134a8-f122-4215-a247-cd56a8c83ccd', NULL, '3901 NE 45TH ST APT 101', NULL, NULL, NULL, NULL),
	('457a3b91-4d33-4169-8bb5-b55a78dae22e', '74f134a8-f122-4215-a247-cd56a8c83ccd', NULL, '3901 NE 45TH ST APT 201', NULL, NULL, NULL, NULL),
	('2c4c8fd8-c3a9-4317-ad25-0f0d844b72cd', '74f134a8-f122-4215-a247-cd56a8c83ccd', NULL, '3901 NE 45TH ST APT 202', NULL, NULL, NULL, NULL),
	('5958f120-19f4-4867-8b18-13768951c035', '74f134a8-f122-4215-a247-cd56a8c83ccd', NULL, '3901 NE 45TH ST APT 203', NULL, NULL, NULL, NULL),
	('6930c254-a854-42a2-9e66-26c8bd466a81', '74f134a8-f122-4215-a247-cd56a8c83ccd', NULL, '3925 NE 45TH ST APT 111', NULL, NULL, NULL, NULL),
	('ac2f43f1-ef6f-4fa0-9683-dd36778cb722', '74f134a8-f122-4215-a247-cd56a8c83ccd', NULL, '3925 NE 45TH ST APT 211', NULL, NULL, NULL, NULL),
	('c61e9e0d-110d-4345-8088-bec5c75ce52b', '74f134a8-f122-4215-a247-cd56a8c83ccd', NULL, '3925 NE 45TH ST APT 311', NULL, NULL, NULL, NULL),
	('f55bb595-a0ae-42dd-8c17-8e34dcddb231', '74f134a8-f122-4215-a247-cd56a8c83ccd', NULL, '3925 NE 45TH ST APT 112', NULL, NULL, NULL, NULL),
	('73272c60-e8f7-4594-b014-38ddb2079e5a', '74f134a8-f122-4215-a247-cd56a8c83ccd', NULL, '3925 NE 45TH ST APT 212', NULL, NULL, NULL, NULL),
	('f2ab7f80-ad27-4ef7-859e-40d1f1a9e556', '74f134a8-f122-4215-a247-cd56a8c83ccd', NULL, '3925 NE 45TH ST APT 312', NULL, NULL, NULL, NULL),
	('3c9a908d-bc08-43c4-9e8d-c9cb95560cc7', 'c8c09335-5f68-41fd-98c1-acb1e91c2a3e', NULL, '3821 NE 45TH ST APT 1', NULL, NULL, NULL, NULL),
	('3852fa0b-08fc-4ffa-87db-f4e7696a133b', 'c8c09335-5f68-41fd-98c1-acb1e91c2a3e', NULL, '3821 NE 45TH ST APT 2', NULL, NULL, NULL, NULL),
	('cd8af2d5-5cb0-4714-91fd-6eebedf4aebf', 'c8c09335-5f68-41fd-98c1-acb1e91c2a3e', NULL, '3821 NE 45TH ST APT 3', NULL, NULL, NULL, NULL),
	('e16dca9b-d6bf-4d2f-ae10-28224a923637', 'c8c09335-5f68-41fd-98c1-acb1e91c2a3e', NULL, '3821 NE 45TH ST APT 4', NULL, NULL, NULL, NULL),
	('7f566272-3f63-4034-bd28-235d0a73ab6a', 'c8c09335-5f68-41fd-98c1-acb1e91c2a3e', NULL, '3821 NE 45TH ST APT 5', NULL, NULL, NULL, NULL),
	('01ae8005-e4ae-4a03-a9b3-3ea9c592ac19', 'c8c09335-5f68-41fd-98c1-acb1e91c2a3e', NULL, '3821 NE 45TH ST APT 6', NULL, NULL, NULL, NULL),
	('04125716-e09c-4f97-862c-882b9d8b1f98', 'c8c09335-5f68-41fd-98c1-acb1e91c2a3e', NULL, '3821 NE 45TH ST APT 7', NULL, NULL, NULL, NULL),
	('5986b881-b431-46b6-81d8-32dd7739a3d6', 'c8c09335-5f68-41fd-98c1-acb1e91c2a3e', NULL, '3821 NE 45TH ST APT 11', NULL, NULL, NULL, NULL),
	('b97a2d42-4009-4aa0-bcf5-0d2c770b10ab', 'c8c09335-5f68-41fd-98c1-acb1e91c2a3e', NULL, '3821 NE 45TH ST APT 12', NULL, NULL, NULL, NULL),
	('388d8e27-87e0-4b22-946c-05650cacef30', 'c8c09335-5f68-41fd-98c1-acb1e91c2a3e', NULL, '3821 NE 45TH ST APT 13', NULL, NULL, NULL, NULL),
	('9a58abec-5354-4315-943e-85bd5707a3b4', 'c8c09335-5f68-41fd-98c1-acb1e91c2a3e', NULL, '3821 NE 45TH ST APT 14', NULL, NULL, NULL, NULL),
	('25e34076-28ff-4c8a-a67e-c131d12dcd7f', 'c8c09335-5f68-41fd-98c1-acb1e91c2a3e', NULL, '3821 NE 45TH ST APT 15', NULL, NULL, NULL, NULL),
	('ba8cd86d-56f1-43d9-88b8-0f586e92c4be', 'c8c09335-5f68-41fd-98c1-acb1e91c2a3e', NULL, '3821 NE 45TH ST APT 16', NULL, NULL, NULL, NULL),
	('6516ce6e-393e-4fd2-b9e4-38fc3f9aa7d7', 'c8c09335-5f68-41fd-98c1-acb1e91c2a3e', NULL, '3821 NE 45TH ST APT 17', NULL, NULL, NULL, NULL),
	('ffb4dd26-a6c2-439d-9707-786819a247f5', 'c8c09335-5f68-41fd-98c1-acb1e91c2a3e', NULL, '3821 NE 45TH ST APT 21', NULL, NULL, NULL, NULL),
	('7495ffed-6618-4a40-b024-04e945ab838b', 'c8c09335-5f68-41fd-98c1-acb1e91c2a3e', NULL, '3821 NE 45TH ST APT 22', NULL, NULL, NULL, NULL),
	('9a9fb3aa-effe-4bc2-986c-da6ec08869d8', 'c8c09335-5f68-41fd-98c1-acb1e91c2a3e', NULL, '3821 NE 45TH ST APT 23', NULL, NULL, NULL, NULL),
	('6dc62325-a807-4c87-83ff-e11629c288e4', 'c8c09335-5f68-41fd-98c1-acb1e91c2a3e', NULL, '3821 NE 45TH ST APT 24', NULL, NULL, NULL, NULL),
	('bc8052d0-2bac-44c7-9ef4-e91ab1848d9a', 'c8c09335-5f68-41fd-98c1-acb1e91c2a3e', NULL, '3821 NE 45TH ST APT 25', NULL, NULL, NULL, NULL),
	('c2ea113b-6e5a-485e-a21f-2667075fb5e1', 'c8c09335-5f68-41fd-98c1-acb1e91c2a3e', NULL, '3821 NE 45TH ST APT 26', NULL, NULL, NULL, NULL),
	('2c787dfd-a2ad-437f-beed-c15f145f18a3', 'c8c09335-5f68-41fd-98c1-acb1e91c2a3e', NULL, '3821 NE 45TH ST APT 27', NULL, NULL, NULL, NULL),
	('76901b66-4c8d-44a5-ad61-00c98efd2a2e', '4f8c28bc-fde7-4f04-92bf-da2ea7ab8071', NULL, '3608 NE 44TH ST APT 1', NULL, NULL, NULL, NULL),
	('b2648e01-d091-49bf-8782-b4588d1da299', '4f8c28bc-fde7-4f04-92bf-da2ea7ab8071', NULL, '3608 NE 44TH ST APT 2', NULL, NULL, NULL, NULL),
	('3d9d2802-681d-408e-a4ea-073beb83c355', '4f8c28bc-fde7-4f04-92bf-da2ea7ab8071', NULL, '3608 NE 44TH ST APT 3', NULL, NULL, NULL, NULL),
	('641db891-84ba-4063-91f2-87a6eb8c7f29', '4f8c28bc-fde7-4f04-92bf-da2ea7ab8071', NULL, '3608 NE 44TH ST APT 4', NULL, NULL, NULL, NULL),
	('e895c7a8-9a27-45f9-824c-227cf59932ba', '4f8c28bc-fde7-4f04-92bf-da2ea7ab8071', NULL, '3608 NE 44TH ST APT 5', NULL, NULL, NULL, NULL),
	('e7c0116a-7eac-465f-81bc-2411625462aa', '4f8c28bc-fde7-4f04-92bf-da2ea7ab8071', NULL, '3608 NE 44TH ST APT 6', NULL, NULL, NULL, NULL),
	('25e9b303-0444-4a4a-957f-58453e57a818', '4f8c28bc-fde7-4f04-92bf-da2ea7ab8071', NULL, '3608 NE 44TH ST APT 7', NULL, NULL, NULL, NULL),
	('31d596b6-bc29-47b0-94c6-b3525d67c50b', '4f8c28bc-fde7-4f04-92bf-da2ea7ab8071', NULL, '3608 NE 44TH ST APT 8', NULL, NULL, NULL, NULL),
	('3af45dbb-f8a7-40bc-9490-46248ae15465', '4f8c28bc-fde7-4f04-92bf-da2ea7ab8071', NULL, '3612 NE 44TH ST', NULL, NULL, NULL, NULL),
	('8814927e-def8-4ee1-8874-061057f11012', '4f8c28bc-fde7-4f04-92bf-da2ea7ab8071', NULL, '4316 37TH AVE NE', NULL, NULL, NULL, NULL),
	('3b18cf12-2a82-4a7a-8b58-2da8bf3d5822', '4f8c28bc-fde7-4f04-92bf-da2ea7ab8071', NULL, '4312 37TH AVE NE', NULL, NULL, NULL, NULL),
	('b9ffb773-5819-41d9-a181-8514d0b18285', '4f8c28bc-fde7-4f04-92bf-da2ea7ab8071', NULL, '3711 NE 44TH ST', NULL, NULL, NULL, NULL),
	('23cdc04e-1c81-4797-ad67-838aff4a487a', '4f8c28bc-fde7-4f04-92bf-da2ea7ab8071', NULL, '3717 NE 44TH ST', NULL, NULL, NULL, NULL),
	('c33b7850-824d-4e5b-a2eb-e3fdb25e240e', '4f8c28bc-fde7-4f04-92bf-da2ea7ab8071', NULL, '3716 NE 43RD ST', NULL, NULL, NULL, NULL),
	('d5c7e07c-2493-48d0-b691-41ed9909a980', '4f8c28bc-fde7-4f04-92bf-da2ea7ab8071', NULL, '3712 NE 43RD ST', NULL, NULL, NULL, NULL),
	('2d184820-d3b8-478d-be0d-5b5c503315af', '4f8c28bc-fde7-4f04-92bf-da2ea7ab8071', NULL, '4304 37TH AVE NE', NULL, NULL, NULL, NULL),
	('41a467ac-1621-46b5-9672-4dbcd82320ef', '4f8c28bc-fde7-4f04-92bf-da2ea7ab8071', NULL, '4312 36TH AVE NE', NULL, NULL, NULL, NULL),
	('8de67c86-3e69-43d8-9b6c-c2ff8d6dfa10', '4f8c28bc-fde7-4f04-92bf-da2ea7ab8071', NULL, '4316 36TH AVE NE', NULL, NULL, NULL, NULL),
	('c9a95e99-0164-4249-93a3-418710691ae6', '4f8c28bc-fde7-4f04-92bf-da2ea7ab8071', NULL, '4317 37TH AVE NE', NULL, NULL, NULL, NULL),
	('4b50d71a-4ce0-43a0-8d21-a7531458666d', '4f8c28bc-fde7-4f04-92bf-da2ea7ab8071', NULL, '4311 37TH AVE NE', NULL, NULL, NULL, NULL),
	('3474e515-d50d-49c4-9826-06ed0556bfac', '4f8c28bc-fde7-4f04-92bf-da2ea7ab8071', NULL, '4303 37TH AVE NE', NULL, NULL, NULL, NULL),
	('61af8edf-f761-487c-a72a-a800812b3f65', '4f8c28bc-fde7-4f04-92bf-da2ea7ab8071', NULL, '3612 NE 43RD ST', NULL, NULL, NULL, NULL),
	('d9f364a4-e95d-4888-a391-23dcc532cddb', '4f8c28bc-fde7-4f04-92bf-da2ea7ab8071', NULL, '3600 NE 43RD ST', NULL, NULL, NULL, NULL),
	('020abe57-cf2f-47b3-903e-8b9b81e6fef5', '4f8c28bc-fde7-4f04-92bf-da2ea7ab8071', NULL, '3503 NE 44TH ST', NULL, NULL, NULL, NULL),
	('1047fafe-4919-4de1-b748-929c5cd3fb69', '4f8c28bc-fde7-4f04-92bf-da2ea7ab8071', NULL, '3507 NE 44TH ST', NULL, NULL, NULL, NULL),
	('e774f009-698b-4556-9eb9-c5413ed770ce', '4f8c28bc-fde7-4f04-92bf-da2ea7ab8071', NULL, '3511 NE 44TH ST', NULL, NULL, NULL, NULL),
	('5ffc3c57-deec-4b54-8052-a7032169ee15', '4f8c28bc-fde7-4f04-92bf-da2ea7ab8071', NULL, '4317 36TH AVE NE', NULL, NULL, NULL, NULL),
	('991c2296-0c10-4ad9-a0b2-addaf1241649', '4f8c28bc-fde7-4f04-92bf-da2ea7ab8071', NULL, '4311 36TH AVE NE', NULL, NULL, NULL, NULL),
	('ed5884b0-f931-4d29-823a-8ca6170a3eba', '4f8c28bc-fde7-4f04-92bf-da2ea7ab8071', NULL, '3516 NE 43RD ST', NULL, NULL, NULL, NULL),
	('19921ce5-0ce1-4a0f-8de4-2d7d2e194102', '4f8c28bc-fde7-4f04-92bf-da2ea7ab8071', NULL, '3512 NE 43RD ST', NULL, NULL, NULL, NULL),
	('8113ab9e-9896-4b21-bea1-c7c631cfe1b6', '4f8c28bc-fde7-4f04-92bf-da2ea7ab8071', NULL, '3508 NE 43RD ST', NULL, NULL, NULL, NULL),
	('5658b47a-6d36-4748-9bad-9033297e227e', '4f8c28bc-fde7-4f04-92bf-da2ea7ab8071', NULL, '3502 NE 43RD ST', NULL, NULL, NULL, NULL),
	('26b486ce-6631-4fbc-9ccf-a7a1f73ce713', 'acafc5bf-c867-4a78-bdcd-142dba8b98c6', NULL, '3518 NE 42ND ST', NULL, NULL, NULL, NULL),
	('4310cb33-7b34-4113-a1fe-a652c86d72bd', 'acafc5bf-c867-4a78-bdcd-142dba8b98c6', NULL, '3508 NE 42ND ST', NULL, NULL, NULL, NULL),
	('e3a86856-970b-4c06-a4c9-6e88882784c3', 'acafc5bf-c867-4a78-bdcd-142dba8b98c6', NULL, '3502 NE 42ND ST', NULL, NULL, NULL, NULL),
	('c78a7eb2-55a0-4d4c-824c-bff5eba4376c', 'acafc5bf-c867-4a78-bdcd-142dba8b98c6', NULL, '3616 NE 42ND ST', NULL, NULL, NULL, NULL),
	('da377cfa-924f-4735-89cd-e86b89036c61', 'acafc5bf-c867-4a78-bdcd-142dba8b98c6', NULL, '3610 NE 42ND ST', NULL, NULL, NULL, NULL),
	('943a755d-8655-4b85-a62e-3c9c893f342a', 'acafc5bf-c867-4a78-bdcd-142dba8b98c6', NULL, '3606 NE 42ND ST', NULL, NULL, NULL, NULL),
	('540a4249-6c58-4271-85f6-d2a0aca54d23', 'acafc5bf-c867-4a78-bdcd-142dba8b98c6', NULL, '3600 NE 42ND ST', NULL, NULL, NULL, NULL),
	('662e38e3-4986-47e6-b23c-3bb0170c8dd9', 'acafc5bf-c867-4a78-bdcd-142dba8b98c6', NULL, '3716 NE 42ND ST', NULL, NULL, NULL, NULL),
	('4ab43a5d-a548-4611-a983-e4eff7d48ba9', 'acafc5bf-c867-4a78-bdcd-142dba8b98c6', NULL, '3712 NE 42ND ST', NULL, NULL, NULL, NULL),
	('189fb988-81ac-43fb-90b4-c1e4f372a7c6', 'acafc5bf-c867-4a78-bdcd-142dba8b98c6', NULL, '3706 NE 42ND ST', NULL, NULL, NULL, NULL),
	('f5ebcbc5-f57d-4381-a20c-2ebea5456c13', 'acafc5bf-c867-4a78-bdcd-142dba8b98c6', NULL, '3700 NE 42ND ST', NULL, NULL, NULL, NULL),
	('70826ac0-c915-4aaf-a5bb-74c5f3dfc3b7', 'acafc5bf-c867-4a78-bdcd-142dba8b98c6', NULL, '4114 37TH AVE NE', NULL, NULL, NULL, NULL),
	('7f468937-292c-47db-a35d-085c7add5693', 'acafc5bf-c867-4a78-bdcd-142dba8b98c6', NULL, '3707 NE 42ND ST', NULL, NULL, NULL, NULL),
	('f041f867-6032-4977-b005-b553ec777575', 'acafc5bf-c867-4a78-bdcd-142dba8b98c6', NULL, '3711 NE 42ND ST', NULL, NULL, NULL, NULL),
	('89561bb5-8e68-4611-b241-cc81c2f5ecb1', 'acafc5bf-c867-4a78-bdcd-142dba8b98c6', NULL, '3717 NE 42ND ST', NULL, NULL, NULL, NULL),
	('31daf193-6630-4b8d-8a57-3040a3b7b235', 'acafc5bf-c867-4a78-bdcd-142dba8b98c6', NULL, '3718 NE 41ST ST', NULL, NULL, NULL, NULL),
	('bb46d986-7892-4b5c-bafb-346cbd7b550a', 'acafc5bf-c867-4a78-bdcd-142dba8b98c6', NULL, '3706 NE 41ST ST', NULL, NULL, NULL, NULL),
	('9d192782-7f5f-4977-8dee-ccf4692e3f55', 'acafc5bf-c867-4a78-bdcd-142dba8b98c6', NULL, '3710 NE 41ST ST', NULL, NULL, NULL, NULL),
	('2cee03ba-a333-407b-8d8a-306b7c5317a1', 'acafc5bf-c867-4a78-bdcd-142dba8b98c6', NULL, '4102 37TH AVE NE', NULL, NULL, NULL, NULL),
	('012a1e54-725c-4705-83d4-cbac70c382e1', 'acafc5bf-c867-4a78-bdcd-142dba8b98c6', NULL, '4114 36TH AVE NE', NULL, NULL, NULL, NULL),
	('be6246c9-afa4-48c9-a958-beea1816124f', 'acafc5bf-c867-4a78-bdcd-142dba8b98c6', NULL, '3607 NE 42ND ST', NULL, NULL, NULL, NULL),
	('35fcc91a-370f-49ca-8627-69e3842cc86d', 'acafc5bf-c867-4a78-bdcd-142dba8b98c6', NULL, '3613 NE 42ND ST', NULL, NULL, NULL, NULL),
	('10536096-a151-40d4-ad7f-656e885da628', 'acafc5bf-c867-4a78-bdcd-142dba8b98c6', NULL, '4117 37TH AVE NE', NULL, NULL, NULL, NULL),
	('44ab385f-dd59-4b12-a860-e44155ef226f', 'acafc5bf-c867-4a78-bdcd-142dba8b98c6', NULL, '4109 37TH AVE NE', NULL, NULL, NULL, NULL),
	('7479a872-99ae-45a9-b1d9-6a0da55801aa', 'acafc5bf-c867-4a78-bdcd-142dba8b98c6', NULL, '3612 NE 41ST ST', NULL, NULL, NULL, NULL),
	('a6126023-d910-408f-ad67-cdcfc46fa48a', 'acafc5bf-c867-4a78-bdcd-142dba8b98c6', NULL, '3606 NE 41ST ST', NULL, NULL, NULL, NULL),
	('189b8ef6-e15a-4030-b347-8b40e979a8e3', 'acafc5bf-c867-4a78-bdcd-142dba8b98c6', NULL, '4100 36TH AVE NE', NULL, NULL, NULL, NULL),
	('ad9c8958-4090-4148-a1b3-945a41894842', 'acafc5bf-c867-4a78-bdcd-142dba8b98c6', NULL, '3503 NE 42ND ST', NULL, NULL, NULL, NULL),
	('f02b795d-52b3-4f2a-b408-bb02dbcedfcd', 'acafc5bf-c867-4a78-bdcd-142dba8b98c6', NULL, '3515 NE 42ND ST', NULL, NULL, NULL, NULL),
	('96bddc6c-8875-49eb-a6b2-393bddddcea1', 'acafc5bf-c867-4a78-bdcd-142dba8b98c6', NULL, '4111 36TH AVE NE', NULL, NULL, NULL, NULL),
	('6d25224d-4c05-40f4-8a23-12bafe5d5567', 'acafc5bf-c867-4a78-bdcd-142dba8b98c6', NULL, '3510 NE 41ST ST', NULL, NULL, NULL, NULL),
	('2f104f43-4b8f-4aa4-bd8d-d66a228d9e4b', 'acafc5bf-c867-4a78-bdcd-142dba8b98c6', NULL, '3500 NE 41ST ST', NULL, NULL, NULL, NULL),
	('73a74524-16e2-484c-af50-d12b0158c1cb', '74f134a8-f122-4215-a247-cd56a8c83ccd', NULL, '3923 NE 45TH ST APT 109', NULL, NULL, NULL, NULL),
	('ac78fe21-2b9b-4ec4-8f1b-8f4d75b7f75d', '74f134a8-f122-4215-a247-cd56a8c83ccd', NULL, '3923 NE 45TH ST APT 209', NULL, NULL, NULL, NULL),
	('135fed5c-5a4d-44a4-9438-7fbc58673e30', '74f134a8-f122-4215-a247-cd56a8c83ccd', NULL, '3923 NE 45TH ST APT 309', NULL, NULL, NULL, NULL),
	('3d15ec90-ab6a-4e5a-ac01-56432fa1d146', '74f134a8-f122-4215-a247-cd56a8c83ccd', NULL, '3923 NE 45TH ST APT 409', NULL, NULL, NULL, NULL),
	('27abfb86-2c1a-461a-b695-3e565be9fb20', '74f134a8-f122-4215-a247-cd56a8c83ccd', NULL, '3923 NE 45TH ST APT 110', NULL, NULL, NULL, NULL),
	('57541576-72ac-4a48-98e2-1e83ffb19c96', '74f134a8-f122-4215-a247-cd56a8c83ccd', NULL, '3923 NE 45TH ST APT 210', NULL, NULL, NULL, NULL),
	('feb6cf46-fd6c-4702-833f-74ce4d04e55d', '74f134a8-f122-4215-a247-cd56a8c83ccd', NULL, '3923 NE 45TH ST APT 310', NULL, NULL, NULL, NULL),
	('6968a8d8-25ca-4616-91c0-9a51e2eb8ff1', '74f134a8-f122-4215-a247-cd56a8c83ccd', NULL, '3901 NE 45TH ST APT 303', NULL, NULL, NULL, NULL),
	('b7fc12c5-de12-4106-a73e-13365eb9ff53', '74f134a8-f122-4215-a247-cd56a8c83ccd', NULL, '3901 NE 45TH ST APT 403', NULL, NULL, NULL, NULL),
	('462f8231-d805-496c-ad13-ce940cd3b89d', '74f134a8-f122-4215-a247-cd56a8c83ccd', NULL, '3901 NE 45TH ST APT 103', NULL, NULL, NULL, NULL);


--
-- Data for Name: messages; Type: TABLE DATA; Schema: public; Owner: postgres
--

INSERT INTO "public"."messages" ("id", "from_id", "to_id", "urgency", "content", "sent_on") VALUES
	('f47fac52-90d7-458a-bac6-797e5c5ad599', 'd0288cae-0334-4a86-90a5-8f72f92dd97c', 'd5daa2fc-a736-4872-815f-dd8667e6f553', 'normal', 'Weekly status update: No news is good news.', '2025-10-20 15:04:44.847529'),
	('8ef6b9de-cb83-4e1b-a9b9-63893b9d8d6d', '2495cca3-1b11-4e50-a222-c8461bb47f2e', 'd5daa2fc-a736-4872-815f-dd8667e6f553', 'important', 'A new cluster meeting location has been set.', '2025-10-20 15:04:44.848125'),
	('3dfd6f65-b361-42fa-81d8-ffd48fa22ea0', '2495cca3-1b11-4e50-a222-c8461bb47f2e', 'd5daa2fc-a736-4872-815f-dd8667e6f553', 'emergency', 'Test. This is a test of the emergency notification system. Repeat: This is only a test.', '2025-10-20 15:04:44.84867');


--
-- Data for Name: operational_events; Type: TABLE DATA; Schema: public; Owner: postgres
--



--
-- Data for Name: people; Type: TABLE DATA; Schema: public; Owner: postgres
--

INSERT INTO "public"."people" ("id", "user_profile_id", "given_name", "family_name", "nickname", "is_safe", "needs_help") VALUES
	('ccd3c840-4a89-4b1a-afa5-58d6c51b8f5e', 'd0288cae-0334-4a86-90a5-8f72f92dd97c', 'Adam', 'Abacus', NULL, true, false),
	('5ddf137b-46da-45b7-aa42-806d8635d49a', '2495cca3-1b11-4e50-a222-c8461bb47f2e', 'Beth', 'Bodmas', NULL, true, false),
	('ef09d368-69c4-45ce-9558-16c3f2caf618', NULL, 'Charles', 'Calculus', NULL, true, false),
	('2eda0df5-92ef-49d9-a8dc-cc70fd8fe934', NULL, ' Debby', 'Divide', NULL, true, false),
	('3e281e8d-97d7-4a56-9314-3bb364fa59a4', NULL, 'Adam', 'Abacus', NULL, true, false),
	('43ccb6cb-440e-4bcd-ab0b-e3193049be34', NULL, 'Beth', 'Bodmas', NULL, true, false),
	('6ff564fd-eb58-40b5-8116-57664a350136', NULL, 'Charles', 'Calculus', NULL, true, false),
	('1b59368c-be39-4b46-9f81-17cc95bbc1d7', NULL, ' Debby', 'Divide', NULL, true, false);


--
-- Data for Name: people_groups; Type: TABLE DATA; Schema: public; Owner: postgres
--

INSERT INTO "public"."people_groups" ("people_id", "household_id", "notes") VALUES
	('ccd3c840-4a89-4b1a-afa5-58d6c51b8f5e', '10af73e7-5369-4829-a99d-a5eb17528250', NULL),
	('5ddf137b-46da-45b7-aa42-806d8635d49a', '10af73e7-5369-4829-a99d-a5eb17528250', NULL),
	('ef09d368-69c4-45ce-9558-16c3f2caf618', '10af73e7-5369-4829-a99d-a5eb17528250', NULL),
	('2eda0df5-92ef-49d9-a8dc-cc70fd8fe934', '10af73e7-5369-4829-a99d-a5eb17528250', NULL),
	('3e281e8d-97d7-4a56-9314-3bb364fa59a4', '7634648a-f6e8-44d5-929b-e0040e27f83f', NULL),
	('43ccb6cb-440e-4bcd-ab0b-e3193049be34', '7634648a-f6e8-44d5-929b-e0040e27f83f', NULL),
	('6ff564fd-eb58-40b5-8116-57664a350136', '7634648a-f6e8-44d5-929b-e0040e27f83f', NULL),
	('1b59368c-be39-4b46-9f81-17cc95bbc1d7', '7634648a-f6e8-44d5-929b-e0040e27f83f', NULL);


--
-- Data for Name: point_of_interest_types; Type: TABLE DATA; Schema: public; Owner: postgres
--

INSERT INTO "public"."point_of_interest_types" ("name", "icon") VALUES
	('emergency hub', 'building-shield'),
	('school', 'school'),
	('library', 'building-columns'),
	('hospital', 'hospital'),
	('church', 'place-of-worship'),
	('community center', 'building-flag'),
	('communty captain', 'circle-user'),
	('user', 'user');


--
-- Data for Name: point_of_interests; Type: TABLE DATA; Schema: public; Owner: postgres
--

INSERT INTO "public"."point_of_interests" ("id", "name", "address", "geom", "point_type_name") VALUES
	('d5ba4c16-a3b1-4761-baab-968fb5b3828c', 'Seattle Children''s Hospital', '4800 Sand Point Way NE', '010100000037FCE636C9D447405A8AE7C703925EC0', 'hospital'),
	('10edb8a4-3f25-4ef1-b58b-bda7e2d6ea42', 'Laurelhurst Elementary School', '4530 46th Ave NE', '010100000024E6CBE4C2D44740C276A142C8915EC0', 'school'),
	('50fe3787-9861-42db-867c-d9e8bf599068', 'Laurelhurst Community Center', '4554 NE 41st St', '01010000005695171F5FD447400C80CAA8C8915EC0', 'community center'),
	('982caf3e-8268-4875-91d8-7421f3bb0717', 'Villa Academy', '5001 NE 50th St', '010100000013944CC5F9D44740B450E3CC79915EC0', 'school'),
	('57ecc026-17b2-43d5-89f7-ed8bb7a3ae16', 'St. Stephen''s Episcopal Church', '4805 NE 45th St', '0101000000CDA49A5D9FD447407A1B62E7A8915EC0', 'church'),
	('9dbd899c-d1d4-4c23-a365-7da7553827b9', 'Seattle Community Church', '4501 46th Ave NE', '01010000007F5AC594AAD447402EB65B9CD4915EC0', 'church'),
	('5bdeb23b-bcc6-4bf5-b7e1-5deb0f971f92', 'St. Bridget Catholic Church', '4900 NE 50th St', '010100000098D2C8BB27D54740732EEDC392915EC0', 'church'),
	('ea75a0c0-84a2-41a0-924b-b04e351f59ec', 'Seattle Children''s Hospital', '4800 Sand Point Way NE', '010100000037FCE636C9D447405A8AE7C703925EC0', 'hospital'),
	('52f86b72-434e-4f05-b735-a5e256e25114', 'Laurelhurst Elementary School', '4530 46th Ave NE', '010100000024E6CBE4C2D44740C276A142C8915EC0', 'school'),
	('d22011f5-6eac-4e42-ac56-e1bc0ef4d996', 'Laurelhurst Community Center', '4554 NE 41st St', '01010000005695171F5FD447400C80CAA8C8915EC0', 'community center'),
	('40b4f1f9-4a22-4dd7-931a-15e1ee41d412', 'Villa Academy', '5001 NE 50th St', '010100000013944CC5F9D44740B450E3CC79915EC0', 'school'),
	('8ea2b725-18d1-46c4-9f18-5d425a382e37', 'St. Stephen''s Episcopal Church', '4805 NE 45th St', '0101000000CDA49A5D9FD447407A1B62E7A8915EC0', 'church'),
	('12b1efa2-1318-4328-8667-5d481f7853b1', 'Seattle Community Church', '4501 46th Ave NE', '01010000007F5AC594AAD447402EB65B9CD4915EC0', 'church'),
	('988c6f26-6723-42aa-8802-6fc24295a159', 'St. Bridget Catholic Church', '4900 NE 50th St', '010100000098D2C8BB27D54740732EEDC392915EC0', 'church');


--
-- Data for Name: resource_subtype_tags; Type: TABLE DATA; Schema: public; Owner: postgres
--



--
-- Data for Name: resource_types; Type: TABLE DATA; Schema: public; Owner: postgres
--

INSERT INTO "public"."resource_types" ("id", "name", "description") VALUES
	('ef760c01-f1ad-4ee6-8358-4e45e584a010', 'Durable', 'These are physical instruments and devices that help you perform specific tasks, such as repairs, navigation, or building shelters during an emergency.'),
	('ca82db9c-b9bf-4d00-b84a-606c8581407b', 'Consumable', 'These are essential supplies, including food, water, and personal hygiene products that are consumed or used up during an emergency.'),
	('a8d10b9f-e21a-4a31-bc73-1fedc1367cad', 'Skill', 'These are the skills and knowledge that individuals or groups should possess or develop in preparation for an emergency.'),
	('80ae341f-696a-4d5c-abf8-c88c30d9571b', 'Durable', 'These are physical instruments and devices that help you perform specific tasks, such as repairs, navigation, or building shelters during an emergency.'),
	('27240d09-ab7c-4e0a-baab-2b02006c1f75', 'Consumable', 'These are essential supplies, including food, water, and personal hygiene products that are consumed or used up during an emergency.'),
	('d28dc694-8ef1-4d34-ad54-e94c322a3dfc', 'Skill', 'These are the skills and knowledge that individuals or groups should possess or develop in preparation for an emergency.');


--
-- Data for Name: resources_cv; Type: TABLE DATA; Schema: public; Owner: postgres
--

INSERT INTO "public"."resources_cv" ("id", "name", "description") VALUES
	('bf911275-af85-45af-9ec3-a0f6ee2ff78c', 'Water', 'One gallon per person per day for at least three days for drinking and sanitation'),
	('4bbad596-1d07-49d3-9323-39a1ef656746', 'Non-perishable food', 'Three-day supply of ready-to-eat canned goods protein bars cereals nuts'),
	('3a80c6bc-a7aa-4f94-99bb-e4273da63fcd', 'Manual can opener', 'To open canned food if necessary'),
	('c1c707ea-528c-47f8-a5cb-9ce0c83ea958', 'Medications', 'Prescription and non-prescription medicines such as pain relievers and antacids'),
	('c57680c0-d12b-4f67-919f-58e5b617497d', 'First-aid kit', 'Includes bandages antiseptics painkillers tweezers and burn ointments'),
	('988249b7-0e81-468d-880c-dd59f2f61d80', 'Personal hygiene products', 'Soap hand sanitizer wet wipes feminine hygiene products and diapers if needed'),
	('a26d727b-5630-47ac-b6c0-f4f03f89828c', 'Flashlights', 'LED flashlights with extra batteries for emergency lighting'),
	('d6269403-b2fe-4176-bb85-45b3b02eed4f', 'Emergency blankets', 'To keep warm in cold weather'),
	('4bfcf527-18b2-4ee4-8880-ebc94c00ac0f', 'Water purification tablets', 'To treat water if supplies run out or are contaminated'),
	('01b5ef30-9087-43ea-93ea-2ccb3c0197c2', 'Protein bars', 'High-energy food for quick nutrition'),
	('b740d02b-57fc-41e7-87ee-20ebffd16dc6', 'Dried fruit', 'Non-perishable nutritious snack'),
	('5775b619-a4e9-4364-a91a-ec4f5465d9a0', 'Instant coffee or tea', 'Quick beverages for comfort and energy'),
	('e87399a4-d3dd-4db6-825c-9096da55e145', 'Baby formula', 'For infants if needed'),
	('5c251ba9-819b-451d-87d6-6ac5220ea0f5', 'Pet food', 'Supplies for pets in the household'),
	('2133636b-590f-4812-8a32-bcb4a7646fdd', 'Matches and lighter', 'To light fires for cooking or warmth'),
	('716aae26-45c7-4367-a836-32bc1229d9fa', 'Waterproof containers', 'To keep important documents dry'),
	('f10c95be-fb1c-4634-9a6c-1d74574b132d', 'Garbage bags', 'For sanitation and waste disposal'),
	('62dd93dc-6d52-47af-a537-a43bb287b134', 'Moist towelettes', 'For personal sanitation'),
	('3f598fe1-cd06-42d6-93dc-fa27172bc3a8', 'Toilet paper', 'For hygiene purposes'),
	('420b46d4-3519-48d4-a26f-546628d993b8', 'Plastic utensils and cups', 'For eating in case regular utensils are unavailable'),
	('bf146a51-b9bd-4866-9d96-9e1c6fe7874c', 'Paper towels', 'For cleaning and hygiene'),
	('2ddee020-ab73-4987-8d1f-810faf243979', 'Ready-to-eat canned fruits and vegetables', 'Quick meals and nutritional value'),
	('f4655b7c-6578-46a2-b7fe-120f92d84d98', 'Hard candies', 'For energy and morale boost'),
	('f65f946c-58f3-4574-8460-7b5b96283464', 'Multi-tool', 'Versatile tool for cutting screwing and minor repairs'),
	('7b8aa0e8-02a0-4919-9d3b-6784f4fd9da7', 'Battery-powered radio', 'To receive emergency alerts and information'),
	('c3e14044-0ddb-4de5-af45-24f0ec16bf56', 'Dust masks', 'For protection against contaminated air'),
	('00fff18d-ee55-466b-87fb-43b64c5ecb86', 'Whistle', 'To signal for help in case of emergency'),
	('5ce90735-897e-49fe-9499-7720854a733a', 'Plastic sheeting and duct tape', 'For sheltering in place or protecting against elements'),
	('7a9502a4-8646-4e05-b73a-412c735d6db8', 'Fire extinguisher', 'Class ABC fire extinguisher for general fire safety'),
	('b02b4c88-8144-4324-9a94-3b6d8d40ade1', 'Paracord', 'Strong versatile cord for multiple uses'),
	('ed4bcec5-a8f3-4c6f-ad80-02d916f5e9c7', 'Swiss Army knife', 'Compact multi-purpose tool'),
	('050377a1-cb28-4247-b749-ed562b14350c', 'Hammer', 'For basic repairs and shelter construction'),
	('5b02008e-5b20-4006-9887-2ad6987fba3f', 'Screwdriver', 'For minor fixes and adjustments'),
	('0c49aeea-4ef0-474b-9a4a-4e4fb828a73a', 'Pliers', 'For gripping cutting and other basic repairs'),
	('041b9469-76fe-40ce-b780-bad2069ea24b', 'Safety pins', 'For securing items or basic repairs'),
	('b102571a-2ba8-463c-ba73-b958fd3fa467', 'Work gloves', 'Heavy-duty gloves for protection during manual labor'),
	('1331231b-360b-46df-beca-ff0e51f150d4', 'Hatchet or axe', 'For cutting wood or clearing debris'),
	('bf69dca0-e68e-47ea-b51f-a817d7bc2cf9', 'Folding shovel', 'For digging and clearing'),
	('f3449774-457b-4b3c-953b-eda1b7c51552', 'Crowbar', 'For prying open doors or removing debris'),
	('24026ed8-903a-43c6-9e2a-ecfcdfdeb230', 'Compass', 'For navigation if GPS is unavailable'),
	('de2079af-7d51-4d70-bacf-d264deaa62ce', 'Map of the area', 'For navigation in case evacuation is required'),
	('fb88b0e2-46a3-4339-9c8b-4ffec2eedd05', 'Rope or bungee cords', 'For securing items or building shelter'),
	('00eb49f6-9674-4402-a85d-d5a89a44a20e', 'Zip ties', 'For quick and temporary securing of objects'),
	('0983e9ca-e01f-42e7-8a95-1e87f7c605a7', 'Waterproof matches', 'For fire starting in wet conditions'),
	('776147f6-063b-4a35-89f6-663f0e99fb51', 'Camping stove', 'Portable cooking source'),
	('9a34e3f4-ddcd-4b23-9acd-e0b17c5a4b30', 'Extra fuel', 'For cooking and heating'),
	('d2d724ce-fb88-4cd2-baff-455dc9d94aab', 'Survival whistle', 'To signal for help in open areas'),
	('6784d89a-b35d-424b-b47c-3a11d99e3e08', 'Glow sticks', 'For nighttime visibility without batteries'),
	('ff1d3f0e-98da-4d5c-ba30-37b8e6d7e604', 'Fishing kit', 'For obtaining food in survival situations'),
	('337e60e4-692c-42bf-8840-ff7d154f8397', 'Hiking boots', 'For walking long distances'),
	('3e8eb655-03e9-431a-aa59-25c790363072', 'Sleeping bag', 'For warmth and shelter in cold environments'),
	('47320e94-b78d-46d7-bf26-26de012242b1', 'Gas shut-off wrench', 'To turn off gas supply in case of leaks'),
	('d67d2e56-2bac-4d68-b357-dd8e09380398', 'Flares', 'For signaling in low-visibility situations'),
	('1f6175b1-b6d2-409d-8f21-e7a3549b327d', 'Heavy-duty plastic bags', 'For trash or to use as waterproofing'),
	('1c924ff7-a5c0-4062-a48a-5aa23551b4b7', 'Bungee cords', 'For securing or bundling items'),
	('b92b209b-5682-4257-a592-ffc862a1ef6b', 'Chain saw', 'For cutting down large trees or clearing debris if trained'),
	('35255c34-514e-4c07-afde-d3cd397e582b', 'Emergency tent', 'For shelter in case of evacuation'),
	('a365c443-ec85-4fe9-ac06-25dd170b5144', 'First-aid knowledge', 'Ability to administer basic medical care and CPR'),
	('dd6fda09-57ba-48e1-9cc5-ca663916316a', 'Fire safety and evacuation', 'Knowledge of how to extinguish small fires and follow evacuation routes'),
	('104976f0-cc97-41c8-9fdc-94bc57e16f8f', 'Communication skills', 'Knowing how to relay information to emergency responders or communicate within your group'),
	('96eeb5c4-f3fd-45fb-b912-9a75ecc09858', 'Search and rescue basics', 'Ability to assist in locating missing persons or help in local emergency operations'),
	('d25920ed-ef0e-42e7-ab88-7c7b46d46521', 'Navigation skills', 'Use of maps compasses or GPS to navigate in case of disorientation'),
	('9c8352c9-d8b1-4111-9c27-f90d7d21cdec', 'Water purification techniques', 'Knowledge of filtering boiling or using chemicals to make water drinkable'),
	('efbf117a-0f62-425e-9eaf-ba66e609e3ae', 'Ham radio operation', 'Ability to use amateur radios for communication if cellular networks fail'),
	('1cffdd78-99b7-49ca-aa87-b4a18dd1d664', 'Cooking without electricity', 'Knowledge of alternative cooking methods such as camp stoves or fire pits'),
	('d5d08142-3d27-4792-99c1-5b612df47c7b', 'Knot-tying', 'Ability to tie secure knots for building shelter or securing objects'),
	('f1e500e4-86e2-4edb-bef5-55159ee4ed2d', 'Fire starting', 'Ability to safely and effectively start a fire using matches lighters or fire starters'),
	('2e5c6d00-f8e5-4dea-828c-eee9a7277f0a', 'Survival shelter construction', 'Ability to build temporary shelters using materials on hand'),
	('4b062c27-a9d3-462a-8fdf-a122ce95a0f7', 'Evacuation planning', 'Understanding of local evacuation routes and plans'),
	('f9ee98e6-c891-4785-b53e-24c627c85979', 'Home security', 'Knowledge of how to secure your home in case of emergency or evacuation'),
	('718a0ca2-2eb8-4b68-ab43-7469f18ded6d', 'Bartering skills', 'Ability to trade goods and services in case of long-term supply disruptions'),
	('5a2deaa9-a582-4a09-8102-b7b8befebab2', 'Sanitation knowledge', 'Ability to maintain personal and group hygiene without running water'),
	('b27e6aa5-1e3c-44bc-ab7d-a4da4899d47f', 'Emergency tent', 'For shelter in case of evacuation'),
	('df7d49fa-3fd7-4dca-8d95-95e4f59a5171', 'Vehicle maintenance', 'Basic ability to troubleshoot or repair vehicle issues such as changing tires or jump-starting'),
	('a64d5f44-eabe-44d4-a278-ee3cb7eb424e', 'Food preservation', 'Knowledge of how to preserve food without refrigeration'),
	('296a9f0e-9795-4697-8451-780ea6d94e06', 'Animal care', 'Ability to care for pets and livestock in emergency situations'),
	('1392e885-2e09-4208-9244-d9aa0d5737c1', 'Swimming skills', 'To help in flood situations or water rescues'),
	('6c97c9ea-badb-4911-9a24-64139738535f', 'Mechanical repair', 'Knowledge of basic mechanical repairs such as generators or small engines'),
	('9cdf98fd-2c08-443f-bead-83a595211024', 'Heavy lifting', 'Ability to lift and move heavy objects safely'),
	('ca69f188-1b71-4c5c-9572-c01109294642', 'Rationing supplies', 'Knowledge of how to stretch food water and other supplies for long periods'),
	('45ed17e9-ec93-4814-94c8-6e2fa9c2c64c', 'Team leadership', 'Ability to organize and direct group efforts during emergencies'),
	('c0b50f12-5d1a-4cbe-a4e9-eed62fbf3a46', 'Conflict resolution', 'Skills for defusing tensions in stressful situations'),
	('61071fb6-b772-4332-8ccd-801b9e99de9e', 'Childcare in emergencies', 'Knowledge of how to care for children in disaster scenarios'),
	('2ed7f13b-99de-4d20-b402-8deb53725e95', 'Pet evacuation planning', 'Understanding of how to safely evacuate pets with you'),
	('35eba645-0de1-41d8-a127-f791041b1d12', 'Physical fitness', 'Maintaining fitness to handle physically demanding situations'),
	('8af14abe-4ffa-49a3-be90-e4959a1fc173', 'Tool usage', 'Knowing how to use manual tools like hammers saws and axes'),
	('32394f30-3a87-48e0-bac9-8d48b0017e90', 'Stress management', 'Techniques for staying calm and focused during crises'),
	('9ad2a3fb-5e99-41af-89ea-a6653fddbbb7', 'Emergency communication plans', 'Knowledge of how to stay in touch with family and emergency contacts'),
	('891e6ebf-1bfe-463f-985f-3d21025e2300', 'Fitness for hiking', 'Ability to walk long distances if transportation is unavailable'),
	('9cbf8350-0584-447b-84ce-9c0a6ea0da4d', 'Building repairs', 'Knowledge of how to fix minor structural issues in homes or shelters'),
	('d47cca57-2e4a-4fc5-b87f-e5017fab814e', 'Hunting and gathering skills', 'Ability to obtain food in wilderness survival situations'),
	('f30e05fb-0e58-4e4b-9261-e95612a9b33d', 'Water', 'One gallon per person per day for at least three days for drinking and sanitation'),
	('8a3870bf-9fd3-4136-ac1d-e06721201a4b', 'Non-perishable food', 'Three-day supply of ready-to-eat canned goods protein bars cereals nuts'),
	('cbcdc611-c8cc-4276-accd-8d171909d62f', 'Manual can opener', 'To open canned food if necessary'),
	('908ea093-7fbd-454a-9043-1b2b96010162', 'Medications', 'Prescription and non-prescription medicines such as pain relievers and antacids'),
	('f6b66813-9f4a-4499-8a9a-6c0f7b8c0b16', 'First-aid kit', 'Includes bandages antiseptics painkillers tweezers and burn ointments'),
	('c666caa6-1527-46a6-be0a-95bd15b89e00', 'Personal hygiene products', 'Soap hand sanitizer wet wipes feminine hygiene products and diapers if needed'),
	('e7a0c8d4-44ff-4bbb-bb34-8a64e402a08a', 'Flashlights', 'LED flashlights with extra batteries for emergency lighting'),
	('8f8e8e74-4d47-44fb-913a-d317734c5439', 'Emergency blankets', 'To keep warm in cold weather'),
	('41089e83-d82b-40dd-92c1-4689d4dde268', 'Water purification tablets', 'To treat water if supplies run out or are contaminated'),
	('990ec1ef-bd69-4f9e-8274-96db2f9e13b7', 'Protein bars', 'High-energy food for quick nutrition'),
	('ff825cb2-6e4a-428d-8730-9dd63d973071', 'Dried fruit', 'Non-perishable nutritious snack'),
	('256717f5-6661-4c6a-b2b3-4c4d56af33a8', 'Instant coffee or tea', 'Quick beverages for comfort and energy'),
	('a8a7bed6-6d7b-4dbc-be3f-a19aa836491d', 'Baby formula', 'For infants if needed'),
	('d886f705-6024-4f5f-8a5f-73f6e42b562c', 'Pet food', 'Supplies for pets in the household'),
	('18bc1913-41a8-4ca3-b027-5f7c2869a8b8', 'Matches and lighter', 'To light fires for cooking or warmth'),
	('169759c6-00f1-4813-8173-2445b7403244', 'Waterproof containers', 'To keep important documents dry'),
	('838a56d5-dd1a-47de-825b-7fa4c7850d3a', 'Garbage bags', 'For sanitation and waste disposal'),
	('bf10ef09-92f5-4405-9623-0f8ae7abd86c', 'Moist towelettes', 'For personal sanitation'),
	('98f684f2-1bf9-4cee-b615-e23692fdcc6f', 'Toilet paper', 'For hygiene purposes'),
	('0efa269b-ee31-4458-a177-44e2f4a09a1c', 'Plastic utensils and cups', 'For eating in case regular utensils are unavailable'),
	('48eb055e-ba0b-426a-9379-c7da19c387e1', 'Paper towels', 'For cleaning and hygiene'),
	('2213cb03-2590-4006-a190-8159decb55ae', 'Ready-to-eat canned fruits and vegetables', 'Quick meals and nutritional value'),
	('9179d025-4a2f-46ed-931f-0b22fb65cb71', 'Hard candies', 'For energy and morale boost'),
	('8d0f50ef-0aa8-4965-b8c2-8b2fdc0a18e8', 'Multi-tool', 'Versatile tool for cutting screwing and minor repairs'),
	('3edf36f3-b2cf-4fc1-b848-034c395fd878', 'Battery-powered radio', 'To receive emergency alerts and information'),
	('cec47b24-834d-4d7b-a934-8239ae81a1c8', 'Dust masks', 'For protection against contaminated air'),
	('5e0eee4a-cf80-4dd6-9770-815706d15fb2', 'Whistle', 'To signal for help in case of emergency'),
	('af99bfa9-b2cb-41e1-abf6-c4e518e2a204', 'Plastic sheeting and duct tape', 'For sheltering in place or protecting against elements'),
	('8599dab9-1b02-43ae-a3c1-880e49e5dd35', 'Fire extinguisher', 'Class ABC fire extinguisher for general fire safety'),
	('bffcd880-0501-4b16-b136-e319f866824e', 'Paracord', 'Strong versatile cord for multiple uses'),
	('dbdd96d0-3e15-415e-b1bd-82ab9b356e55', 'Swiss Army knife', 'Compact multi-purpose tool'),
	('e8724f5a-1156-4515-9100-d126bcaa7e3e', 'Hammer', 'For basic repairs and shelter construction'),
	('3d226dd6-a1aa-4d47-b768-a9fe9faa665c', 'Screwdriver', 'For minor fixes and adjustments'),
	('f9d9f1c8-913a-481e-a4b2-348f19f56c30', 'Pliers', 'For gripping cutting and other basic repairs'),
	('09fe1648-639b-4749-ab95-4246f718bd01', 'Safety pins', 'For securing items or basic repairs'),
	('05174833-33da-4f3f-80fa-2a8cb444eda0', 'Work gloves', 'Heavy-duty gloves for protection during manual labor'),
	('aaacfffd-5f50-4482-b006-fa4dfd90b862', 'Hatchet or axe', 'For cutting wood or clearing debris'),
	('c3441bf6-f0bd-43b8-b948-8b6fb8c7ef5b', 'Folding shovel', 'For digging and clearing'),
	('81b13b19-aafa-4ffa-b751-9be30f2a209c', 'Crowbar', 'For prying open doors or removing debris'),
	('c4cc8415-f50e-4151-a835-59561898affe', 'Compass', 'For navigation if GPS is unavailable'),
	('237b99e6-372e-42ec-92f2-5fcddf0a9745', 'Map of the area', 'For navigation in case evacuation is required'),
	('447dca9a-8016-4bfb-90ce-a7fef30265c8', 'Rope or bungee cords', 'For securing items or building shelter'),
	('cd936080-d858-495b-a68e-41e6cd2eb88b', 'Zip ties', 'For quick and temporary securing of objects'),
	('2b2ee188-3b22-4d6a-914c-1ecc8c90018f', 'Waterproof matches', 'For fire starting in wet conditions'),
	('f068fcd3-5f25-4127-a784-d60d2c6d73f3', 'Camping stove', 'Portable cooking source'),
	('60b89b8f-fe22-461a-a938-f8e0e88b7c24', 'Extra fuel', 'For cooking and heating'),
	('625345da-32eb-4b99-9e18-4646f25b847b', 'Survival whistle', 'To signal for help in open areas'),
	('633faeb4-b3f0-4ae9-b03b-10c7ac9eb50e', 'Glow sticks', 'For nighttime visibility without batteries'),
	('c5f28f45-3653-43c8-a6a9-ff67da75ed72', 'Fishing kit', 'For obtaining food in survival situations'),
	('b473b179-bc51-4ce9-a3b6-44986522fb53', 'Hiking boots', 'For walking long distances'),
	('28f4608c-9ac6-4668-9c1b-2180dab84d7b', 'Sleeping bag', 'For warmth and shelter in cold environments'),
	('87682e15-3b55-46d8-b51d-1807ebec4351', 'Gas shut-off wrench', 'To turn off gas supply in case of leaks'),
	('f6d57452-eb94-4f4c-a6d7-bf15e3498c76', 'Flares', 'For signaling in low-visibility situations'),
	('bbd9f19a-b6b6-4091-97e8-e1a27112871d', 'Heavy-duty plastic bags', 'For trash or to use as waterproofing'),
	('a70277f3-7b90-4d2b-ab86-1f9f16296889', 'Bungee cords', 'For securing or bundling items'),
	('939f7694-d442-472f-8b86-dc679b9e41e9', 'Chain saw', 'For cutting down large trees or clearing debris if trained'),
	('d049594e-04ff-4105-a84c-c139d014b50d', 'First-aid knowledge', 'Ability to administer basic medical care and CPR'),
	('02600661-c337-4799-9e68-d04176b5dd86', 'Fire safety and evacuation', 'Knowledge of how to extinguish small fires and follow evacuation routes'),
	('caace2fd-11c2-461e-8887-58982b04ae3c', 'Communication skills', 'Knowing how to relay information to emergency responders or communicate within your group'),
	('d9e5d6bc-d8da-47eb-84ef-bc9d4961f4a9', 'Search and rescue basics', 'Ability to assist in locating missing persons or help in local emergency operations'),
	('23c0a006-a140-4f1b-a358-236c34acfda7', 'Navigation skills', 'Use of maps compasses or GPS to navigate in case of disorientation'),
	('ae510626-4110-40ba-9773-bf1f46e79762', 'Water purification techniques', 'Knowledge of filtering boiling or using chemicals to make water drinkable'),
	('c38a26a9-6eaf-4467-a684-c851f6b7ad61', 'Ham radio operation', 'Ability to use amateur radios for communication if cellular networks fail'),
	('6c6e35f1-0d05-4f36-9cce-087d17fd1b39', 'Cooking without electricity', 'Knowledge of alternative cooking methods such as camp stoves or fire pits'),
	('18da8cdc-4842-4d40-afd0-a4a34327f058', 'Knot-tying', 'Ability to tie secure knots for building shelter or securing objects'),
	('e35c3843-3a56-4ce3-91dd-ed152a336715', 'Fire starting', 'Ability to safely and effectively start a fire using matches lighters or fire starters'),
	('b89c39c1-4351-4890-b733-5208167d3b33', 'Survival shelter construction', 'Ability to build temporary shelters using materials on hand'),
	('c41a138f-e1c8-4579-a281-d2ac31ed56fc', 'Evacuation planning', 'Understanding of local evacuation routes and plans'),
	('117aaf80-7de4-43c9-8e56-5937c124a04e', 'Home security', 'Knowledge of how to secure your home in case of emergency or evacuation'),
	('0eccc0c9-4b86-4422-9a47-cc64bf58470f', 'Bartering skills', 'Ability to trade goods and services in case of long-term supply disruptions'),
	('ddfb4088-49b7-4188-8603-f21711c8138a', 'Sanitation knowledge', 'Ability to maintain personal and group hygiene without running water'),
	('6c51e193-c162-45b1-83c0-952ca78253d7', 'Vehicle maintenance', 'Basic ability to troubleshoot or repair vehicle issues such as changing tires or jump-starting'),
	('5019cf3a-1dac-4515-88a2-ee010ea7b413', 'Food preservation', 'Knowledge of how to preserve food without refrigeration'),
	('3fd26cbf-3b85-4fac-99c1-792ded2aa965', 'Animal care', 'Ability to care for pets and livestock in emergency situations'),
	('776d2cef-2c14-4045-8370-c1ae4f37b889', 'Swimming skills', 'To help in flood situations or water rescues'),
	('5d0bc75c-bb99-4a93-ad91-0c4dc6c006f9', 'Mechanical repair', 'Knowledge of basic mechanical repairs such as generators or small engines'),
	('7c6a19b8-e2c8-4cdf-922c-08d3b05ff4f7', 'Heavy lifting', 'Ability to lift and move heavy objects safely'),
	('97fd789d-0c83-47f1-abad-6390269d908f', 'Rationing supplies', 'Knowledge of how to stretch food water and other supplies for long periods'),
	('4812c397-8215-4302-98aa-5efd4c790ba5', 'Team leadership', 'Ability to organize and direct group efforts during emergencies'),
	('6b2b2695-73e8-4b3b-bda0-d08dd3f92434', 'Conflict resolution', 'Skills for defusing tensions in stressful situations'),
	('a43215e5-48be-42cf-b531-ad56069d52c5', 'Childcare in emergencies', 'Knowledge of how to care for children in disaster scenarios'),
	('0cffabd7-921d-42ca-8cd4-72f958e27ea8', 'Pet evacuation planning', 'Understanding of how to safely evacuate pets with you'),
	('13aa0846-0c9c-4baf-acf3-83ce5b1158b0', 'Physical fitness', 'Maintaining fitness to handle physically demanding situations'),
	('d142364f-a56d-49eb-ad0d-7322ca4fd5c9', 'Tool usage', 'Knowing how to use manual tools like hammers saws and axes'),
	('47e163e8-5f34-47c5-bd0f-dde38bdf1512', 'Stress management', 'Techniques for staying calm and focused during crises'),
	('17e56bbb-0eb3-47f2-812f-0e88c421b5f6', 'Emergency communication plans', 'Knowledge of how to stay in touch with family and emergency contacts'),
	('6ea1bf7a-7e45-4e6d-bd94-3bdb15a60982', 'Fitness for hiking', 'Ability to walk long distances if transportation is unavailable'),
	('c8a601f3-c83e-45e6-8c4d-0cc46ccdc13a', 'Building repairs', 'Knowledge of how to fix minor structural issues in homes or shelters'),
	('e0e8ddc0-44fd-4471-9e1f-f963a93783e1', 'Hunting and gathering skills', 'Ability to obtain food in wilderness survival situations');


--
-- Data for Name: resources; Type: TABLE DATA; Schema: public; Owner: postgres
--

INSERT INTO "public"."resources" ("resource_cv_id", "resource_type_id", "notes", "qty_needed", "qty_available") VALUES
	('bf911275-af85-45af-9ec3-a0f6ee2ff78c', 'ca82db9c-b9bf-4d00-b84a-606c8581407b', NULL, 0, 0),
	('4bbad596-1d07-49d3-9323-39a1ef656746', 'ca82db9c-b9bf-4d00-b84a-606c8581407b', NULL, 0, 0),
	('3a80c6bc-a7aa-4f94-99bb-e4273da63fcd', 'ca82db9c-b9bf-4d00-b84a-606c8581407b', NULL, 0, 0),
	('c1c707ea-528c-47f8-a5cb-9ce0c83ea958', 'ca82db9c-b9bf-4d00-b84a-606c8581407b', NULL, 0, 0),
	('c57680c0-d12b-4f67-919f-58e5b617497d', 'ca82db9c-b9bf-4d00-b84a-606c8581407b', NULL, 0, 0),
	('988249b7-0e81-468d-880c-dd59f2f61d80', 'ca82db9c-b9bf-4d00-b84a-606c8581407b', NULL, 0, 0),
	('a26d727b-5630-47ac-b6c0-f4f03f89828c', 'ca82db9c-b9bf-4d00-b84a-606c8581407b', NULL, 0, 0),
	('d6269403-b2fe-4176-bb85-45b3b02eed4f', 'ca82db9c-b9bf-4d00-b84a-606c8581407b', NULL, 0, 0),
	('4bfcf527-18b2-4ee4-8880-ebc94c00ac0f', 'ca82db9c-b9bf-4d00-b84a-606c8581407b', NULL, 0, 0),
	('01b5ef30-9087-43ea-93ea-2ccb3c0197c2', 'ca82db9c-b9bf-4d00-b84a-606c8581407b', NULL, 0, 0),
	('b740d02b-57fc-41e7-87ee-20ebffd16dc6', 'ca82db9c-b9bf-4d00-b84a-606c8581407b', NULL, 0, 0),
	('5775b619-a4e9-4364-a91a-ec4f5465d9a0', 'ca82db9c-b9bf-4d00-b84a-606c8581407b', NULL, 0, 0),
	('e87399a4-d3dd-4db6-825c-9096da55e145', 'ca82db9c-b9bf-4d00-b84a-606c8581407b', NULL, 0, 0),
	('5c251ba9-819b-451d-87d6-6ac5220ea0f5', 'ca82db9c-b9bf-4d00-b84a-606c8581407b', NULL, 0, 0),
	('2133636b-590f-4812-8a32-bcb4a7646fdd', 'ca82db9c-b9bf-4d00-b84a-606c8581407b', NULL, 0, 0),
	('716aae26-45c7-4367-a836-32bc1229d9fa', 'ca82db9c-b9bf-4d00-b84a-606c8581407b', NULL, 0, 0),
	('f10c95be-fb1c-4634-9a6c-1d74574b132d', 'ca82db9c-b9bf-4d00-b84a-606c8581407b', NULL, 0, 0),
	('62dd93dc-6d52-47af-a537-a43bb287b134', 'ca82db9c-b9bf-4d00-b84a-606c8581407b', NULL, 0, 0),
	('3f598fe1-cd06-42d6-93dc-fa27172bc3a8', 'ca82db9c-b9bf-4d00-b84a-606c8581407b', NULL, 0, 0),
	('420b46d4-3519-48d4-a26f-546628d993b8', 'ca82db9c-b9bf-4d00-b84a-606c8581407b', NULL, 0, 0),
	('bf146a51-b9bd-4866-9d96-9e1c6fe7874c', 'ca82db9c-b9bf-4d00-b84a-606c8581407b', NULL, 0, 0),
	('2ddee020-ab73-4987-8d1f-810faf243979', 'ca82db9c-b9bf-4d00-b84a-606c8581407b', NULL, 0, 0),
	('f4655b7c-6578-46a2-b7fe-120f92d84d98', 'ca82db9c-b9bf-4d00-b84a-606c8581407b', NULL, 0, 0),
	('f65f946c-58f3-4574-8460-7b5b96283464', 'ef760c01-f1ad-4ee6-8358-4e45e584a010', NULL, 0, 0),
	('7b8aa0e8-02a0-4919-9d3b-6784f4fd9da7', 'ef760c01-f1ad-4ee6-8358-4e45e584a010', NULL, 0, 0),
	('c3e14044-0ddb-4de5-af45-24f0ec16bf56', 'ef760c01-f1ad-4ee6-8358-4e45e584a010', NULL, 0, 0),
	('00fff18d-ee55-466b-87fb-43b64c5ecb86', 'ef760c01-f1ad-4ee6-8358-4e45e584a010', NULL, 0, 0),
	('5ce90735-897e-49fe-9499-7720854a733a', 'ef760c01-f1ad-4ee6-8358-4e45e584a010', NULL, 0, 0),
	('7a9502a4-8646-4e05-b73a-412c735d6db8', 'ef760c01-f1ad-4ee6-8358-4e45e584a010', NULL, 0, 0),
	('b02b4c88-8144-4324-9a94-3b6d8d40ade1', 'ef760c01-f1ad-4ee6-8358-4e45e584a010', NULL, 0, 0),
	('ed4bcec5-a8f3-4c6f-ad80-02d916f5e9c7', 'ef760c01-f1ad-4ee6-8358-4e45e584a010', NULL, 0, 0),
	('050377a1-cb28-4247-b749-ed562b14350c', 'ef760c01-f1ad-4ee6-8358-4e45e584a010', NULL, 0, 0),
	('5b02008e-5b20-4006-9887-2ad6987fba3f', 'ef760c01-f1ad-4ee6-8358-4e45e584a010', NULL, 0, 0),
	('0c49aeea-4ef0-474b-9a4a-4e4fb828a73a', 'ef760c01-f1ad-4ee6-8358-4e45e584a010', NULL, 0, 0),
	('041b9469-76fe-40ce-b780-bad2069ea24b', 'ef760c01-f1ad-4ee6-8358-4e45e584a010', NULL, 0, 0),
	('b102571a-2ba8-463c-ba73-b958fd3fa467', 'ef760c01-f1ad-4ee6-8358-4e45e584a010', NULL, 0, 0),
	('1331231b-360b-46df-beca-ff0e51f150d4', 'ef760c01-f1ad-4ee6-8358-4e45e584a010', NULL, 0, 0),
	('bf69dca0-e68e-47ea-b51f-a817d7bc2cf9', 'ef760c01-f1ad-4ee6-8358-4e45e584a010', NULL, 0, 0),
	('f3449774-457b-4b3c-953b-eda1b7c51552', 'ef760c01-f1ad-4ee6-8358-4e45e584a010', NULL, 0, 0),
	('24026ed8-903a-43c6-9e2a-ecfcdfdeb230', 'ef760c01-f1ad-4ee6-8358-4e45e584a010', NULL, 0, 0),
	('de2079af-7d51-4d70-bacf-d264deaa62ce', 'ef760c01-f1ad-4ee6-8358-4e45e584a010', NULL, 0, 0),
	('fb88b0e2-46a3-4339-9c8b-4ffec2eedd05', 'ef760c01-f1ad-4ee6-8358-4e45e584a010', NULL, 0, 0),
	('00eb49f6-9674-4402-a85d-d5a89a44a20e', 'ef760c01-f1ad-4ee6-8358-4e45e584a010', NULL, 0, 0),
	('0983e9ca-e01f-42e7-8a95-1e87f7c605a7', 'ef760c01-f1ad-4ee6-8358-4e45e584a010', NULL, 0, 0),
	('776147f6-063b-4a35-89f6-663f0e99fb51', 'ef760c01-f1ad-4ee6-8358-4e45e584a010', NULL, 0, 0),
	('9a34e3f4-ddcd-4b23-9acd-e0b17c5a4b30', 'ef760c01-f1ad-4ee6-8358-4e45e584a010', NULL, 0, 0),
	('d2d724ce-fb88-4cd2-baff-455dc9d94aab', 'ef760c01-f1ad-4ee6-8358-4e45e584a010', NULL, 0, 0),
	('6784d89a-b35d-424b-b47c-3a11d99e3e08', 'ef760c01-f1ad-4ee6-8358-4e45e584a010', NULL, 0, 0),
	('ff1d3f0e-98da-4d5c-ba30-37b8e6d7e604', 'ef760c01-f1ad-4ee6-8358-4e45e584a010', NULL, 0, 0),
	('337e60e4-692c-42bf-8840-ff7d154f8397', 'ef760c01-f1ad-4ee6-8358-4e45e584a010', NULL, 0, 0),
	('3e8eb655-03e9-431a-aa59-25c790363072', 'ef760c01-f1ad-4ee6-8358-4e45e584a010', NULL, 0, 0),
	('47320e94-b78d-46d7-bf26-26de012242b1', 'ef760c01-f1ad-4ee6-8358-4e45e584a010', NULL, 0, 0),
	('d67d2e56-2bac-4d68-b357-dd8e09380398', 'ef760c01-f1ad-4ee6-8358-4e45e584a010', NULL, 0, 0),
	('1f6175b1-b6d2-409d-8f21-e7a3549b327d', 'ef760c01-f1ad-4ee6-8358-4e45e584a010', NULL, 0, 0),
	('1c924ff7-a5c0-4062-a48a-5aa23551b4b7', 'ef760c01-f1ad-4ee6-8358-4e45e584a010', NULL, 0, 0),
	('b92b209b-5682-4257-a592-ffc862a1ef6b', 'ef760c01-f1ad-4ee6-8358-4e45e584a010', NULL, 0, 0),
	('35255c34-514e-4c07-afde-d3cd397e582b', 'ef760c01-f1ad-4ee6-8358-4e45e584a010', NULL, 0, 0),
	('a365c443-ec85-4fe9-ac06-25dd170b5144', 'a8d10b9f-e21a-4a31-bc73-1fedc1367cad', NULL, 0, 0),
	('dd6fda09-57ba-48e1-9cc5-ca663916316a', 'a8d10b9f-e21a-4a31-bc73-1fedc1367cad', NULL, 0, 0),
	('104976f0-cc97-41c8-9fdc-94bc57e16f8f', 'a8d10b9f-e21a-4a31-bc73-1fedc1367cad', NULL, 0, 0),
	('96eeb5c4-f3fd-45fb-b912-9a75ecc09858', 'a8d10b9f-e21a-4a31-bc73-1fedc1367cad', NULL, 0, 0),
	('d25920ed-ef0e-42e7-ab88-7c7b46d46521', 'a8d10b9f-e21a-4a31-bc73-1fedc1367cad', NULL, 0, 0),
	('9c8352c9-d8b1-4111-9c27-f90d7d21cdec', 'a8d10b9f-e21a-4a31-bc73-1fedc1367cad', NULL, 0, 0),
	('efbf117a-0f62-425e-9eaf-ba66e609e3ae', 'a8d10b9f-e21a-4a31-bc73-1fedc1367cad', NULL, 0, 0),
	('1cffdd78-99b7-49ca-aa87-b4a18dd1d664', 'a8d10b9f-e21a-4a31-bc73-1fedc1367cad', NULL, 0, 0),
	('d5d08142-3d27-4792-99c1-5b612df47c7b', 'a8d10b9f-e21a-4a31-bc73-1fedc1367cad', NULL, 0, 0),
	('f1e500e4-86e2-4edb-bef5-55159ee4ed2d', 'a8d10b9f-e21a-4a31-bc73-1fedc1367cad', NULL, 0, 0),
	('2e5c6d00-f8e5-4dea-828c-eee9a7277f0a', 'a8d10b9f-e21a-4a31-bc73-1fedc1367cad', NULL, 0, 0),
	('4b062c27-a9d3-462a-8fdf-a122ce95a0f7', 'a8d10b9f-e21a-4a31-bc73-1fedc1367cad', NULL, 0, 0),
	('f9ee98e6-c891-4785-b53e-24c627c85979', 'a8d10b9f-e21a-4a31-bc73-1fedc1367cad', NULL, 0, 0),
	('718a0ca2-2eb8-4b68-ab43-7469f18ded6d', 'a8d10b9f-e21a-4a31-bc73-1fedc1367cad', NULL, 0, 0),
	('5a2deaa9-a582-4a09-8102-b7b8befebab2', 'a8d10b9f-e21a-4a31-bc73-1fedc1367cad', NULL, 0, 0),
	('df7d49fa-3fd7-4dca-8d95-95e4f59a5171', 'a8d10b9f-e21a-4a31-bc73-1fedc1367cad', NULL, 0, 0),
	('a64d5f44-eabe-44d4-a278-ee3cb7eb424e', 'a8d10b9f-e21a-4a31-bc73-1fedc1367cad', NULL, 0, 0),
	('296a9f0e-9795-4697-8451-780ea6d94e06', 'a8d10b9f-e21a-4a31-bc73-1fedc1367cad', NULL, 0, 0),
	('1392e885-2e09-4208-9244-d9aa0d5737c1', 'a8d10b9f-e21a-4a31-bc73-1fedc1367cad', NULL, 0, 0),
	('6c97c9ea-badb-4911-9a24-64139738535f', 'a8d10b9f-e21a-4a31-bc73-1fedc1367cad', NULL, 0, 0),
	('9cdf98fd-2c08-443f-bead-83a595211024', 'a8d10b9f-e21a-4a31-bc73-1fedc1367cad', NULL, 0, 0),
	('ca69f188-1b71-4c5c-9572-c01109294642', 'a8d10b9f-e21a-4a31-bc73-1fedc1367cad', NULL, 0, 0),
	('45ed17e9-ec93-4814-94c8-6e2fa9c2c64c', 'a8d10b9f-e21a-4a31-bc73-1fedc1367cad', NULL, 0, 0),
	('c0b50f12-5d1a-4cbe-a4e9-eed62fbf3a46', 'a8d10b9f-e21a-4a31-bc73-1fedc1367cad', NULL, 0, 0),
	('61071fb6-b772-4332-8ccd-801b9e99de9e', 'a8d10b9f-e21a-4a31-bc73-1fedc1367cad', NULL, 0, 0),
	('2ed7f13b-99de-4d20-b402-8deb53725e95', 'a8d10b9f-e21a-4a31-bc73-1fedc1367cad', NULL, 0, 0),
	('35eba645-0de1-41d8-a127-f791041b1d12', 'a8d10b9f-e21a-4a31-bc73-1fedc1367cad', NULL, 0, 0),
	('8af14abe-4ffa-49a3-be90-e4959a1fc173', 'a8d10b9f-e21a-4a31-bc73-1fedc1367cad', NULL, 0, 0),
	('32394f30-3a87-48e0-bac9-8d48b0017e90', 'a8d10b9f-e21a-4a31-bc73-1fedc1367cad', NULL, 0, 0),
	('9ad2a3fb-5e99-41af-89ea-a6653fddbbb7', 'a8d10b9f-e21a-4a31-bc73-1fedc1367cad', NULL, 0, 0),
	('891e6ebf-1bfe-463f-985f-3d21025e2300', 'a8d10b9f-e21a-4a31-bc73-1fedc1367cad', NULL, 0, 0),
	('9cbf8350-0584-447b-84ce-9c0a6ea0da4d', 'a8d10b9f-e21a-4a31-bc73-1fedc1367cad', NULL, 0, 0),
	('d47cca57-2e4a-4fc5-b87f-e5017fab814e', 'a8d10b9f-e21a-4a31-bc73-1fedc1367cad', NULL, 0, 0),
	('f30e05fb-0e58-4e4b-9261-e95612a9b33d', '27240d09-ab7c-4e0a-baab-2b02006c1f75', NULL, 0, 0),
	('8a3870bf-9fd3-4136-ac1d-e06721201a4b', '27240d09-ab7c-4e0a-baab-2b02006c1f75', NULL, 0, 0),
	('cbcdc611-c8cc-4276-accd-8d171909d62f', '27240d09-ab7c-4e0a-baab-2b02006c1f75', NULL, 0, 0),
	('908ea093-7fbd-454a-9043-1b2b96010162', '27240d09-ab7c-4e0a-baab-2b02006c1f75', NULL, 0, 0),
	('f6b66813-9f4a-4499-8a9a-6c0f7b8c0b16', '27240d09-ab7c-4e0a-baab-2b02006c1f75', NULL, 0, 0),
	('c666caa6-1527-46a6-be0a-95bd15b89e00', '27240d09-ab7c-4e0a-baab-2b02006c1f75', NULL, 0, 0),
	('e7a0c8d4-44ff-4bbb-bb34-8a64e402a08a', '27240d09-ab7c-4e0a-baab-2b02006c1f75', NULL, 0, 0),
	('8f8e8e74-4d47-44fb-913a-d317734c5439', '27240d09-ab7c-4e0a-baab-2b02006c1f75', NULL, 0, 0),
	('41089e83-d82b-40dd-92c1-4689d4dde268', '27240d09-ab7c-4e0a-baab-2b02006c1f75', NULL, 0, 0),
	('990ec1ef-bd69-4f9e-8274-96db2f9e13b7', '27240d09-ab7c-4e0a-baab-2b02006c1f75', NULL, 0, 0),
	('ff825cb2-6e4a-428d-8730-9dd63d973071', '27240d09-ab7c-4e0a-baab-2b02006c1f75', NULL, 0, 0),
	('256717f5-6661-4c6a-b2b3-4c4d56af33a8', '27240d09-ab7c-4e0a-baab-2b02006c1f75', NULL, 0, 0),
	('a8a7bed6-6d7b-4dbc-be3f-a19aa836491d', '27240d09-ab7c-4e0a-baab-2b02006c1f75', NULL, 0, 0),
	('d886f705-6024-4f5f-8a5f-73f6e42b562c', '27240d09-ab7c-4e0a-baab-2b02006c1f75', NULL, 0, 0),
	('18bc1913-41a8-4ca3-b027-5f7c2869a8b8', '27240d09-ab7c-4e0a-baab-2b02006c1f75', NULL, 0, 0),
	('169759c6-00f1-4813-8173-2445b7403244', '27240d09-ab7c-4e0a-baab-2b02006c1f75', NULL, 0, 0),
	('838a56d5-dd1a-47de-825b-7fa4c7850d3a', '27240d09-ab7c-4e0a-baab-2b02006c1f75', NULL, 0, 0),
	('bf10ef09-92f5-4405-9623-0f8ae7abd86c', '27240d09-ab7c-4e0a-baab-2b02006c1f75', NULL, 0, 0),
	('98f684f2-1bf9-4cee-b615-e23692fdcc6f', '27240d09-ab7c-4e0a-baab-2b02006c1f75', NULL, 0, 0),
	('0efa269b-ee31-4458-a177-44e2f4a09a1c', '27240d09-ab7c-4e0a-baab-2b02006c1f75', NULL, 0, 0),
	('48eb055e-ba0b-426a-9379-c7da19c387e1', '27240d09-ab7c-4e0a-baab-2b02006c1f75', NULL, 0, 0),
	('2213cb03-2590-4006-a190-8159decb55ae', '27240d09-ab7c-4e0a-baab-2b02006c1f75', NULL, 0, 0),
	('9179d025-4a2f-46ed-931f-0b22fb65cb71', '27240d09-ab7c-4e0a-baab-2b02006c1f75', NULL, 0, 0),
	('8d0f50ef-0aa8-4965-b8c2-8b2fdc0a18e8', '80ae341f-696a-4d5c-abf8-c88c30d9571b', NULL, 0, 0),
	('3edf36f3-b2cf-4fc1-b848-034c395fd878', '80ae341f-696a-4d5c-abf8-c88c30d9571b', NULL, 0, 0),
	('cec47b24-834d-4d7b-a934-8239ae81a1c8', '80ae341f-696a-4d5c-abf8-c88c30d9571b', NULL, 0, 0),
	('5e0eee4a-cf80-4dd6-9770-815706d15fb2', '80ae341f-696a-4d5c-abf8-c88c30d9571b', NULL, 0, 0),
	('af99bfa9-b2cb-41e1-abf6-c4e518e2a204', '80ae341f-696a-4d5c-abf8-c88c30d9571b', NULL, 0, 0),
	('8599dab9-1b02-43ae-a3c1-880e49e5dd35', '80ae341f-696a-4d5c-abf8-c88c30d9571b', NULL, 0, 0),
	('bffcd880-0501-4b16-b136-e319f866824e', '80ae341f-696a-4d5c-abf8-c88c30d9571b', NULL, 0, 0),
	('dbdd96d0-3e15-415e-b1bd-82ab9b356e55', '80ae341f-696a-4d5c-abf8-c88c30d9571b', NULL, 0, 0),
	('e8724f5a-1156-4515-9100-d126bcaa7e3e', '80ae341f-696a-4d5c-abf8-c88c30d9571b', NULL, 0, 0),
	('3d226dd6-a1aa-4d47-b768-a9fe9faa665c', '80ae341f-696a-4d5c-abf8-c88c30d9571b', NULL, 0, 0),
	('f9d9f1c8-913a-481e-a4b2-348f19f56c30', '80ae341f-696a-4d5c-abf8-c88c30d9571b', NULL, 0, 0),
	('09fe1648-639b-4749-ab95-4246f718bd01', '80ae341f-696a-4d5c-abf8-c88c30d9571b', NULL, 0, 0),
	('05174833-33da-4f3f-80fa-2a8cb444eda0', '80ae341f-696a-4d5c-abf8-c88c30d9571b', NULL, 0, 0),
	('aaacfffd-5f50-4482-b006-fa4dfd90b862', '80ae341f-696a-4d5c-abf8-c88c30d9571b', NULL, 0, 0),
	('c3441bf6-f0bd-43b8-b948-8b6fb8c7ef5b', '80ae341f-696a-4d5c-abf8-c88c30d9571b', NULL, 0, 0),
	('81b13b19-aafa-4ffa-b751-9be30f2a209c', '80ae341f-696a-4d5c-abf8-c88c30d9571b', NULL, 0, 0),
	('c4cc8415-f50e-4151-a835-59561898affe', '80ae341f-696a-4d5c-abf8-c88c30d9571b', NULL, 0, 0),
	('237b99e6-372e-42ec-92f2-5fcddf0a9745', '80ae341f-696a-4d5c-abf8-c88c30d9571b', NULL, 0, 0),
	('447dca9a-8016-4bfb-90ce-a7fef30265c8', '80ae341f-696a-4d5c-abf8-c88c30d9571b', NULL, 0, 0),
	('cd936080-d858-495b-a68e-41e6cd2eb88b', '80ae341f-696a-4d5c-abf8-c88c30d9571b', NULL, 0, 0),
	('2b2ee188-3b22-4d6a-914c-1ecc8c90018f', '80ae341f-696a-4d5c-abf8-c88c30d9571b', NULL, 0, 0),
	('f068fcd3-5f25-4127-a784-d60d2c6d73f3', '80ae341f-696a-4d5c-abf8-c88c30d9571b', NULL, 0, 0),
	('60b89b8f-fe22-461a-a938-f8e0e88b7c24', '80ae341f-696a-4d5c-abf8-c88c30d9571b', NULL, 0, 0),
	('625345da-32eb-4b99-9e18-4646f25b847b', '80ae341f-696a-4d5c-abf8-c88c30d9571b', NULL, 0, 0),
	('633faeb4-b3f0-4ae9-b03b-10c7ac9eb50e', '80ae341f-696a-4d5c-abf8-c88c30d9571b', NULL, 0, 0),
	('c5f28f45-3653-43c8-a6a9-ff67da75ed72', '80ae341f-696a-4d5c-abf8-c88c30d9571b', NULL, 0, 0),
	('b473b179-bc51-4ce9-a3b6-44986522fb53', '80ae341f-696a-4d5c-abf8-c88c30d9571b', NULL, 0, 0),
	('28f4608c-9ac6-4668-9c1b-2180dab84d7b', '80ae341f-696a-4d5c-abf8-c88c30d9571b', NULL, 0, 0),
	('87682e15-3b55-46d8-b51d-1807ebec4351', '80ae341f-696a-4d5c-abf8-c88c30d9571b', NULL, 0, 0),
	('f6d57452-eb94-4f4c-a6d7-bf15e3498c76', '80ae341f-696a-4d5c-abf8-c88c30d9571b', NULL, 0, 0),
	('bbd9f19a-b6b6-4091-97e8-e1a27112871d', '80ae341f-696a-4d5c-abf8-c88c30d9571b', NULL, 0, 0),
	('a70277f3-7b90-4d2b-ab86-1f9f16296889', '80ae341f-696a-4d5c-abf8-c88c30d9571b', NULL, 0, 0),
	('939f7694-d442-472f-8b86-dc679b9e41e9', '80ae341f-696a-4d5c-abf8-c88c30d9571b', NULL, 0, 0),
	('b27e6aa5-1e3c-44bc-ab7d-a4da4899d47f', '80ae341f-696a-4d5c-abf8-c88c30d9571b', NULL, 0, 0),
	('d049594e-04ff-4105-a84c-c139d014b50d', 'd28dc694-8ef1-4d34-ad54-e94c322a3dfc', NULL, 0, 0),
	('02600661-c337-4799-9e68-d04176b5dd86', 'd28dc694-8ef1-4d34-ad54-e94c322a3dfc', NULL, 0, 0),
	('caace2fd-11c2-461e-8887-58982b04ae3c', 'd28dc694-8ef1-4d34-ad54-e94c322a3dfc', NULL, 0, 0),
	('d9e5d6bc-d8da-47eb-84ef-bc9d4961f4a9', 'd28dc694-8ef1-4d34-ad54-e94c322a3dfc', NULL, 0, 0),
	('23c0a006-a140-4f1b-a358-236c34acfda7', 'd28dc694-8ef1-4d34-ad54-e94c322a3dfc', NULL, 0, 0),
	('ae510626-4110-40ba-9773-bf1f46e79762', 'd28dc694-8ef1-4d34-ad54-e94c322a3dfc', NULL, 0, 0),
	('c38a26a9-6eaf-4467-a684-c851f6b7ad61', 'd28dc694-8ef1-4d34-ad54-e94c322a3dfc', NULL, 0, 0),
	('6c6e35f1-0d05-4f36-9cce-087d17fd1b39', 'd28dc694-8ef1-4d34-ad54-e94c322a3dfc', NULL, 0, 0),
	('18da8cdc-4842-4d40-afd0-a4a34327f058', 'd28dc694-8ef1-4d34-ad54-e94c322a3dfc', NULL, 0, 0),
	('e35c3843-3a56-4ce3-91dd-ed152a336715', 'd28dc694-8ef1-4d34-ad54-e94c322a3dfc', NULL, 0, 0),
	('b89c39c1-4351-4890-b733-5208167d3b33', 'd28dc694-8ef1-4d34-ad54-e94c322a3dfc', NULL, 0, 0),
	('c41a138f-e1c8-4579-a281-d2ac31ed56fc', 'd28dc694-8ef1-4d34-ad54-e94c322a3dfc', NULL, 0, 0),
	('117aaf80-7de4-43c9-8e56-5937c124a04e', 'd28dc694-8ef1-4d34-ad54-e94c322a3dfc', NULL, 0, 0),
	('0eccc0c9-4b86-4422-9a47-cc64bf58470f', 'd28dc694-8ef1-4d34-ad54-e94c322a3dfc', NULL, 0, 0),
	('ddfb4088-49b7-4188-8603-f21711c8138a', 'd28dc694-8ef1-4d34-ad54-e94c322a3dfc', NULL, 0, 0),
	('6c51e193-c162-45b1-83c0-952ca78253d7', 'd28dc694-8ef1-4d34-ad54-e94c322a3dfc', NULL, 0, 0),
	('5019cf3a-1dac-4515-88a2-ee010ea7b413', 'd28dc694-8ef1-4d34-ad54-e94c322a3dfc', NULL, 0, 0),
	('3fd26cbf-3b85-4fac-99c1-792ded2aa965', 'd28dc694-8ef1-4d34-ad54-e94c322a3dfc', NULL, 0, 0),
	('776d2cef-2c14-4045-8370-c1ae4f37b889', 'd28dc694-8ef1-4d34-ad54-e94c322a3dfc', NULL, 0, 0),
	('5d0bc75c-bb99-4a93-ad91-0c4dc6c006f9', 'd28dc694-8ef1-4d34-ad54-e94c322a3dfc', NULL, 0, 0),
	('7c6a19b8-e2c8-4cdf-922c-08d3b05ff4f7', 'd28dc694-8ef1-4d34-ad54-e94c322a3dfc', NULL, 0, 0),
	('97fd789d-0c83-47f1-abad-6390269d908f', 'd28dc694-8ef1-4d34-ad54-e94c322a3dfc', NULL, 0, 0),
	('4812c397-8215-4302-98aa-5efd4c790ba5', 'd28dc694-8ef1-4d34-ad54-e94c322a3dfc', NULL, 0, 0),
	('6b2b2695-73e8-4b3b-bda0-d08dd3f92434', 'd28dc694-8ef1-4d34-ad54-e94c322a3dfc', NULL, 0, 0),
	('a43215e5-48be-42cf-b531-ad56069d52c5', 'd28dc694-8ef1-4d34-ad54-e94c322a3dfc', NULL, 0, 0),
	('0cffabd7-921d-42ca-8cd4-72f958e27ea8', 'd28dc694-8ef1-4d34-ad54-e94c322a3dfc', NULL, 0, 0),
	('13aa0846-0c9c-4baf-acf3-83ce5b1158b0', 'd28dc694-8ef1-4d34-ad54-e94c322a3dfc', NULL, 0, 0),
	('d142364f-a56d-49eb-ad0d-7322ca4fd5c9', 'd28dc694-8ef1-4d34-ad54-e94c322a3dfc', NULL, 0, 0),
	('47e163e8-5f34-47c5-bd0f-dde38bdf1512', 'd28dc694-8ef1-4d34-ad54-e94c322a3dfc', NULL, 0, 0),
	('17e56bbb-0eb3-47f2-812f-0e88c421b5f6', 'd28dc694-8ef1-4d34-ad54-e94c322a3dfc', NULL, 0, 0),
	('6ea1bf7a-7e45-4e6d-bd94-3bdb15a60982', 'd28dc694-8ef1-4d34-ad54-e94c322a3dfc', NULL, 0, 0),
	('c8a601f3-c83e-45e6-8c4d-0cc46ccdc13a', 'd28dc694-8ef1-4d34-ad54-e94c322a3dfc', NULL, 0, 0),
	('e0e8ddc0-44fd-4471-9e1f-f963a93783e1', 'd28dc694-8ef1-4d34-ad54-e94c322a3dfc', NULL, 0, 0);


--
-- Data for Name: resource_tags; Type: TABLE DATA; Schema: public; Owner: postgres
--



--
-- Data for Name: role_permissions; Type: TABLE DATA; Schema: public; Owner: postgres
--

INSERT INTO "public"."role_permissions" ("id", "role", "permission") VALUES
	('40dd026e-d62f-4873-9d3a-407a6ff45e1d', 'ADMIN', 'OPERATIONAL_EVENT_READ'),
	('31ce25bb-31f3-4b85-bea3-1ab97d009f7c', 'ADMIN', 'OPERATIONAL_EVENT_CREATE'),
	('2bd58006-3167-4d34-8e3a-5eb9fde47d38', 'COM_ADMIN', 'OPERATIONAL_EVENT_CREATE'),
	('a925a4be-9f32-4ecc-bf02-d90e76aee5d4', 'COM_ADMIN', 'OPERATIONAL_EVENT_READ'),
	('1345a917-3f8c-4127-89b9-a9e3791007dc', 'SUBCOM_AGENT', 'OPERATIONAL_EVENT_READ'),
	('9d3d7ce3-8e54-4cce-a94c-9cf077c3ee2e', 'ADMIN', 'OPERATIONAL_EVENT_READ'),
	('97475cc0-74e0-45ca-b843-0957ea803aac', 'ADMIN', 'OPERATIONAL_EVENT_CREATE'),
	('34153ce3-467a-48b2-8a15-e7bbd86ea4c4', 'COM_ADMIN', 'OPERATIONAL_EVENT_CREATE'),
	('8ce7ef52-bfeb-43ca-8cc3-f12296f3d090', 'COM_ADMIN', 'OPERATIONAL_EVENT_READ'),
	('07a43037-028a-4d0e-a812-3c991da0b770', 'SUBCOM_AGENT', 'OPERATIONAL_EVENT_READ');


--
-- Data for Name: signup_codes; Type: TABLE DATA; Schema: public; Owner: postgres
--

INSERT INTO "public"."signup_codes" ("code", "household_id") VALUES
	('9F15FAD', '3b29a542-71e9-4a34-9ffd-35acb577c711'),
	('D5E9F92', '801ed562-a244-45cf-9b21-f1f4788c6265'),
	('CA2F6B2', '827c4a64-5504-4f55-a172-72b72e97a37a'),
	('B60924C', '9c97d28f-6c35-4489-aca7-992e41d9b26d'),
	('18D1B44', 'af38a954-251b-4d81-a8b8-d1305e39ac08'),
	('B82B06C', '930a816c-43be-4478-a64f-3de695604aa1'),
	('F14ACCB', '83c49190-c0b4-4f02-8937-d42a28e2a68d'),
	('E04543F', '7193e17e-f755-4d82-a4a6-d90330ce6a91'),
	('64A5932', 'd1c81b1b-b619-415e-a271-a81d606bbc09'),
	('DE0DA78', 'eca7da05-58fc-4403-b199-149a47258032'),
	('557B5B2', '19933d35-2adf-42e6-b9e3-bd0e771fd13b'),
	('F25B86A', 'f6b54bd6-3129-4ac7-b1ee-04cefab7106e'),
	('6026FCC', '3b230943-fbe4-4dd1-8b11-8cef1cf8ebba'),
	('9DCADE8', 'e5945092-3db9-4bc8-86cc-7b843e279d9a'),
	('0034219', 'a2cc0606-5005-4fe2-87a5-1ed756225ecd'),
	('BA850C8', 'f5d79620-56c9-46da-a700-70061f159cb8'),
	('6F0AB0B', '2ae46c31-1cee-4b00-890a-9fcf0e87a927'),
	('B9B1DA9', '44df26ed-c12c-49f9-9bd5-f9b816a9b2d2'),
	('0300848', '0822aa55-c3ac-4c74-a861-3a084fffe1b8'),
	('40F3B94', 'b3902018-02a4-4528-b082-b8d07b501678'),
	('FE0D5E9', 'c06d4389-a215-44f8-99f0-bd4d7528ad2a'),
	('9A2B4CB', 'c2969399-5a38-4343-9513-2718fe21c138'),
	('E3BBD59', '79a3b917-9e3e-4655-b325-72a7d3224c43'),
	('D1428D3', 'ad966272-1483-4db6-9db7-733034ebbaa3'),
	('BCA369F', '46f2ea13-dcc6-4757-99b2-bee47c99f319'),
	('1680CC9', '04d304b4-be01-4ff7-9f38-fdaa240174a0'),
	('9606A1D', 'bd203fb8-634c-4297-bf17-12a77a032825'),
	('1636E18', '79d9a22b-233d-454e-bad5-1938a11ce721'),
	('1C59A95', '326043df-7950-4cf5-9103-bbc896127f17'),
	('42A1E8F', 'd8918b65-a4fa-419c-b269-3a6a82e7534f'),
	('75E65C6', 'f3e17a38-f7b2-4c2c-bbc7-f32034f08f2c'),
	('FD49532', '2b7ab495-2259-49e7-b46e-d169a0d30e7b'),
	('7C2D9B7', '34b6561a-11be-45e8-b0b9-7ba965e87837'),
	('CA0CEBE', 'ac5cd2d7-ed05-4045-9da5-5aafe59164e9'),
	('0823262', 'c4571050-8659-46b9-9846-7475b23661a5'),
	('1C7B948', '50d7e0ff-62b5-4223-8b6d-d3a14f6db242'),
	('DEAE616', 'a6527305-6d8b-4d6e-8bfb-d4044442b860'),
	('A56AE19', '25067ca9-04fe-4187-adbf-97f5bba2a920'),
	('C328D99', '7ec9cfb2-d3d5-46a2-82b2-2e32a7c604b1'),
	('E27F6D3', 'e975382b-7469-4943-a69f-f0a91ea8a09a'),
	('258E5EA', '0fac262d-19d9-43cb-989e-0a46052705bd'),
	('04B491A', '9b857274-6bfa-4191-b376-24ec8e49074b'),
	('B7A5D84', 'cd70c844-846c-49c9-b10a-61e17947b53d'),
	('3DA63C6', '76498700-c8d1-47fa-9e26-bbc785922565'),
	('0B9F1A2', '007b95de-60c9-482e-a5b8-368487086b93'),
	('BFCB2C2', 'dd05e9a0-16ab-45a2-9424-ef312c78e24c'),
	('4D66467', '82356f0a-f3f6-4d73-8039-38584115c0e2'),
	('7220ABB', '2619eb86-b846-4fa6-ae73-05a827995685'),
	('5B61DF2', '10941042-78b1-4222-afbe-2db7f3e88539'),
	('D153C1B', '977943a7-eea9-48d0-b524-0adac56da09d'),
	('A4A71C5', 'dd32d771-893e-4469-8dc6-d95bab5dc2d4'),
	('3044425', '823343fb-402a-469c-ad4b-063f8802feed'),
	('DD58C03', '795ec714-7a43-4d87-8e7d-19bdc1322a18'),
	('2656ECB', '3442e534-e982-4d41-9e85-d77e21198592'),
	('328A93A', 'e24072a2-79bf-4829-a170-c889b9ae97e6'),
	('34F9346', '85eeb02e-dc9b-4e4c-9819-9f2f9794f074'),
	('612BEC1', '03b62c04-c432-43e4-8cb1-cd864be61ee7'),
	('260E2D1', '676e2963-a046-426a-b108-d555fd896945'),
	('A2E72D2', '3e3cb69c-9eee-40ea-9e25-1cadaec4a83b'),
	('296832F', 'a5d4533c-a120-40f1-988f-ce51ab54f145'),
	('9F1BDBB', '99cd91cb-3491-40a5-886e-df51e589df1f'),
	('09E3E02', 'fb33f340-8ab8-49a8-aebe-d76b2a540626'),
	('C83F15F', 'c42db9d7-9dd7-4ba5-bc2e-166b6d86e1da'),
	('F00554B', '4b111b2f-8771-436f-95b2-be7f88aa3f9b'),
	('DDFBBD7', '2e6def66-da6f-42d4-8048-084d31cb754e'),
	('3798770', 'c27a8011-55c9-4439-959b-3cb21ac6e5f1'),
	('25DCB2E', '973a9110-930c-4907-a40e-784d51c9cac4'),
	('66AE1EE', 'cc09eadc-eeb5-4123-aac6-f23c8d31f5b0'),
	('CDDAC0F', '583a7c9e-4e3d-44c1-9255-657b2d5d9658'),
	('0948107', 'a785d7fa-0407-4560-a560-98f264c938df'),
	('D0CA2E1', 'ba3b120f-af47-45b1-acbe-da43d243828f'),
	('AA72718', '7e778362-33a7-40e8-9c58-a3db7c6ddd8d'),
	('8832820', 'e8160a3f-9ee9-4745-b04d-c09ebcace73e'),
	('2101596', '417600d3-cd8b-4f43-84b2-efd1552a876e'),
	('314EB74', '1a6922a9-cb17-42a0-8cc2-e1dfce0f895b'),
	('BE97104', '25a9d254-2f5b-405e-b674-fc928107d944'),
	('C2DDA76', 'd1f22e5a-9071-4fd5-ace5-4768a651c14a'),
	('3513F5E', '9b448d46-c090-4132-b9a3-d099b420d3fc'),
	('6B573CC', '045e7ace-c083-4de3-8232-0fa138f5fec4'),
	('67DF1E0', 'e89bfb1c-615c-446f-8f71-1612985fcbe4'),
	('C431D54', '95bb6dd4-24c3-425c-b031-1e76f580c74f'),
	('A61D42D', '90ad36a2-662a-4456-a3e8-86ddc1034504'),
	('93A7ED4', 'ce173af8-9fe1-40aa-9368-ef76e366dd0e'),
	('8DCC778', '11fdbeec-be8c-4a9a-94de-5cf29d46e375'),
	('9BC80ED', '77da437c-deb5-4c62-99e7-c075f7e81aba'),
	('0E52493', 'aa8b71d5-e414-4b88-a1d6-c104ddb81e03'),
	('8070AF7', '6166f435-2448-4de5-a8a5-3e9a3c52c46b'),
	('9B94736', '07aed3fb-7d4f-4bd6-99cc-fcd26e127d41'),
	('9D5AD10', '76fb4830-8aed-402b-ab9f-1de4f5a0ba58'),
	('0ED8678', '87462031-f1e3-4b06-a013-c4a800f81e42'),
	('15D6C89', '8a509f5a-ba5b-448b-8e8e-54da0cce0355'),
	('C025324', 'a647d0f7-a7dd-4376-995f-e6d308952e17'),
	('2A2AB24', '9db3eae5-9b7e-46eb-804c-ee52e4b9f3d2'),
	('A768C95', '46ef0e06-5f99-4dcd-bf5c-5e0924f2aecf'),
	('50CFCB6', '5c1e643c-d8ee-4907-af22-7c20145ab4b1'),
	('8028D64', '7db6ec5a-82a8-48bc-9722-11ce94995037'),
	('2614803', 'a342b756-28ed-4700-a80e-c89515acc509'),
	('7462559', '859a1caf-7c8f-45b9-9ed7-a279bbc2819c'),
	('D64228D', 'a248ee4e-f0a1-4c8d-b7d5-f147348fcf69'),
	('FB875F5', '01b3333b-4a8e-41be-8f04-c0748012df39'),
	('57084CE', '361e3fcf-6a4b-432a-b37d-d4ce97c5a6c1'),
	('8800D34', 'b58c56f5-29ec-4600-8d3f-297ae816c73e'),
	('81875D4', 'd113fbb6-2e2e-49ff-877e-7dc8540b5d15'),
	('7868E78', 'ab4da7d0-8dcd-45cd-b656-d50a16963d93'),
	('75ADF22', '727fd0ea-4f9e-4126-9a44-982afb1476b1'),
	('144CEAF', 'eef0106d-eb70-469f-a5c4-63e2c530cdde'),
	('C13D1BD', 'dd52d90e-3999-4ee1-8877-e85cef9017fb'),
	('21C1F4B', '1a67569e-6cd8-41dc-a0ca-775662fdccff'),
	('7FEEA59', 'd3c408aa-e5a3-42ee-9c78-766526d459ca'),
	('3929797', '6673a2a0-1892-4ad9-a179-cfceeb7a59c8'),
	('FB28A1D', '9261f697-86f0-4282-b928-77346869b08b'),
	('951D71A', 'd2bcc774-71b0-4b2d-99e5-b7fdd071ec14'),
	('BE87549', 'c90b0948-3bdf-44a4-80d8-73861c93dd02'),
	('E1C3B5C', 'ebac4b19-fafa-43ee-9f46-f762462f367e'),
	('90CB205', '64a6ac60-81fc-40d5-8fa5-df29026ac586'),
	('53FC357', '873c1ba0-e1d8-49a8-9abe-c8b2758c642a'),
	('89CED32', '99ef4669-1674-423b-bf26-5390b0764c8e'),
	('5B0E419', '84c2d078-c90c-48f7-9232-4bef05da838e'),
	('66C3386', 'b06383eb-bb61-47b4-8f93-dce3c6d08bbc'),
	('464E5D3', 'aa8c2d60-61c7-4480-931d-e11b7330980f'),
	('1EAABA9', '07eafd8e-3514-4bfb-85d3-6e0101c50afe'),
	('DDCE4F2', '3888c2b6-a614-445c-a204-e90cceeb32fc'),
	('7A990A3', '7d219740-33d2-4c28-8e78-e513696c14cd'),
	('3E50D2A', 'e2b69231-7b6a-4b29-be71-8861a0290cd9'),
	('3AADEDF', 'a120ee28-720c-4fa9-80df-965662725237'),
	('DE3126F', '6a5823dc-2f43-4216-b13b-ec20001b4c5a'),
	('710D13C', '6f16d426-ca77-4ec7-8a46-c589a265539e'),
	('D67984E', 'dd9b75c3-e2cd-4a25-bf8d-b168c9279c7e'),
	('F37991A', 'f46f361d-a280-49bc-b0c4-2853896aec56'),
	('03F48D8', '840c9241-c19b-412d-8f86-f6e38eca4ec9'),
	('9D3E1AA', 'f8df05db-28c1-44de-b553-fb1a68cf1a82'),
	('81D1AA7', '886dd7f5-f8a5-4f63-84e4-6ff12debaf23'),
	('C4C0C76', '12d2b1bb-57c2-498a-adce-b3f4869d75ea'),
	('24D50D7', 'b0a50c68-419f-4d04-a3fb-5dafb9955cc2'),
	('7747789', '67139a79-eba2-462c-807b-953b58912e31'),
	('2C42900', 'c4d2c94e-e760-4734-8e14-50a77b41bd5f'),
	('7F369C9', '027e270e-2679-4741-b002-fc32170b6954'),
	('F21C575', '6d424f09-f5dd-4464-8d11-85e03b7cea4b'),
	('F67DC69', '7d3a886b-8e80-4891-8cfe-78a73857e11f'),
	('47F98B2', 'd4618f44-180f-4803-bc55-814515a3a324'),
	('D063D5F', 'f4fb8b12-6692-47cb-8daa-d8cdbf1ab311'),
	('22730A4', 'f766bc98-876e-4ef2-bc5d-75481bd7a3f4'),
	('EAF90DA', 'b949281d-e3c2-4035-aab7-797bed5e9596'),
	('FEE2942', '0e4206c1-5000-422a-82fb-031a089f426a'),
	('1E3F1FA', 'f2a2e451-4fe2-44eb-b30e-26540bffbf07'),
	('06F4A9A', 'b74813a9-d1e1-4b64-9adc-7ed6b264d739'),
	('8E0E148', 'bc5a9f7e-9dc0-4786-b547-c239e8086d87'),
	('BD1A59D', '34b49cb7-176a-4775-813d-fd8f289d0df9'),
	('D8F8B7C', '52c4bb1d-ab12-43b5-b12b-06f43271de86'),
	('D2AC901', 'b4d52abc-9f03-4178-8d2c-de539f74896c'),
	('E0D7A75', '89c334f8-952c-45f0-9884-249b96e5f3d3'),
	('923BC92', '59183bef-968d-48b5-a2ca-3a5138f1bb51'),
	('5D26130', '588315fc-fae3-41e3-89ea-f73b13b50ebc'),
	('095403F', '37136bf6-bc54-4f0b-a73f-2430c4b62c56'),
	('5EF91C9', '81f5b20b-50fd-4710-a50f-370fcd01e85c'),
	('C8A0CE8', '6377bd3a-408a-4028-b446-dfbeebb4cfa0'),
	('552725E', 'eaf3b442-47cf-4732-bb00-40ed1f727bd3'),
	('E457B97', 'a07415c3-9c53-423f-9b9a-7fbf056787db'),
	('5E03AF7', '44abee92-33e2-47f8-a52c-d29a3dc81ecd'),
	('0563019', '41cce05b-ccf6-48b9-97ba-14d24fd71a69'),
	('8DB4365', '54b99bb5-98a3-48fc-a255-0f90be405f9b'),
	('F9B6233', 'b3198f71-b7a5-43d6-ad06-a1fe3a94ff8b'),
	('D9801F6', 'f55d529d-b874-4977-ba8b-3fb866124b87'),
	('CD508EA', '12a34e26-00e2-479c-ab22-175c18167e22'),
	('8126293', 'c6c68d6d-4cef-4ae3-88b1-2968584d4a51'),
	('10C7F72', '95396be7-4993-4b30-bf27-a92acc7117ea'),
	('D2710B5', '5a0e030b-43f5-4448-96a2-ad4a85b57bc6'),
	('E6901DB', 'a42766e4-f835-49bc-9664-92ae23f23a52'),
	('488F957', 'fb6964fa-fa8d-4ce2-8f86-8f2c98b0d147'),
	('01EA3D0', '3a91450a-18d9-4012-a86c-4b8e768ba6b7'),
	('1A6E214', '51eab0a8-a56f-4ff9-824d-3265de4b5a3d'),
	('02A601A', '8c03e510-a282-4e0f-a189-8b383b20690c'),
	('06E56A1', 'da2391de-5427-42c8-81e8-e41005171465'),
	('E99B4FD', 'c47f2af7-eba4-47e1-991b-a3370f3395b5'),
	('32E47D8', 'cd300a02-bd7d-43ae-a8df-cceff424170a'),
	('3F1C5BA', 'e5b151b6-4071-4686-b93d-ea521a4d57af'),
	('D485264', '651a79ac-8979-4048-95e7-0fdbeed946e6'),
	('4200149', '7a8d70cc-26fd-426b-bccd-0a975e34b463'),
	('C4989CC', '189fcb51-2fdc-4c40-a839-422e4e9f3499'),
	('99D9DEB', '76b61ef2-d59e-40b1-b017-c21ede279f09'),
	('9447CA7', '20d5d584-d273-4d81-9af3-e81c253f4d81'),
	('52D5365', '586393c6-339d-4051-a235-39f3d685e444'),
	('1494BA2', '8dcd3f3d-6d7a-413c-bf93-cde9a25456f9'),
	('AA22106', '4f31b168-20f4-4685-b747-9580e0683a2c'),
	('92EDCA9', '6e402084-3575-49c5-8f2a-542a453a5d93'),
	('9C74D7C', '98bdf706-3b13-4006-8428-c3a4a3630863'),
	('1DCE03C', '0d4b3ef6-e56e-44ca-b669-634b30b6dc4e'),
	('D2DEDCB', 'b436aa3e-5db3-42e8-9c52-33923a64e3cb'),
	('52C85F5', '88bfd0f7-d023-4a8f-97a8-69bf01447960'),
	('1DC1845', '369204b8-2c8e-467b-bde1-0be8dbb3db15'),
	('74B837E', '02d33cd7-1124-44b1-921c-5361f85ad2ba'),
	('CBFC980', '9cfb0500-4698-4893-9969-bfeb1fac95cd'),
	('B6ABF74', '9dbc5526-4da0-4695-ba7a-6b726d414e5e'),
	('A6122D5', '53a19179-c5a1-4590-a0e0-6790c3c7db3d'),
	('155D690', '0988edd7-1b85-4e09-b783-d42b0ef717b1'),
	('898E2AE', 'c16f5f5f-449a-4c23-8c8d-2fbb975a2d85'),
	('646F016', '83e64d5a-5aba-4cff-b2af-c2ae479b5cd5'),
	('662D538', '172a4300-bdc6-45e2-a9a9-958c0f1883b8'),
	('A620923', '8f2ba1b0-18b9-4e9a-9898-5f82a182d360'),
	('3C68E59', '63919679-a684-4bc5-92ed-73ce7b22270a'),
	('681BC13', 'cd8beeb8-557b-4b6b-8d69-2647ea62d8ab'),
	('0A8A390', '8ec5b6d8-7c32-444b-9b5b-a7711f8e0e08'),
	('01D272F', '22bd036b-cb14-4682-8af7-6996ddbf3534'),
	('2A1EA05', '66ae8c2e-deac-46cc-9819-0b9bce86f860'),
	('41AD6C3', '235d78a7-5055-479b-a9ce-060b78a6015d'),
	('8B88901', '2a6d0b06-ba1e-49df-91cc-fab172a57976'),
	('692BC97', 'bdc91996-744d-45de-a0ff-0d6a7627d8e7'),
	('F424EA7', '43b1039c-0c43-4719-a551-1bb9a893b65c'),
	('6DFBB7B', 'd84355b1-5bcd-45a9-9622-b3d1ec6d7210'),
	('0B3C255', 'daf58272-4982-42fa-93e3-ce60d1b88ac2'),
	('C23C8B5', '0ad117aa-c58b-414f-a060-9d669bc4b291'),
	('21FA388', 'd5ba53a1-a80c-45ba-9494-66e63071862f'),
	('14D0E6C', 'd0bae2e6-d85b-4e9f-913f-21536aff932b'),
	('C167C20', '449aaaf5-2c4a-4ce1-8a6d-f87df48928dc'),
	('8FEB507', '51bd7f69-319e-4583-9bba-3f1d2c7e49f0'),
	('C3E693C', '7f22c884-ebaa-4596-870e-c5c0c4a304f2'),
	('D8992D8', 'b362f024-ca05-4684-98d0-f6c016a9326e'),
	('E0BBF60', '9ebd1dbd-8cc1-4daf-a3d1-6f78436c4687'),
	('76E9080', '44715967-4268-47eb-b69c-172fd1d0a1c5'),
	('5810C69', '6a696cd5-1e23-4fe5-a595-a2297bcbca5c'),
	('2EBA2BC', 'a6d9ebbb-222d-47a8-b542-db23493c4920'),
	('89B186D', '30be42db-296e-4c55-8352-866b7eb59aaa'),
	('8FDC1FE', '41600c80-ec5f-4d43-b9dd-c4c9f5c0963d'),
	('2945BD1', 'f4b94b2a-e226-4c5a-a05c-200e307c8c1a'),
	('2884049', '21a3c212-cebd-49ed-8c7f-fdd6f4ac5d1a'),
	('39F89A2', 'be0e6371-11d5-4bdb-b684-15d3f9042fd6'),
	('78359E3', 'e1c60293-6711-4810-9b42-3438c0b99f7c'),
	('CC8AF6D', '8e782a53-d5d2-4990-a0f9-7b3718753894'),
	('5D4D893', '68847c98-c944-4ae9-a707-ffe5b8cc574d'),
	('6935534', '50dbab35-d1c4-4871-b4e8-0fc0e1ac3d53'),
	('06E8536', '4b4fd004-bfdf-4f40-ac14-4d88ed3f0a02'),
	('E437029', 'f977f52d-66be-4fa9-89db-e19ceee99331'),
	('8937025', '426bd3fd-7ad9-44b8-ace0-918f9847c9aa'),
	('60D4498', '92662dd0-a3c4-4051-a0ee-98dc4ce23a77'),
	('9D367B0', 'c3a9afd7-5523-4f09-b782-291b6258c9e2'),
	('9CA0F60', '5f601751-9570-4280-9a60-d30a3ddfdd40'),
	('18E1794', '9bb0cda1-25af-4f69-af1f-12b5ca6639d6'),
	('3AB5919', 'b5beab0c-d8a6-4dac-9cf7-069ae51db984'),
	('F78F8B2', 'da1a488f-9f19-4a9a-ae6c-8949eefb67ed'),
	('ED21AAF', 'a32f3e1e-a437-4b8c-bc03-ffe8aa7caa64'),
	('D031181', 'b4c04d3c-3975-401f-9875-2287c2d6cbd8'),
	('AFDF550', '56bc42a5-f0ab-4ba5-a671-c006f1922cf6'),
	('C807969', 'a6351e60-72d0-4e8c-9085-3f77e6a3f120'),
	('B5B2C9F', '27ddb770-0346-4abd-a199-9a45bcbdea11'),
	('90738F3', '145c57d6-b5ad-4353-810a-bb0d1c4407cd'),
	('F4F89F7', '2f555e2f-cf1c-47d6-aefe-256d55dbfc3e'),
	('472D0F9', '00b6bb41-6d4e-4d6a-afca-e7e0d04a5c6b'),
	('A802EC6', '29ce2b38-af9f-4ad3-a334-20ef8f2dff6b'),
	('EF32604', '08aa4272-60b4-41b6-aae2-ca50c6a99c6d'),
	('3224607', '28fb4cca-1b25-451a-b241-60ef05dadb52'),
	('9E42512', '5dea7747-4757-4c86-a537-24fb76e3d88e'),
	('B84C579', 'c899b5eb-97cb-4ab6-9140-a180b1c27844'),
	('AE715C9', 'cca30851-0d51-4cb0-a5fd-1b688ff41f30'),
	('66288CA', 'd77aac2e-ed23-4dc6-a689-b13fc4700561'),
	('948B592', 'a8b05ff4-f94e-4a03-841f-73c145d796b6'),
	('DBFF7ED', 'b4285302-396b-408b-8bdc-9413af0733a9'),
	('43699FE', 'b62c9041-b9d1-44eb-97e8-bc3dfb91645e'),
	('28C3116', 'cbf0b100-1b87-4733-bf17-29b7ce7e4c97'),
	('BA53F5E', '0c8cc343-afba-4028-ab42-f05deec1a4a6'),
	('4E8F8E1', 'c9f34a78-88be-4bf1-9e64-33e7297234eb'),
	('2A77568', 'dd2241f9-2cd7-42b2-a71f-0de0c8b71abf'),
	('8A469CA', 'a0873f86-639c-4445-beeb-04fd12546e1f'),
	('3A80FB9', '6e88a116-4004-4505-8faa-539fd70ed222'),
	('6ACD8BC', 'fe9a5195-89e8-4767-aa50-cb649bedebf8'),
	('C1E9EE3', '9093435b-b0ee-411e-aea2-67e03ea67280'),
	('9631EC4', '6b60c94a-b290-4623-a6cd-b9af7bba82fc'),
	('AEABA87', '003f8856-c234-46f4-8c0e-5828fd019fc8'),
	('BD8F75D', '7bdb2510-0e64-49e9-a3ea-a622a0cbf1b3'),
	('B5B8656', 'f03b000f-315f-4df5-a52a-0c09ec6fb069'),
	('4EB20F6', 'ec0499ae-5346-4ed4-bf59-f582a44f1fb2'),
	('756C20F', '21b00cfb-a41f-475d-8628-a99cb362225e'),
	('F41F8F4', '9ecc0a43-fef6-4367-acaa-f15e75f88975'),
	('0E6B1F0', '2503778a-86a4-4924-bd9b-5d2967843f48'),
	('1EA1F02', '7d748c7f-4620-41a8-9e08-788d11d969ae'),
	('C61E73C', 'ccd4a686-34e3-47e4-a797-75e3644dda8d'),
	('1765359', '2c9527ab-cf04-47b4-ac8b-5fa561389f9c'),
	('57BF118', 'df48c4e5-ca9f-4bbe-9f04-0b2ebb7eff40'),
	('7174781', '24ca70ba-7f88-4cf2-86bd-e09b7ec15242'),
	('C1617CF', '190a5ac5-9fa4-4409-a589-a02301703b93'),
	('DDBFDB8', '3d5d86d6-51c3-49de-8c15-f15854278a98'),
	('111ADF0', '6c45f479-389d-4238-af5a-20cfae01cdb5'),
	('2BE5A62', '798a2f70-9c86-41f0-9a39-b8e9ea16ac64'),
	('62221CD', 'b8e37534-e587-4786-bcd5-8aa137cf4896'),
	('DBD0FBC', 'f4767b7f-a940-4a09-b491-9192e4516771'),
	('B43D775', '20a38229-d86e-481c-8e29-3f0285d871d0'),
	('1165015', '865d769b-39d7-4e73-91e9-1fa2eff0e949'),
	('DBB867D', '6704fd90-105d-4961-bb3d-760402e2fad5'),
	('71EB182', '40dbd243-d6bb-4b6e-a9ce-57929b3fb1e0'),
	('4BCB241', '0405d2a5-a536-4e9f-8cd0-4b03e1c532e7'),
	('A1A22F3', 'b70492ca-c420-4c47-83cc-d3fdc5a27edb'),
	('5E7A78B', '179874d3-7108-4a7b-942a-b4f8e565dd68'),
	('52E0D89', 'e774a891-de39-4287-95e7-48df88cf0c35'),
	('2F49D10', 'c0237429-380b-4598-a04b-dfc687c40597'),
	('3B8DD88', 'ef177e28-2c5c-4228-a19d-40319a8b08ed'),
	('264FD41', '5dc4bece-e87c-4a33-af9d-295b8287d84c'),
	('1039B74', '7df52018-315d-4880-ab01-ff7e3a7fe2c9'),
	('B05A552', 'd05a2ab6-15d9-4a6f-978b-511f9562a856'),
	('8884A49', '93671368-5ceb-4de5-88e9-2c58415d8845'),
	('53C4F9B', 'ae75dccf-d067-4aa7-a32a-d5ded5d33025'),
	('D1A2F5F', '164c1511-98b4-4568-ace4-df4878976fb3'),
	('A2EC2F1', 'de163a08-d078-4af7-b92d-c289fa89ca45'),
	('E254EE2', '0124d107-a805-4f13-8e32-3a865ca3d406'),
	('B051375', '65704faa-b8a5-47db-ac1f-c06f88711d19'),
	('6C6520B', 'ee80304a-e34f-41f8-ac01-c7bd3a6d879a'),
	('F19AC6A', '6e8a1eba-5d20-4884-9f2b-86df07cb204e'),
	('18E13F0', '1ae1b1ac-e989-45c1-8e1d-a0d09a78c717'),
	('E64079B', 'bb682008-970b-4478-88fd-82c26d328e58'),
	('2D4E129', '6441d1e9-a961-4062-b0f5-f8c05696a690'),
	('4A4A31D', '7e795519-102e-40a7-a2d7-32ecf12d649d'),
	('5A8DA3F', 'b13bb0fc-cb07-4b92-88b5-7ac992bfe98f'),
	('1D52A12', '8d29cf91-9440-4495-91f8-fcdb196dde16'),
	('59E21AB', '9f582237-1520-4e35-9ddf-b92acd00a768'),
	('6A2EC4A', '8f027033-281e-4394-a25e-214ab9c21367'),
	('135ED99', '0414616a-7f79-4ec2-973b-924c04cd6a82'),
	('4B267CB', '64ae89a9-5268-4c32-aef4-442a9c67c84b'),
	('604A2A1', '52797d6e-f5d2-4592-b5bc-1bd1dd1ac619'),
	('C477608', 'af06926f-7aad-4847-a3af-1e359624616c'),
	('E5F54BB', '14aaba46-ae7c-4427-b2ac-f025144ece46'),
	('BBF0AA9', '5dba4901-4003-4a42-b3b5-9b37ee7c36da'),
	('9B1CC4D', 'f219f786-0956-4433-9c29-6217ebcc16b2'),
	('23C73C2', '8e03e27b-5a0a-4c7e-a58e-db25ba3a18a5'),
	('36484F3', '9827944e-1113-4e62-a7d6-174f714fa854'),
	('303F5E1', 'e535fd7d-f1b4-4548-8b51-363768174acb'),
	('B3035C5', '9f5d80ea-f514-4b73-b74b-d6ea2983a8a8'),
	('42FDFD7', '12f38294-7cad-498c-8c7a-3fb17d14946a'),
	('6C4AC7B', 'df2b7001-6b4c-447b-9640-ab5ed48a30a5'),
	('3A29CC7', '5324030e-3c17-4328-998e-914a2c9ab78d'),
	('1652E29', '10f92c0f-05bc-4a87-ab2d-819ce2b295b3'),
	('636D4EF', '98fa29f4-71b3-4bb9-9e7a-1111943883da'),
	('6BEFBC8', 'c424a898-ea18-48b8-951d-3349209b93e5'),
	('AF62750', '49e69556-0a65-4a8f-aa91-ab0030fd9c94'),
	('9BE717D', 'd6c29f23-3b61-4593-8f8c-b5618dd5bbe5'),
	('0A5263F', 'd9ea404c-a648-4e60-bd07-fecab4290225'),
	('C6A8849', '07b23fb8-e255-4d71-868c-b10df53019fc'),
	('084379B', '4c7ca587-d1a6-4f10-8e91-16608f420a3e'),
	('6243D85', 'd3070286-8f60-4baa-b4ce-417cd6c33d1d'),
	('64514E3', 'c07039ea-cfcc-4840-bf15-74b228098e5e'),
	('4363BB5', 'c40b346b-95b5-4083-8180-8cb768f5bc4b'),
	('B67BFE6', '8a5c160e-7382-4b67-af42-80f0a79c25a1'),
	('7E7535E', '3cfb89d7-c76b-4640-90d4-a9bcab195072'),
	('AD84310', '0b1d5678-b9dd-493b-b7c4-6e9929b811e3'),
	('9FFFBE4', 'a2ccafe0-6f5b-4362-96a3-34c8fda3119f'),
	('738E511', '449c82d6-c703-40d3-96f8-407f1d27ad59'),
	('7A0B81D', '4342c994-0f7b-441f-bc9f-b5790f5f8775'),
	('65923DE', '6ffc25cc-9c5e-41a9-af5f-3dac8437d9e3'),
	('B47C41D', '9d61655d-4db9-4121-8b95-b38a8f280148'),
	('6B0610C', 'a09c2cf1-b6be-464b-8406-a5d1b1c396f4'),
	('9589187', '335407e7-5c67-462b-ae5b-186c0986e12a'),
	('C9103BB', '329721f7-ca7a-431d-8d0e-1b8a5b717fa5'),
	('33529C0', 'c9c3e3e1-da4d-45f1-b8b9-e39df03b91b5'),
	('DB53B78', '70c4c903-8010-4db8-bf74-7d199d10f015'),
	('F31CDF2', '2d87f266-851e-4df0-a68e-b7bf8da6dc58'),
	('7FD84E8', '974d568b-ddeb-407c-bcac-167d3e6349f3'),
	('6731C2C', '5696a9ca-fb34-459d-bef6-c5aa4ea68cee'),
	('3B8397F', 'fd36bdb7-b8c2-4e9b-bf34-270a16d6cd15'),
	('A73875B', 'ada6382b-ca4b-457f-aa95-98927332f7e1'),
	('3106AC9', '7760a8ad-bbde-4231-9e37-27f02022bac1'),
	('CD4B14B', '3fe4ea28-ed72-479e-9d50-83324739d5c8'),
	('DE3F53E', 'df6b702c-d34a-481c-923b-597013700e8a'),
	('91F5C01', 'ace2fda7-4fff-4622-903d-36679efd0aaf'),
	('0792082', '4ea8864c-e32b-42c3-8a04-63ed24428b3c'),
	('69F6351', 'ae00ff88-4c03-4dc4-9f61-6206e86d3c77'),
	('4B3656C', '3b16da2f-bfe5-42aa-a55c-64aed788eacc'),
	('FDDABE0', '83254455-d1d4-4521-8327-7e26dc6f881f'),
	('695D400', '11b99e40-86d6-4983-aa1b-d5398dbf27d7'),
	('16E9B49', '41ada9cc-01c8-4050-84d1-e5d1b516227e'),
	('644488D', '38cb9302-f7a3-4a72-a952-0a7882237988'),
	('FD711DF', '33457525-d2bd-48c1-8bb1-3c392be2ae08'),
	('998200C', '966d4acf-ab35-4cd3-a592-fdae38bd6c0d'),
	('CC308D1', '042363f7-3515-4714-9426-52725dc800b6'),
	('EB01ED8', '30fa6f3b-8098-4aec-93ab-222f3b9c9235'),
	('61B8022', '0696a54a-2fdf-4769-976d-3bccfbb1ca9a'),
	('C14796A', '0f98b95a-1732-412d-b0b6-7e2f776b1219'),
	('53CDC18', '0dd4424d-6f75-4648-9f44-410a27dc1b56'),
	('2AF9D21', '252aaea4-0e31-4ff7-9019-adcf39c8a26a'),
	('07F7D75', 'df6fa436-c2c3-43f4-b986-8ab9cc648706'),
	('B8516C5', '155e5ef7-95d4-4e2e-a06e-0aa6edffe659'),
	('C943194', 'bf58867f-230f-4e61-988f-449affc72371'),
	('62C2283', '68b51207-993a-4f65-8725-7fb89bdb3973'),
	('7E936FB', 'fbb8446b-708a-4794-b60c-4df7e6a52aa9'),
	('2033B9E', '721a1555-7e69-494e-98e4-a68fd16d3a66'),
	('E3D5FCE', 'e20f082c-01a8-4bc4-8b67-2cbf95200796'),
	('2CF777F', '0bd61a7a-0aa5-4732-8471-552b3fe4aa60'),
	('0894F4C', '51c12ca9-aa23-4f42-9787-dda4c9eb2dd2'),
	('8C77BA8', 'e4d3293d-a460-4ba1-b76f-2b451671b955'),
	('3103783', 'e74304c1-db48-438e-b7cd-d0be3b343460'),
	('2E48187', '1049c535-9632-4189-a04c-fa3b1c83acfb'),
	('E72F69F', '10a9fa83-98ec-45b5-999e-b14611caa2fb'),
	('470C312', '003c975d-6266-4a49-8a6a-703d26ce2775'),
	('F483140', '2748739f-46f3-4908-b259-d6cef5c55724'),
	('2AF00D8', '8b5f0726-967d-4bf5-b69b-6309cd2e0891'),
	('563FDC7', 'c2a36d78-8cfd-47d8-a990-e9cdad470caf'),
	('A91DF5E', 'ea11274c-4aa8-4397-91b7-81a3bf0ac69c'),
	('BC303A3', 'ea6989f4-479a-4688-ad0d-374c2aa797e8'),
	('9CA2DC0', '9b01ccd0-3aad-4590-a38f-08d4863ff381'),
	('FB41A87', '6a108719-ce1a-4e3a-beb8-c736678eb8c9'),
	('650D01F', 'd599ab78-6c71-4b24-9943-ac41f3466ffa'),
	('8F4DF60', '8e324b38-2b7f-4f11-81ad-2165e98c8583'),
	('3FD00CF', '4771f264-db89-4a38-b29b-e420b2557da3'),
	('FFB386E', '172d6e04-fab8-4672-b716-252538302b2e'),
	('4387781', '717e14d1-5381-475b-97d7-347b6284df86'),
	('6A1D0D4', 'b25f8663-581b-49e9-a12a-b8e989d52186'),
	('63C5C0E', '5e5144f1-2849-439e-a71c-393ecd8c89ab'),
	('D29767A', 'fa56499d-8345-4545-a926-7452f575ca9a'),
	('D1AFAF7', '648340da-cd26-40ff-9f7f-d10bac8de9ac'),
	('06EA9B4', 'cf8a3a60-d1be-4025-9762-5aea730444b3'),
	('8600DF0', 'f36eb3a9-4bf9-4a41-b7e0-c11105f2f412'),
	('AFF8D3B', 'e63eab23-aee0-4ab2-9eb1-5a1d66a8168f'),
	('95EA0A5', '9644a31b-76ef-47e8-93f8-2d058a84b41d'),
	('F641C0F', '5f96ad69-4690-4d2a-87d9-42a35045bea9'),
	('A54485B', '0bd68080-5971-4d75-8d38-a057d08c4cb5'),
	('1EE2FCE', '9087c115-c0e1-44c0-a7d6-31a1a1dd4ae2'),
	('FD6F3E5', '5161f3fe-1ac1-415a-b781-4dc2c0ba27b1'),
	('C35719F', '162bfafa-a747-48e0-b9f2-9c3e9d50680f'),
	('8AD15DE', '4a381749-a30d-480f-8bd1-7bcb9e048662'),
	('DE8BDE0', '1d39564e-51e4-4119-8d05-e08a35f37e63'),
	('A60FCB6', '5194b636-9756-436c-a270-cce9d7383894'),
	('88C9475', '6fef41e4-dc67-4726-a90f-8b5f4792304b'),
	('56EE37F', 'ebac029f-6d8e-4f32-9699-b6b3ad4c93c8'),
	('CE74DF6', '8663a50e-0aa2-4aac-831c-040680e989f0'),
	('564140E', 'e58dffdf-2e43-49a6-9ae0-6b67cabe9473'),
	('0EA1132', 'c45dc6e5-d186-4098-8a69-d14c1e349433'),
	('1B6ECC5', 'f48f6974-fcf0-41ed-a984-d312de98d675'),
	('8A5D5E0', '83d09118-2083-4eb3-86fd-13d9e083570b'),
	('033D602', '536d462c-5039-4e10-ae88-3830cf8f597c'),
	('15394C4', '19e60e57-7160-452a-ab19-d033d2c2280e'),
	('3C20610', 'f17d6150-5571-4c50-b7fb-1f00ef490ea2'),
	('C58DD40', '19e47f51-a1d8-40b4-b267-ce9ebe4340e3'),
	('24BA6BE', '4674ca31-bff6-43fe-8f1c-5db09e74f186'),
	('07AC264', '71482ed2-4e18-4cfe-b046-f617f7d3c417'),
	('38CF307', '3c403a4d-2cf9-4bb2-8540-24eff9cce516'),
	('3A4611C', '093824d5-11a9-44b7-872e-5bd3002751fc'),
	('0048915', '4324bbc8-4100-4959-b0ae-708f314cdc60'),
	('4B5A7E4', '57f2bd03-cf62-4887-8271-18a1df7b8c52'),
	('D767A76', 'ed0fb52e-7a09-4aed-a135-8c54d5e500e2'),
	('F02655A', '5d33b653-2484-4dc1-811a-2a2d28a5119c'),
	('B482FF5', '4ef5f84a-3bed-469b-80a7-dc798da186ef'),
	('522F833', '34cad0a8-1c10-43aa-83b9-fe9a6d66ccdb'),
	('250ED66', 'a9018861-d1a3-4ec2-9c69-365f0c22d9ce'),
	('AC2544D', '13ab8a16-eaf7-43d0-ab72-afff5f2e1c64'),
	('57AD5DA', '64605e77-f29b-4309-931e-0bff3fe2a975'),
	('6507571', 'ca6092aa-a1c5-4237-9797-7232cd6edaac'),
	('2406D78', 'ffb8a4a6-74b5-4f43-a0d5-ee508f15e34e'),
	('8C5E557', 'bb1a5c85-a33a-44ee-8a88-a1d7694576d6'),
	('731DD3A', 'a10de25f-5050-476e-9b03-3fecbe2f3e08'),
	('8B8F9E5', '42524d31-a99f-4746-b8fc-ce02e964cb77'),
	('A02289C', 'b4ee60f8-e550-4c0e-90f2-f81e398e6a72'),
	('937AB78', '94a9c8d7-f015-41c1-8c6c-92792de4d882'),
	('7EF3726', '39e0ef36-7175-4f0c-b8d4-c88901b0e25a'),
	('9CE8C7A', 'b45f09a3-7436-419d-a3c4-a800b81b9dd4'),
	('A7440C0', '69ec91e9-5c8a-4ed7-8191-91b4a31ec625'),
	('7340337', '8f06eaaa-234f-4e75-ab5c-07868701ebe9'),
	('B34EC47', 'bb109836-ac72-4695-a7cf-08192eec4763'),
	('FCE13AC', 'fadf20d0-04fe-4329-9ffd-58121973f705'),
	('5DAACD9', 'dc2f0a4b-8690-4b1b-9210-477258c6e83a'),
	('95F3CB0', '76580d35-39e8-4c7c-9f0f-c3ef4649208e'),
	('BAAE716', 'aba9cd21-1899-4a08-a703-927a8657e358'),
	('8F89748', 'e5617dad-80ae-45ac-ae13-6751b5be5577'),
	('FDCF3A5', '68377250-3913-4d3b-8c37-8fb3aa608ab1'),
	('6C58E7D', '915f0bb2-f02a-41cf-87f7-12eb932f0490'),
	('2F59C95', 'f8f19389-4b21-416f-b62e-73b3e11750f5'),
	('19716B6', 'e2e95ed0-bd77-4f06-a2cb-66716f721dcf'),
	('9D5E8FB', '4280e8e6-0419-4de9-a4b8-46e67d44dd2f'),
	('6C4776C', '04d19503-7f22-440f-8760-c87746e0fef9'),
	('E5EAF3D', 'c99f2b93-3584-47a4-b613-b1df50a14a04'),
	('6CA445F', '29b2cd07-5a03-4f4f-9a7d-a3835556ff19'),
	('8CA48E3', '59be6467-4209-4ed4-9f79-038c8bfe1d24'),
	('0AEE732', 'a8bc7e8a-2bcd-40f9-92c5-150fc023889b'),
	('79EA82D', '412240c6-f766-418d-81d6-a8c75412a1d1'),
	('8C44FC1', '494f9500-4261-4dd8-9a83-003f52ba9a4c'),
	('D26DAB8', '41a8f037-bd23-416a-ab4f-8f15d20bfe3d'),
	('6909829', '9e6ff28d-dc90-4a48-b7e7-53d54184b706'),
	('234C9F7', 'bdf42aac-f56a-4774-8407-f39c9151f90c'),
	('188286A', '950ac3cf-efa1-4837-8dd1-c11e5d946a2e'),
	('55BE9B3', '74d02b41-bcf2-4ce3-8b20-59a13e6a14ed'),
	('F12A522', '985c6501-c4e6-4a39-8eeb-848c23086830'),
	('97FEDCD', '46e68ce1-a8be-4d92-bedb-30b789eac4b8'),
	('78B9666', '866c7aee-08d6-4be8-a93f-112a6c8fec44'),
	('CA4B977', '0a1fbb77-cfd3-497f-917e-bb4036659a8b'),
	('1FC6C69', '20f12d62-f1b9-4efe-b11f-1fe34e5a716f'),
	('351100E', '18308094-758c-4bae-a004-717e35b50cc7'),
	('61C545F', '15a6951d-3457-4c43-bd7e-7d291ae55405'),
	('7F8414E', '3643ed3d-c1ef-4fba-b7a5-6789cd5ff817'),
	('4ED7C21', '38a8045c-36a2-4e00-aa49-20a776649d89'),
	('4418D6D', '791eac36-2d2e-4f44-b6c3-f4d7ba9bd2c3'),
	('A28C40B', '88c8bfe6-c327-4c70-9477-b1e66f06ac74'),
	('7EE032A', '6f39e436-c135-4208-a034-472abbf7eaf8'),
	('AEC75FB', 'b2e2f38d-47b6-4665-998e-6c03db953015'),
	('940CB51', '2bcfe54f-d37e-47dc-93a7-bedb1c5f85ce'),
	('5C27288', '4a72d07b-4845-42fc-9d62-4ccc2669c93b'),
	('FB7419A', 'b2f5eb47-f016-4c74-a522-6b4fec4d905c'),
	('025DF3A', '6127e020-81fe-4e84-bf66-fd09fd21ee75'),
	('C34C6FE', '74966c25-bb87-4739-9b38-a2778673e805'),
	('22F6A29', 'e5d11488-ec27-4bb0-aad9-ef77ae550658'),
	('DB86B30', '1008489b-e19e-47b0-b350-92a4553f2416'),
	('8DA5CC7', 'ddf8d899-ec55-4833-b2e1-bebb834cbccc'),
	('F9C6533', '4b862acb-653d-498e-9e48-c21495846ddb'),
	('D471A41', '35d81f3d-b92d-4fc7-89e1-08143839b7a7'),
	('F3DCE55', 'cabced4e-7d2b-4a79-8cbb-ed7f38b48e29'),
	('D4F31EF', 'b7d3a902-c6f0-4675-8174-f95f25baadbd'),
	('EBE3BE7', 'eb17e6d9-c89a-4daa-9337-ee6132c39381'),
	('5F87783', 'fdff39e0-3ab3-4635-877a-add5e73ffef3'),
	('63DB772', '126ece5b-8499-4882-843f-cb43b5d693ad'),
	('FF92B9E', '5254840c-f706-46b4-bb77-91deec0d49a5'),
	('8D32EB0', 'c8f37082-f6ec-4ab3-948b-a2a59c20bbc5'),
	('B5E17DF', '49803b97-f60c-47c8-85e2-1310344425bf'),
	('4A66249', '46c95b6b-a0a6-4f40-ad6f-1f4406f7f25c'),
	('E6A893E', 'eafb7ccb-77bf-478c-8b46-b21e902d96dd'),
	('C531957', '35b8d26c-2ef0-4c8a-b89b-f84a5859b0cd'),
	('917AD91', '3db68eb3-f42b-4490-9cbe-5431c14e239a'),
	('9FF31F8', '4995a0c1-fa17-4f6d-9cdc-f668f88fbb2b'),
	('2E9693E', 'dd3ae225-6d4f-4e18-b3d8-6468b4ff27f3'),
	('3DF3177', '6b59d2fb-b4bf-4bb5-abbd-db99859e602c'),
	('4B424E8', '2420ed90-323b-496d-9460-397c4f953ac0'),
	('62B15E2', '9b225866-8789-464b-9be7-7c37ec25d739'),
	('5CCDB39', '69d7030b-9171-4e88-9161-10deb72e89c0'),
	('525840A', 'f3259b21-e20c-45b0-a087-f2c8e0e0f3d1'),
	('39326A1', '14ec5754-eac1-483d-8ad8-ffe5ef2da876'),
	('8888093', 'a11d54ef-2641-4a73-aee7-a4156ede9a0f'),
	('3BFA873', '05c67094-e779-4a48-82b8-9925d0e9a98d'),
	('5D3E12C', '72e8ce2b-affa-4af3-9bac-cb58b174365c'),
	('E2DF0FF', '0d1f9ac0-fc18-4a37-ad78-95e8db2c7af1'),
	('DB8FCCF', 'b7836cb0-1483-46b7-9e6f-e25b4db4d088'),
	('7D36B0E', 'b95fcd28-bd5f-4484-93b6-352bcb259c1a'),
	('29A6CBB', 'c8d66a30-9901-4807-907b-470daf3bd83b'),
	('C518675', '53cdb65e-dffc-4d1b-98de-fbc5061e0f50'),
	('6CE32C4', 'd56269b0-d2da-45c4-b6d0-11cf4777d1de'),
	('2FFB803', 'ced0e5a2-fc7a-4000-be00-b5ce21366761'),
	('3538253', '72930ad8-0365-48cd-b81b-64de61a32284'),
	('A86F8EB', '6bdd4e00-e96e-4793-95a2-136a3134b8e3'),
	('6A3E5ED', '90f8802d-099d-4792-b46a-a08e02e0c3c2'),
	('F5FF2A6', 'd1a63000-dcfa-47b1-8a87-f6163a783c69'),
	('DADD7E9', '56aef121-30a9-4631-aab4-450e7a412a9f'),
	('69D752B', '8d78ccf9-2022-43a7-8949-344f2ed25feb'),
	('68A3CD2', 'bfd0218a-1243-4388-b117-d17fd78ee66a'),
	('01CF617', '3dd40c43-1151-4cad-b8cc-095b48812e37'),
	('9CC3AE6', '4ae10347-2a1e-434e-b3f7-2f1f730692bd'),
	('E4D84A5', '21668f1c-7bd6-4eee-ab40-4d0e83db1a85'),
	('D1F18F5', 'aecd6d40-667c-4068-a0c5-8bafce5b8e65'),
	('C005341', '8a64d7c7-df65-459c-87ab-61c0a6a897b5'),
	('81B2358', '9be0e977-91aa-4eb1-b2e0-5514ec099ec2'),
	('BAE0290', 'a64de082-30f7-46d0-95ea-bdfc0985f206'),
	('4251355', 'ebb4bcce-9ff7-4f2e-a627-8a658c7fa97a'),
	('ED748FE', '71361fa3-ac7d-476a-a2ac-6ecea89a0bb0'),
	('C391E42', '9c92dc54-8f2f-4d26-a7d4-b22dcc8a6192'),
	('47C0203', 'f7ebd925-35d9-47f1-a4ad-25bec11df1a1'),
	('A77CD5C', 'c11e8e53-556a-40da-b193-e47e80331cd6'),
	('9076E7F', '9b202119-790c-489d-9791-66b3e3bfc7c5'),
	('7A1D46F', '5c4b9b16-8248-44ee-9805-cdc89a192864'),
	('5C41505', '66e7ffa3-354d-4f35-a356-b2dad43194ea'),
	('65F33BD', 'd06fb4b5-1677-4b3f-b133-b603cca62aeb'),
	('B972659', 'd0ab3f4d-eb54-4861-a5ca-c556fd3d8101'),
	('A6721F1', 'c82ff6a9-6446-4840-b0d4-3d754dff31c7'),
	('CA0E119', '9cefe611-9a22-4168-9437-937e1c26d4cf'),
	('DFF30F5', 'fd706c41-c212-46c1-b662-6589ad3008cb'),
	('9E7326E', '8f4cadbb-af4a-41f4-bdf3-7625182e31af'),
	('13311BD', '2f499ca0-b50f-4f37-a3cd-32c613c79425'),
	('E0A5231', 'ba888cb3-9f4b-48a0-a595-920668d3a15c'),
	('1C9DE02', 'cd8d6793-6a7b-4396-b6ac-82004f8d3f8d'),
	('A370A48', '16a612b2-33f6-4e58-9dd8-09415b78ae73'),
	('D8BAC6F', '47152018-d506-4edf-893d-b4b1d47c8e1e'),
	('771AB77', '5c9d3634-e813-4712-9587-9e7586044dcc'),
	('3940433', 'ba2deb7c-772d-4441-a662-a90d13ded99b'),
	('E16A73C', '1fa6128f-1c57-47d0-ab9a-4f536165161e'),
	('F188F79', '33957c08-588c-45ad-b2c5-575eb4033b7f'),
	('F9E913B', 'd5f9f359-dbdf-4655-a72c-d297c102b9cf'),
	('4592018', 'e35c5625-d5b6-4203-aa8c-633a6085f589'),
	('A347EEA', 'a94d745e-c875-49d9-8890-746b0589b2d8'),
	('AE148C8', 'e87ba76e-b13f-40e1-b3b8-2d6391e7c32d'),
	('9DB3569', '5ca42320-0429-4ce9-a91a-05eabbd6c728'),
	('762DC73', '1c1f651b-a97e-412a-b623-d55cd69088e2'),
	('2E8CF61', '1a1a06f1-b2a6-4532-bd90-43a16f1bc2ff'),
	('1685A59', '6fd170b5-733f-49e6-88d7-39ba1d46bb09'),
	('A8432C0', 'a3ead6bd-04e3-4285-b03b-abd7e8f93c08'),
	('C64C73C', 'd050f444-25d4-4beb-9c20-9b10d240ec69'),
	('FB196E4', '4b2af93d-1e07-4b5b-9700-81d0774b7b6b'),
	('D36C38D', '79950df1-81db-4c90-9366-d91d5845006a'),
	('E55E220', 'ea3627b1-381c-4a11-82a7-b65fcc53feec'),
	('CB49E15', '27c03292-b4a3-476c-a74a-ff56d097c6b1'),
	('EF0685C', '785f3330-ab58-499b-81ff-62e7037883b0'),
	('2AF87AE', 'd77ef4c3-08af-4682-be04-9552dae59a3a'),
	('0A0A659', 'e2c826f9-a718-4842-8812-8b79193786d6'),
	('5BDC74A', 'b155a199-2bba-45ec-853b-2d473fe561ac'),
	('D96E58A', 'f9781259-da35-4c6e-826d-68f823984031'),
	('F01DC51', 'e68b6e76-2667-461e-aaba-d5d9b6bd985a'),
	('15EEB4F', '547580d1-7261-4a3e-8125-9dbac6f8c758'),
	('5005112', '9cc6dda7-f9c3-49b2-adea-f9164f1b5f3b'),
	('281B0D4', 'f081a850-236c-46b3-be99-4f88b9a323c3'),
	('448F163', '24f98692-c2d9-4e1a-bc26-a65ec66ad5d5'),
	('8A20FEC', '08bbff3e-5be2-4dd9-aba7-25d26e34061b'),
	('8F53CF2', 'a8dce232-f9cc-4784-9337-0e3a779b86f1'),
	('292BE33', 'b921cadf-d825-4166-8420-8259f2fcfbc5'),
	('1ABC37D', '7e4f08bb-32a8-458c-92d2-ef19c2b52ac4'),
	('ACFB356', '8958fe05-86e7-40e8-9829-17cf8211208a'),
	('63A0B35', 'f4a0ef67-df00-411a-bf5b-7bc269f4963f'),
	('27665B2', 'e171185c-787a-42e6-8884-afe8e73f428b'),
	('96A9DA3', 'f0f2ce7b-6d20-4a6c-a497-7be7a19343a1'),
	('C6EA758', 'af1de4b9-e7f1-4544-8ba1-743aaaf2eb20'),
	('EE4998F', 'db17e63d-26be-410f-bcd7-1c8e3ad98b01'),
	('4CAFFBB', '1b8da501-9b7e-414b-b1cd-b1b2047223ea'),
	('4A372BA', 'a56136e2-f3ac-4cf7-a15b-2a62a41f57b0'),
	('0E37207', 'ac3dafba-9b65-4646-b33c-f4f2c34fae4e'),
	('AFDA4CA', 'd30665dc-e1e1-4e52-aa82-db457a5b03f5'),
	('6B0FF94', 'c8e7fe45-42ef-4835-856c-46ec837b8d90'),
	('63FB12A', '6f185f49-77b9-467c-addd-6239f421fc40'),
	('FC5A66B', 'ffe4c86f-a5f7-4fff-8129-574370652da7'),
	('315DB2F', 'b79219d9-e27f-4c2d-8ab7-3bcdb7d852d3'),
	('B95C4BE', '0f47ba94-6de9-45b2-9910-713a9bc87199'),
	('E9A545F', 'a4e59122-63dc-4349-b7af-a57a49efad19'),
	('67D82EA', 'c04412b7-f29d-45f9-b3cc-926d91b61b04'),
	('D56BCA5', 'ec80d6eb-2111-4a3d-a473-bfd85c7c1799'),
	('169AE04', '4a4bb35a-fe6f-45fe-b235-44be730f7a6b'),
	('2E370B0', 'c926c92a-d10a-42a9-afad-0313e3fbc3fc'),
	('9AE4FF9', 'ab0b8ea2-ded8-4ae2-8c6f-fb950517856d'),
	('27F52E3', 'f847d6db-16f6-47d8-8dbd-82460a86b729'),
	('8680549', '84344ab4-5852-4817-a980-6e8b2d12126c'),
	('7694C02', 'a9e3fcc3-c15b-43ad-b979-19a070adf585'),
	('99E6DB1', '91ef234c-ea2d-4331-88dd-2a7fb6b40297'),
	('7DA1F36', 'b4fc6c46-b14a-4986-832b-e386fb7e8b5e'),
	('EFB2E3B', '21ba7022-b2a4-480b-9c15-9799be0bae38'),
	('3CE1C8E', '307f556c-2bcc-4138-a69b-6eba70c36741'),
	('E0CDDBB', '31227c7c-1c5b-4ac4-9237-a0c405930945'),
	('CD1DB87', 'f75964cd-f687-4ea9-9f6d-753b011217cd'),
	('7A0D498', '1206ecb7-4d0b-46e5-a22e-6fd94f1da45c'),
	('4A16842', '4495d01b-e862-4a99-8c3d-83e064732a73'),
	('D9E19E0', '183d0dd8-0ee5-4a6e-9db4-e0f3afcc4604'),
	('246032B', 'ecabcc54-2978-4f11-a81c-32f58dbe8a9e'),
	('384D8DB', '25b15894-e1cd-418b-b5ec-46240aa1ee13'),
	('6E73C60', '205cc9e4-0451-40f2-a787-cb4c13fb85ed'),
	('4AB9F37', 'df1b5355-f3d5-491d-853a-a9c9b56c15d2'),
	('CAA04BC', 'bb26d9a1-cd75-4250-b30b-7dc2a3f225a6'),
	('7E206EC', '6ad2f3e4-0b92-466b-bec0-8286e2eff7d9'),
	('2B0C832', 'd1c0edfd-9482-4a38-8706-37c55180cbcb'),
	('608A6F9', '2c3e3f3b-d36c-4377-8a9f-2b88aca4b8e4'),
	('1D12810', '657227b4-0562-451e-b208-1c95781eb193'),
	('E200537', '09faf4fd-aada-4268-84c7-c13eed5c9e29'),
	('3C60326', '59b83d6d-34e7-46b7-8449-41a5f6c5a354'),
	('54D73A4', '3884b8be-337c-432c-8610-7f75232f4d78'),
	('F227381', 'f838d841-deff-468c-b641-57fe17219187'),
	('DD45889', '1efa579c-c6c6-4272-a55a-e2c7ebb3b91b'),
	('2F278D6', '77b47884-ac09-4ae8-86cc-978af8625348'),
	('B9829D1', '349f269b-139b-445e-adb2-0b832107fbd3'),
	('23C4488', 'c735774f-d0d6-4f95-bbd8-cbd0de81cfd4'),
	('F2BBB08', '845552ac-89e4-4f2f-be0c-1f5590f25475'),
	('914B427', '94cc46b9-da38-4224-8862-b8413528f36c'),
	('D9640B8', '64ea24c0-9b81-4a58-ab53-4a370b5f2cb1'),
	('0E509C1', '3fd0908a-78f1-48b4-acb6-1867ba449e71'),
	('B45C0D6', '657ac1f6-1956-4f0b-905c-580d6c01779f'),
	('51A115A', '030a8181-ff0d-4071-afc4-da3689cfaa05'),
	('1E1A633', '810936dc-fcb6-4f19-a9b3-c17efd91d8b8'),
	('6BEF224', '8a2a7a20-51f6-45a8-9459-d76253aa31ff'),
	('3123B13', 'e73e7ce6-4a55-4354-9588-b3b694dddec8'),
	('4FA1B21', '13ba6aa8-a0f3-4f43-a930-e9f42828ea80'),
	('D1C0556', '82687a02-cf12-4e6f-8ad0-acfa167fed08'),
	('6A1A04C', 'd005c7cf-494c-4417-b227-028a8d6ea3e6'),
	('45D0233', 'a9fb1e57-b46f-4cd4-9ce1-2085cd54ea7a'),
	('310FE66', '893fc81a-41e9-4203-9c50-cc359ceb1e6b'),
	('D345A75', '6207a424-0187-46d8-b34d-7f8fa10ccea1'),
	('43AC1D5', '2cb2689c-7e8e-4a05-9038-2671e2b0f52b'),
	('F3B83B7', 'cc784c6e-bc17-4d70-9c53-609fd9c05b09'),
	('92F5C37', '67a4580c-b52e-4972-9dd6-c49069daf3b9'),
	('4DF6C55', '7ab815c8-26f1-47f3-84b9-e7fd2efac499'),
	('9CADBF7', '4cb96ac0-1b28-4394-880a-348c41c8e39a'),
	('1600CD6', '98bd12e7-1f8d-4a2f-883c-98abc7677de9'),
	('3CE1CCA', '25e399cf-5219-4b80-93d9-d61e71579777'),
	('E7088A4', '573b29e9-b03f-4d2d-b9e2-f624048afda5'),
	('2D0FEF8', '925d14d4-7232-49cf-8f94-1734a1acb313'),
	('4A1CD0C', '29c982bd-3d2c-4d5e-aa77-d615afaf3601'),
	('B9DA33E', '7e10130f-dd34-401b-8189-8d28b1428368'),
	('908388D', '10235f7f-1739-4f03-8fb6-14126cc44c94'),
	('A520869', 'f0cec061-c907-49b6-b932-e8222de4d33f'),
	('1006691', '5c7783b6-5c22-4fe2-9864-cffe61820758'),
	('425C799', '53c4b4e7-e3e8-458d-85a8-adb260b69657'),
	('236DEA7', '1e96a21d-25a1-42b0-807e-1c8ee3179aed'),
	('D9B8A07', '98b6c463-5d13-4730-aad1-00c22a560219'),
	('7582936', 'e8c8ffe4-f269-480c-adb3-b0180d19701d'),
	('575FF56', '6d1bbd88-5ef1-4e05-89fa-371d2765398b'),
	('DACDEBC', '8c39c8ca-eae7-4339-b920-c119f92cf6be'),
	('5D81D93', '1131bf54-8c75-4543-95e5-9474da621912'),
	('6814D3A', '59de3902-15bf-45e2-8d7b-037fd865c627'),
	('7114E68', '432f3521-7d24-4eee-ad39-a22f92227308'),
	('AD3BD6E', 'b1bfc2c0-00e5-4283-8dcd-8a6fc50b4b40'),
	('C1A23A6', '62665001-4d2e-4468-8161-27f9ab13d1b5'),
	('F3980E4', '0226cc5e-3f9c-407e-ba13-fa3e4ee3336f'),
	('721AB1C', 'a60db325-c732-4007-bf76-0044b0d50bf6'),
	('095C42A', 'e129bd2d-f165-4e1d-b2e4-81bbeb409748'),
	('CB84ACF', '8ccb4c34-1bbb-4129-a984-b795864c5e74'),
	('E3E730A', '927e8105-346c-4a0f-81f2-8484c7aeada2'),
	('742B2CE', 'ee5506df-795e-4f76-b1e7-2e997c94f068'),
	('F6BEA70', 'acd7953e-bb0b-48ce-b0ac-079c63bf10a2'),
	('51CF27A', '706ce3df-afd9-4d00-aac8-a3fd22565547'),
	('A95DF1D', '84cd71b4-64c0-465f-9c45-fe76221a9f13'),
	('9061EF2', 'f5ce51c3-17ff-4318-a81c-f7d0dfcf33ea'),
	('13F279E', 'd9fe3056-dfb0-4d7c-8696-bddf998b72d6'),
	('5E0EA1A', '615689af-7f42-4e4f-aef3-8386e198f9d6'),
	('D469C75', '646f01d8-52b1-4bc1-ab35-9788e5913502'),
	('9B0EA24', '3a9b0910-a497-4590-839c-78eb5f444903'),
	('80D3341', '39bd3d49-d180-4666-ba03-5d3ec6e36f42'),
	('5457DF3', '36dd6af8-8a22-46c0-951a-cd3f10c931ae'),
	('5057E59', '4129a4eb-7c04-4eaa-a269-57eac4e8065c'),
	('A232B58', '24cb7443-c974-41bd-a222-b8f1f2d5e5ad'),
	('20B5C4C', '3a0a015b-c73c-423f-b88e-4e6983c2fd94'),
	('C11C2C9', '0503a625-1f2f-4e73-982e-64f0f232d68e'),
	('E1D3736', '1902fd7d-08e2-4ad7-81e1-f377a3a9e2a0'),
	('171811B', 'f9151ee4-f013-41ee-98c4-f993f0dcb866'),
	('DF91F41', '444f3435-0c0f-4aaa-bd4b-2202a7e480e4'),
	('1D4B45D', '2f19189d-0690-4a28-8bf1-2d3f89ff2923'),
	('DF52577', 'aae240fd-ee24-40fd-babb-5705ce09e2a7'),
	('D3B57A0', '16a4ef5a-389b-4576-b4fc-e9a6ae2db41f'),
	('1DF7EBE', '4093d9dd-6529-4e6e-b14a-57465dbaa198'),
	('2F72444', '643895ea-f257-44ad-8e8c-3770eaae788c'),
	('FC67660', 'fd887fe4-ff73-45bb-8990-eb80552890d8'),
	('F9AC697', 'b1315f6b-3a80-499e-9699-e73a148a3b02'),
	('18035BE', 'f80a2963-28a2-4e45-811e-18e1cf6b5e64'),
	('F7EB3CA', '17eae4cf-21c3-4229-b150-e20fe7329009'),
	('6D28627', 'cd564262-16ad-415d-aad4-6fd1c2540fb2'),
	('032B193', '456a93b3-427f-4a27-9105-93774a11a05a'),
	('05EB5C8', 'b989b247-4cdc-4606-9588-76d56dd705a8'),
	('7DCF2D6', '577db66f-6955-4b50-9f1a-5dc269be3239'),
	('4CF4119', '1ccdd9d1-d2c3-4f80-9f87-27b9acc874f8'),
	('C00C1BC', '811b5c3e-bba4-412d-a848-fa0074cc9c3f'),
	('75872BE', '8e32dee6-1ace-4779-b2ed-2ac57ec810fe'),
	('31BAC71', '891cb9f8-b0df-4f74-b101-a9207573e45c'),
	('36BB891', 'ec357961-4a30-423c-a0c3-75af73aa90e2'),
	('E104779', '01879512-e12f-446c-9926-cb7ac5a7022c'),
	('9E42130', 'd64b0bda-a5bc-4187-a4d7-b46c35366152'),
	('51C8C03', '1e5b2af0-87bc-4da7-9309-e2cf3eedcad0'),
	('A5A8AE6', '22cc6b24-3556-42a5-8d1b-085d9b2dc6f5'),
	('83E5176', 'bdd02556-3520-4614-9b25-b5749e38662e'),
	('F73D8DE', '5cbd7e1e-60c4-4236-9195-e47f9dae3b8c'),
	('12946D4', '5bfcfed6-3f77-4620-af0f-4d700a731bff'),
	('7832F40', 'adcc9777-2e94-4a13-ba6b-500e7e6d136f'),
	('E037D29', '8f1d90a3-ded3-44d0-9d09-cf4dd8dcacba'),
	('CC05C43', '1fdf228c-a9ab-4da0-bbb3-6d91232be231'),
	('14AB001', '39483413-969c-490d-b324-c8b7c88bad7b'),
	('27023E8', '1bcfaed7-ecf6-4a46-a7cd-e3c9ba85bea0'),
	('8691887', '3a4eeb79-b502-469c-819c-97fcd9694a07'),
	('799DDB1', '7e9939e3-5429-4394-813b-7b6e77c5a8cf'),
	('728FBC1', 'ef02dc29-5323-4665-8b46-e2870ce963bc'),
	('26FE1CD', '55086111-ab0c-4a75-af3e-232ba980a5f9'),
	('347EAED', 'ce9c886d-378f-4f41-a685-3465ac92bb09'),
	('B7C3B89', '95d7d03f-70f6-40de-b4e8-a01c825043a0'),
	('D3464F4', 'c8de2295-e83b-425d-825d-220102959f27'),
	('3C410C0', '7818b856-2b14-4b2b-8d17-29f835c76797'),
	('74BBE27', '0f825411-1755-48eb-9b0f-ec2bfee57a50'),
	('9F47ABF', 'fbeddacb-918c-480d-afd6-64a8bfc96e12'),
	('0ECD662', '5afc8144-ddd1-4631-b3db-8cdf4851bf6e'),
	('5CDD559', '263948f3-d44f-433c-b9b1-65d85e448685'),
	('378C329', '32690686-e976-445d-bd25-76fb018a7d96'),
	('8CAF4D1', 'fd43c9e7-c2c9-4ec1-8490-ba086b10a1f4'),
	('E7A2CFA', '568f91f4-2336-442d-89e9-8aa0a9221a78'),
	('E8A291E', '8919b3af-06b2-41c1-bde4-100eadf208ad'),
	('61DC42C', '6fe38c69-ba58-4ab8-b473-b85d18db0d6f'),
	('B57E0AC', 'fb53a096-2c11-47b0-9c8c-f3f3e0e3dafb'),
	('2C85225', 'b8506d87-57c1-4c62-85cf-ed35fffa1858'),
	('1E543D1', '5de0a6be-b7fe-4150-8c46-b61ce4d5cd99'),
	('6B76615', '8c132a72-0dab-48c2-a970-a1bc10337b5e'),
	('228054B', 'b47e7034-7d20-4191-a638-1d0d7bc7a45e'),
	('813F910', '7eed7b13-dcde-4bcb-8833-01ba88182c20'),
	('540B2F9', 'd80cf1d3-7a39-4e12-b500-93804c235228'),
	('7DCAF02', '1cafa0f0-054c-463a-a354-3417d781bd6e'),
	('F999827', '3cbade17-e328-4bd4-aa64-f6b186cb6a09'),
	('C151AA4', '9069bcc9-311f-480f-9c67-4943ee7592d4'),
	('A33F3A6', 'f039fb40-ea7d-46d8-959e-97e3065ba197'),
	('4EAB90C', 'be8a9361-bd12-4dbe-8fa5-914b8f622dac'),
	('70136BC', 'c8151b7b-1994-436b-a93d-b6a26cc9139c'),
	('07251D6', '68952188-11a6-4a94-9522-cc7343b9311b'),
	('02EE13B', '4aa63cc0-a895-4a5b-8547-941ded5e8c14'),
	('3BD4CB5', 'df8ac303-48d5-42cd-93ed-f57105d5c87e'),
	('B7B3E76', '687a1aec-46e8-4ef8-9b5d-a9492f97a7f4'),
	('931F8D0', 'e08ad620-5c93-4852-b2a8-1fcb884d9422'),
	('16C03D7', 'f25732d6-5928-4ef6-bcfb-52bdbab6541f'),
	('2795E78', 'f3532d47-e4b1-4465-97ec-38ae8310c4d1'),
	('D9F3AD0', '2fdbf17b-678a-45c4-954f-34d619b47218'),
	('4A74480', 'a27798d7-8f4f-484b-8f83-69004dce163c'),
	('8533133', 'b084d387-86aa-48c4-a223-b7bc529ba99f'),
	('430E727', '6a989bd0-e51a-4a7b-9876-dbddbceb3437'),
	('8BE8758', 'd6aae27d-0d36-4e1a-a09d-61e499f07c5d'),
	('E6CD909', 'adebcfb8-e6d7-4e95-ab4c-d1adc0418e85'),
	('D023CF6', '587de591-b732-4084-9c47-2fc8e87426f6'),
	('1FA64E0', '0da7f1c1-97cc-4dbc-ab1c-7059e9a93ce7'),
	('E7610E3', 'ef55842e-205d-448e-a6f7-936f94644724'),
	('45A5DFB', '1b9f1684-403e-4084-a235-22ffa7778a80'),
	('E01FA63', '1e36e0aa-59ab-4b63-9b38-fc5cd9677e9f'),
	('99F8BA6', '643a8162-f33c-4658-9658-0e5a228e78de'),
	('62F5F12', 'b7f30a33-9dde-4e11-a4a8-0bad5d6d1d34'),
	('691CCCC', '24b9cde0-9e56-4dc0-abbd-bbda76bdeab4'),
	('FA49BEA', '7cd72eff-2f9f-4274-ab8f-d8d31c76f0bc'),
	('D22D7E4', '5d71daac-a9f6-448d-9ed2-089df2e23f58'),
	('C7BC5F0', 'd3bbacc0-a102-417c-9b70-1dd9bab09335'),
	('5B54C92', '0f960d0d-39ca-4eed-8d3a-7a09849c1e73'),
	('CB0F0A7', '7927dc12-8f50-4de1-8e55-6fe4ddf1d92c'),
	('3E607A4', '896c07a7-0567-4d19-9900-5bebdecad444'),
	('6953029', 'adcc4960-be34-4fc3-abf6-0396bb314567'),
	('AA31D9C', '0ebd138b-057a-4a2d-ba2a-cbc198751877'),
	('3881B9F', 'fcff6c2c-0853-4528-af0d-f90cc9890797'),
	('5505342', '86b1bbaf-a0e9-40c7-9136-88a7e0bcc524'),
	('A6BC700', '1a6b2b10-f8c0-48f0-b2c2-57d1cc1d04a6'),
	('AFF9BA1', '2d6e694d-ecba-485e-ad1b-db0c6e772127'),
	('683E187', '520d30e9-7948-47d9-a473-9cabdeb38f55'),
	('8151487', '34a130c4-937e-427a-ac70-779567603086'),
	('2D2C13A', '344451c9-809c-4cc8-ad89-bc909d5915aa'),
	('E4DB862', '4f738073-c64d-4471-bab8-246a88562521'),
	('F189608', 'cccdd6e1-d6b2-4d16-84a9-9fe0b9684855'),
	('E3A3ECF', 'd9fb0ffd-53d4-485e-a1da-9b2b0480b249'),
	('2A7C569', 'af8bf41f-a632-44a4-98be-4752e483e926'),
	('5CDD80C', '9d2b9dcb-16c6-4c40-8cd2-6258112f20cb'),
	('0D8D76F', '131c9344-7f1f-4d32-b369-3b4d00e164d5'),
	('954F4FD', '64fb4a9e-f73c-44c8-be12-326d984cfd55'),
	('4D76B7B', 'da48c418-6d2a-42a0-82b1-9eb2d2c33fc6'),
	('4459C3E', 'eee5fa09-afa1-409d-94f1-a4641f6d874c'),
	('A934704', '8bbe3439-dbc4-4cf7-ad98-8c8705389522'),
	('5206A98', 'a67801cc-9619-47ef-aad6-e6ef2247e2c8'),
	('6BDE728', '9ec54f3e-a18d-4aac-8d96-82f4189142ed'),
	('FB1F31E', 'f9edd312-d65e-41b5-bf42-01430e1ba33a'),
	('D741114', '1dfff15d-f8d6-47cd-9a29-965a29394c4b'),
	('CD1C141', 'eb314397-98b2-47c4-a48a-57b1400de1e2'),
	('E88B836', '6daad15d-5fe2-4b3d-a676-997d835188bb'),
	('A842183', '892a8e7d-2951-4f46-a16c-5ea0a3d93275'),
	('7DF5FC2', 'cd32c80b-a9a8-4299-9c10-7199432cc30b'),
	('D6BA14C', 'aba4b3c6-d3ef-470d-921b-f88f90a1b0f5'),
	('BBB18D4', '71c79fdb-8f5d-4163-955f-7c00824a7319'),
	('508F09E', 'fd03dcad-9d0c-4839-bb34-3e4d2b18c5ef'),
	('9A4E9DE', '219a0d43-9dab-4ea1-a783-e5585c874568'),
	('25EAAFD', '97668475-daae-4feb-9047-de40cd13b53f'),
	('F2386FB', 'dfeb9b43-a7d9-44df-9d8d-49c0a11b4568'),
	('DD74F49', '6fb2f0b3-4a01-4fa8-9e87-15bc1ba1be2b'),
	('962AD66', '87e28d1f-72d0-4e6c-ad5a-3f7009d0f370'),
	('A00B175', 'bfdf5455-2eb0-45cc-9519-0bf366421f4b'),
	('237F681', '12beef68-ec7b-4811-8973-5a10607b2661'),
	('BDCD306', 'ec82aa2a-1c91-4908-a62f-014298c99368'),
	('CFFDF08', '987e687e-8518-41ca-adcf-b63cd6f6ca0d'),
	('2569510', '29b758af-63ee-4087-8b26-4c545ca18629'),
	('4EB0EFE', '4e2a7d6a-ba52-48b5-b145-d08827c03383'),
	('307500B', '6d8375c1-ac89-430a-a715-ac0528d9cc1c'),
	('96E6F85', 'd8d802ff-59c5-4577-88e7-3a3ff4619440'),
	('A030756', '4aa00be5-cca5-438c-a5d3-d21ea31ecf94'),
	('9A3FA15', '97898980-92c6-4f91-87e6-99296a05cf95'),
	('125331A', '492ec57a-a606-4893-8707-76e69df3b95d'),
	('A451D29', '0533578d-d8a4-4575-9dc5-91f5b9cccb5e'),
	('34848EB', '80066da7-d103-483a-a1e9-3d8ddac7d5c0'),
	('E5631E9', '51132fe1-af19-4cf2-955b-d02a4cc6240c'),
	('7850819', '2bc744fd-2017-49a0-97cc-90c97339e79c'),
	('2260AA6', 'a5efceea-4b27-47d3-a5c0-f37c0d51434f'),
	('4B75A58', '3adaed33-2f74-49bb-a97e-211aa3f2fd6a'),
	('59E0063', '50f67d1b-9e1b-4dd7-a84e-3e744aabeac7'),
	('0F70A50', '45930945-efa3-418e-abc3-cf2777b8ff3b'),
	('516C51C', 'cd502b0f-7dd6-4af1-b5ad-b59bc28dc74c'),
	('D6FBA0F', '0e820d3d-a1a3-4dd9-9a65-0cb0848616f9'),
	('3ED5AE9', 'd33d470a-aa45-440b-907a-6f7e75bb7a51'),
	('2A65ED5', 'e265c0d8-5edf-46bb-917c-d0ea291b9d0b'),
	('88F7234', '8618e511-3873-4dc8-8d8e-0d58f4a632da'),
	('6EBC564', '04cda0af-46cb-450d-b807-7502dd9f38c8'),
	('041292E', '8e0bce3a-3ab6-4903-9e63-c08b4f950e72'),
	('5DDDAFF', '1ae7f943-99bd-4741-beaa-5fea494c5773'),
	('FA5A066', '8b62e764-6e51-43bc-8a7a-6ba9c36fa86d'),
	('11EC5CA', '51d56a7c-83c4-4305-bfec-eee61274d122'),
	('C3FE9FE', '290400d0-18ad-48d6-af8d-57e168eff69a'),
	('347EA93', '78d224c2-54f9-415c-b328-08eb159777ef'),
	('FD59EEE', '220cf771-f399-443a-a32e-99978f89e03f'),
	('7CC7330', '0dd0c34f-79cf-49e1-b257-f9f3014be367'),
	('69CFD1B', '97b14f2e-4085-48aa-b170-0ded0219e60b'),
	('36E277C', '88524038-a5f1-45ec-8d47-1210a29a8166'),
	('A3116AF', '799e430d-fe7d-4208-bb57-2e434d21c016'),
	('B1358C8', '053f11bd-3d0a-496f-93a6-e38737053925'),
	('2DD57BC', 'fd286c7d-df20-4472-9285-8b47f2cd9101'),
	('BF75AE8', 'ba3adb91-66c6-48e3-a73a-cf3e30084a1f'),
	('4AA1E8F', 'a1414493-38fe-4c50-8fb2-18d20a20a56e'),
	('10BCC5D', '15bd112b-621b-49db-92c6-27705258a294'),
	('392EFEF', 'ded3ce63-8da7-42a7-ab2f-5641308d741b'),
	('C10416E', '56b2b425-9390-4c6b-ab0c-af4265a93763'),
	('5B82E28', '343f31bb-58a3-4a5c-84c6-7475a8489024'),
	('0A0B91C', '1d7b2792-fab9-4a1b-a5ce-b25d1d2e7374'),
	('FD476C1', '2e5f011d-5f92-4e9d-8814-0102b4bb421a'),
	('38DF925', 'a068a54e-43da-4692-aa60-52141d75de69'),
	('D0EBC72', 'accb795d-d424-4833-aff7-54f69edf83c9'),
	('230B734', '172f8921-12fb-4c91-bd69-187c7b162e0f'),
	('83CC692', '8841bc41-97e7-45dc-9d0a-ca4502b9d29a'),
	('47BE12C', 'f4087b8c-29d0-480f-85bb-03750c9ae07d'),
	('F369BF6', '21cf9877-26c0-47df-b486-96e5bc0c735f'),
	('10A8139', '78b3d81e-ddc1-4b87-be34-4294272db032'),
	('529FC20', 'ad2cbf2c-581d-4f5a-ab8f-4489509e4264'),
	('0983797', 'e630eb11-5ef8-4157-be27-39fb4d8c9863'),
	('4D597DD', 'fb149c4f-f719-407d-85c7-2c9f963eaf6d'),
	('C1E76C6', '2d49f862-8ce6-48a7-a103-6d8c84ca5a21'),
	('0400BB5', '5629902e-44d6-49d9-b8a8-12a383d930e5'),
	('2B44CE5', '8377acd2-60ed-4a9b-b00d-3f35da990c4d'),
	('10B2005', '4d412f40-214e-403d-a77d-47ed2ed7f148'),
	('02C7768', '21937055-f5c5-4983-86c1-f12c98e5f3cb'),
	('24F2A3B', '3209f4ae-7984-4f03-8042-dad5f556bdf7'),
	('5E31EAD', '17637d18-d705-4648-b29d-268eeb522376'),
	('7A1ABD0', 'e4d641f7-c231-4ba1-86d6-ecd0af5776c2'),
	('EAB20B5', 'df4dd00c-7ea3-4f28-83b6-83845bad94c4'),
	('3CCDD00', '4ae885d7-8f13-40a0-abcb-73e27e353b86'),
	('79397FE', '3bebf15a-f5f0-486f-bfed-90793e7aa513'),
	('D6D8D15', '000d700a-1d93-49b9-bea7-6f5b2e08cac0'),
	('8BE1BDF', '2f72aa32-5a73-4c1b-a9b2-63297a95cca4'),
	('B56757C', 'b481f922-ecc3-4dfe-98a7-ab17950ba3d4'),
	('91A8256', '27a15e79-f543-4069-ac12-3b47590e49af'),
	('A67BE1A', '1675c703-f339-4249-853a-aafcc05f0c86'),
	('A343838', '1bfc2040-cf75-4022-9d56-54001d403f52'),
	('CAF6413', '5e252b95-e39d-44a6-ac9b-9eec62534c90'),
	('28CDAA0', '0637e6f6-bce3-4c80-ab6a-6ae36b0a108d'),
	('ACC9E3F', 'ea7f8b6a-0b12-45ea-b62a-0c69b007c2c7'),
	('BBA4DB6', 'f2ea9be6-7926-4824-9b5a-b3f4bc5f584a'),
	('9806781', 'ac4e43d3-94ae-4c6c-8343-7c496d0c8ea3'),
	('999D7B5', '9a346b2b-fe9a-4fd1-b3a6-04b256ad8824'),
	('AA4E1E7', '6aac243c-21a9-4b34-9178-ad47f71f3f2c'),
	('C76A1BE', '1c305e60-9650-4219-b256-bf391c2aaaf1'),
	('BFAA73C', '1683a239-33e8-4d9d-98e2-ceb07bdb3681'),
	('BFE1758', '102f9a22-8fd9-4452-8fcb-ff08d657a818'),
	('4F73409', '024139d0-ffc9-4e7b-a4a0-3d3ccf0888fa'),
	('665D2A7', 'e6364b63-25be-4846-a39a-6e3b1f2b83e3'),
	('4A7BAE7', '64e82a6b-14ed-474e-b383-a96647e063ec'),
	('468E05C', 'ae2de570-4e2c-4362-aae8-042c1afc842f'),
	('95CECC1', '8171f9ad-ca28-4782-9351-eaf862dd7be9'),
	('D0E7E3E', 'a6129b18-b557-4dfb-a24d-bc0dcc55c6fa'),
	('A346D4F', 'f8778b3a-23f0-4d6b-b825-918005701f22'),
	('A2760B5', '342518ea-3bde-48cd-b280-28fe472e9d07'),
	('58F054C', '83bbabb0-94a4-4a37-a9ad-a7bab1ec76f0'),
	('D5270C7', 'a00de383-f7d2-42a8-9968-7bdf98932c97'),
	('D58424A', '17b844f1-e713-4a3a-906d-4658aacb9993'),
	('0B8528D', '4bf0a0d4-4be8-4730-8726-23379a103576'),
	('8F80386', '9d6f9f23-5cba-412b-9b56-da4e651a745f'),
	('A982C71', '407f5e14-55a2-4cf6-8078-9f1172011a1c'),
	('F9957C5', '45026a6a-183c-4957-ae4a-c094bd84a9bd'),
	('BF8E47A', '51e62dca-68e2-4817-adcd-f110af65d473'),
	('68B246C', '5440bb49-cae6-4879-a424-9b2db5026556'),
	('06F49A1', 'd2455b5e-179d-4fcb-b5f1-681541ddf2ab'),
	('3DA060F', 'dfb5d291-1e07-4ddf-b8da-a18577e770be'),
	('1FB2921', 'bc5481c9-41cb-4a90-b1b3-1bc3bfccb79e'),
	('2C85FC0', 'e0f85396-3b95-4ae1-8408-06f11961633c'),
	('A4ADB58', '39a989e6-d086-4c86-86f4-b93855db2142'),
	('77026E5', 'e3f6b62c-c5ec-4126-933f-7c3cc4e0abba'),
	('5B0C0ED', 'e90472da-5d5f-42de-9907-de89b4fbbee9'),
	('2EADBFE', 'dd02d3f3-bef2-441d-a7c1-d341cefe5715'),
	('FAE1761', '16cba455-2c5d-4df7-bfea-a218a4f97c6a'),
	('A2AEB7B', 'c009f49d-553a-4ad1-b425-64dd34fad8bc'),
	('7BD8420', '5b363e65-802a-4e6a-827a-949e2f496606'),
	('302AC40', '3cb3e737-9e2f-4f19-8f10-822ff694b9db'),
	('CC50972', '597e3188-b3d3-40f9-b867-660a41f9f5bc'),
	('80BCD99', '657b52ce-e29b-48b4-882c-193d9deac7ae'),
	('64ACC1C', '4bbccd5d-354f-4163-8140-46d56a3635bb'),
	('EA5EC94', 'd3d1e8fa-d03a-43f4-a66b-3d1c17e9f55e'),
	('DF8B792', '8ce3202d-ef89-4475-9de0-d2b46109d8c0'),
	('D987331', '19bf6f9e-3e01-4ba6-8ede-cfd6458c58ca'),
	('97E53E0', 'bd24abf5-0244-4ede-a618-c2172de0d4b0'),
	('4E96DFF', 'b20d45d4-7ab9-49e4-aa6a-747f3ab7b718'),
	('2930991', '8f434683-06b7-4eca-91af-cd1072f9dd4a'),
	('0883FB5', '7a7fb404-d42c-4b5f-ba9b-a6c181ed9d76'),
	('71F6B94', '90613717-5f55-4e39-8036-6d753e1f2b57'),
	('3785AD3', 'fec718f6-e963-4185-a33e-3a5733296815'),
	('FB9D753', '4d41630e-08a0-48d1-bc96-52beeb3cb4c0'),
	('0520EE8', '0ae9aa3f-f59b-43d0-bcfa-beec1611d3b1'),
	('FC3D1AE', 'd3cd5d14-3310-40d5-8438-427b7b509d37'),
	('58B39B2', 'f5a8b1f0-d148-4b03-9a5e-c78be654b635'),
	('9DC3B51', 'c6c3c24d-ed0a-4b44-bb73-edc99e9d71eb'),
	('3E7229B', '3c835601-740e-47da-9e92-be17053a2b28'),
	('F9D3B6C', '34a5b770-133e-4768-bc28-4f60cc8943c2'),
	('FC6FACB', 'ca78f222-b56e-4bc8-9f5f-8a3b2ab14edb'),
	('8A3D139', '7e2cf1c8-f339-410a-87c8-e516f531fdf0'),
	('8057C92', '3ebe2bbc-a9b8-4452-bef3-7f8756946df1'),
	('12E4932', '39f0ed77-51a2-4ee7-b36d-86a9bfc2e69e'),
	('BC5080E', '78254ff7-a1ab-40d2-8907-cb350ffc6db8'),
	('3E654AC', 'f92f9830-41a1-42b2-9bea-c73d97efdd9f'),
	('31ECBDA', '3f26dd79-8331-4e29-9e91-aedbd45d2905'),
	('16421A5', '6aa81cbd-b54f-42c4-91a0-672bd2c688be'),
	('56980B1', 'ef204797-7f69-4dce-a073-f9b03e120c45'),
	('3D3CE19', '869e10e9-c913-4bc6-83e7-1d57e6a35671'),
	('84CF664', 'e31b25e7-d0c0-4ed0-aeb8-90c9b1c82b71'),
	('F25709D', 'b50a22e7-2dfe-4fc8-a334-c4794d55b1eb'),
	('0CA18CA', 'da3809bb-6188-414c-a1d2-a1d860ce463f'),
	('F0863B4', '7547118d-84c3-4c3f-9762-54ff5fec8ffb'),
	('F71D2E3', '22b82529-7b7a-4ed8-a7e1-2e74c5bbfbb1'),
	('D031122', '3fd05c99-576e-49e7-9597-07a06a019c4d'),
	('232D676', 'f7daacef-8cb0-49e2-8b4e-54c1971936a6'),
	('FDB2A29', '65268244-5f88-42ad-bbf1-f880dd43b14d'),
	('1D1ECAD', '656265da-c6cf-4f8a-b23c-a5385a7efe76'),
	('A00E119', 'a13e07ad-3f3b-4c37-bb59-02edb153dbf1'),
	('79AE4D0', '68fc2a8a-0e28-4b19-83c9-36afdf3bfe9d'),
	('7B4545B', '4b7e34b9-9eb3-4bfc-b851-9969f2996df7'),
	('F22FE31', '8808db29-f731-4dab-b397-552123801377'),
	('2855F95', '901952af-2a0a-4bf4-843e-4e5f54be269e'),
	('F8A76F4', 'a85d64c0-f07f-49c8-8a0b-07364c532c08'),
	('658D980', '058bf9c5-3ca6-4618-8420-1bdb8490db2f'),
	('3F92C52', 'b1139152-9703-4cda-9410-ffd87a7d000a'),
	('60F5F46', '09d1b476-cad1-4f44-95da-ba9c8566e1ba'),
	('16A35F1', 'b5a17bf6-2e11-41c0-9a20-65b8388e4686'),
	('729BE57', '78e8b9a6-f57e-43fb-8478-e3df55899f53'),
	('E493039', 'eded36df-3249-4d8d-bb71-66ed5dd583f4'),
	('319C76D', '68c300e5-4a15-40d5-92c3-0dc43f705b85'),
	('9D94476', '32c36d54-e53f-421b-ad0e-e5e5cb6d82ff'),
	('4DD2DDF', 'c53d47f4-ef14-446c-90bb-c982b82785a7'),
	('B15A58F', 'af199a2c-a04f-4513-a682-4571c9c0fcdd'),
	('A8132B8', 'b5e39135-4bb1-4567-869e-58082f8704a8'),
	('F9883AB', 'a7f3fbfa-9297-4058-9c64-e4779d515df8'),
	('BD26269', 'a1af17fc-1373-4a98-8c78-c12ed96c63f5'),
	('08D4250', 'd10defca-d814-490f-9113-3b7b28186ef9'),
	('F2195F6', 'babce3b6-d69c-4d83-b802-99465ab6750d'),
	('E557587', '0ede04dd-dc5e-4076-9578-7f9d4187825d'),
	('7478495', '0d6882cb-9e24-4c3c-8ddc-395fe470761d'),
	('46FF75E', '5d2a687f-5c80-4c2c-8194-227465b34a92'),
	('4B6F0A3', '43babda0-d17b-4863-b759-d0325b9c3f0e'),
	('F32E610', '8a9e58ae-2d1c-4acf-9ff2-1fd90c2a9cc3'),
	('013382D', 'a30c06da-136e-4352-bd0b-54ec0251024d'),
	('656DEA4', 'c079a38e-f609-416d-b212-f8c194563f8f'),
	('9E65F2E', '0c8af5ba-43dd-4d9a-87f9-3106a5b4f900'),
	('D71A0B6', '978a2b33-28c3-408e-9069-9ee303563125'),
	('B9BDA5A', '4a06ca58-cd36-4060-8a03-ce21f88040b5'),
	('B99E1B9', '4172adbd-075a-4f36-a41c-553271539ff6'),
	('4679845', 'cc1041b0-71e4-4940-9d56-dd19c3ec1a19'),
	('3D5AF9E', 'df18a6cc-b5c8-453c-b5a9-eae26683b61c'),
	('304AB65', 'c6158426-42f5-4437-b971-a3040b27f10f'),
	('A3811F8', 'fe47224b-f264-497a-b46c-5fa96a842040'),
	('CFC3BD6', '0d481733-a218-4d49-8d29-4841558b5961'),
	('DE4DA48', 'abfb08ee-3567-46e2-a531-7e8ee70def98'),
	('F3A7C29', 'f96267f0-42f3-471e-92b4-c25493ed6f98'),
	('8B07AFD', 'b6c1e921-85df-42c8-aed6-9da3b1828d13'),
	('292ED94', '0655f01b-01fc-44f4-8f5e-5fee9a7a3512'),
	('6543BC5', '534a3c76-0456-435a-acee-73906687a852'),
	('371B99C', '62895d5d-f1da-42ec-b8f3-27e55aab31e7'),
	('ABA179D', '8e92ddb7-718d-4e34-91c4-e665b80d4d81'),
	('F466240', '303a2d55-bd8d-44a6-8039-756a8dd1f6b7'),
	('FEE5CCA', '58f31c71-1f43-4f13-9e60-565808f39b92'),
	('051C395', '75c8e2af-8209-4147-8ed3-519ebf8dd1ca'),
	('D4F5E65', 'c32ab5b7-aaaf-41f7-9e0b-6fe2c879f594'),
	('9C22AC8', '7b82690b-900f-4284-b89e-9bd470cb433e'),
	('3D9BE2C', 'abf494e8-0ef3-483a-a374-3b65e07bbd9d'),
	('015CAC2', '2aa86d4e-f461-461e-825e-df87c75314fa'),
	('7181249', '59d27396-362a-4a6e-9f28-146a25778110'),
	('93FB8EB', 'f42b1304-58c2-427e-9835-35395ca7de7c'),
	('6830C8D', '89a29923-290d-44d2-8560-5b098a8c1582'),
	('D5CAEC0', '0e5432b7-af1d-4004-8550-b89c8183b2fc'),
	('613BDF4', 'a5c15dd9-1c52-4f0c-ad06-297c53007d64'),
	('4916E03', 'f4ed8629-528a-4b99-9219-12b98bb58956'),
	('8B420A0', '1ce7110a-b4a5-4934-82a8-40cab871a569'),
	('952045B', 'a2b4e8ac-2f14-4d3f-a56f-9e84ad152003'),
	('00AC59A', 'b0810a10-1210-4b0f-83f8-627b89074e28'),
	('E93079D', 'b2d236ab-7015-4fef-ad75-da9240178b8d'),
	('DBA3451', 'a78b542d-1611-4478-b8f4-06b5718876e5'),
	('8A74459', '934a13a3-52d9-49fa-a705-dee714eb2666'),
	('4D9B599', '8403769a-3512-4951-a493-ca8f15906315'),
	('561ADD0', 'd4704227-9fd3-4367-b4c5-e6c4dcf950dc'),
	('710848C', '009f2d18-0d35-4e74-8a9b-666bc833a4df'),
	('950CBC1', 'eb3d1b1f-cfb2-4471-bb2e-669cd8b0958f'),
	('D8B108D', '653816bc-b829-49a2-be74-572a6bf3356a'),
	('88A04F4', 'bdba07d8-50fc-404a-985b-4937ab804336'),
	('E94C7E9', '30a89b6e-92c3-4dbd-b455-61c56df4cc5a'),
	('B5E4BDA', '8d67347d-f180-4760-ad3f-0cb13e4d5769'),
	('5C0F7B0', 'd148b6f3-cb1c-463e-b668-b877777f32f2'),
	('E70FDC9', '752eb0f1-e126-42df-bd69-6bd80059a19e'),
	('15F35F5', 'd8bda553-1252-42fb-b241-e4dc3933fd14'),
	('71EF898', 'c7d1616b-efe9-4725-ade7-0cffc8122341'),
	('8995DA0', '40c84c2b-8b24-4316-b7f6-d60e9b7c2b29'),
	('D8366E4', '13db88ce-17f1-4e1e-b957-b367702fd0ec'),
	('4F31FCA', '43ba6937-b379-4b4a-9018-1d37154a6b2f'),
	('36AB76A', 'e77dbcd8-bfae-45ee-95d8-2caae6f60a2b'),
	('6C7F8D8', '6862389c-3c88-4278-98a6-a5e559cb6961'),
	('4B2527F', '1efdb6f8-9207-4ad6-8b67-9e11018eb1af'),
	('7773DDD', '2426ced1-b0fd-4c94-b14a-6222fa1760fb'),
	('A244989', 'e2609e2d-6bc5-4ffa-95d6-60f0b645483f'),
	('6529FE9', '21cd11a4-52ee-4302-a939-69acbf386d2f'),
	('88D5853', '365a2f9f-67c1-499c-9fbd-f0cf4a1d0af5'),
	('1DFDB98', 'a47a459a-3b28-4137-8f56-6df2f4c61182'),
	('95A33E0', '8aed66ff-cf17-4d35-a6f1-f292f59043a3'),
	('F9C11C2', '6d30e868-7760-456e-9118-fb476866c16c'),
	('C62152F', '20f4a0de-50a9-4091-bf90-5e864a7e262a'),
	('3355E8A', '5fc1c4a1-5290-41cd-9d54-4cd81447c392'),
	('8236321', '73b5eeab-aa21-4e65-a883-c2185a83116c'),
	('0425E33', '4f8cf5d8-e639-47b8-92c4-1b078cb5f29f'),
	('494CBF7', 'c7a19268-daa4-440a-a501-ddb686740521'),
	('54CE24F', 'fd49b7f7-4687-4678-b7fc-a4484563ce5a'),
	('AD411FA', 'dd481e9c-bbd4-477d-ac5e-6309cb0edf3b'),
	('36399E9', 'c3c15c8e-8925-45a0-b0a2-56de4b9b0066'),
	('8D61317', 'ad0683ac-0404-4e95-9233-e5a9399e1653'),
	('0641D91', '24ff22b9-c6af-416d-a56a-d01e01db22e1'),
	('0F95CF1', '42ad7870-a481-47a2-a46a-441e81df36f7'),
	('59B0BB8', '2f595924-6835-4bde-af11-0fa2144a30f3'),
	('0DB32C2', '220be4db-7390-4886-83bd-fc10e96cf6a6'),
	('55563CB', '1a2bc185-6602-4279-914f-53994542dedd'),
	('56D3A86', '3b479d09-a1b8-4bea-bb2d-44feb6d40b6a'),
	('35C0026', '6fdded04-06e0-4abc-b8bb-a19e03815180'),
	('29A85AB', 'dac294ef-9c42-4605-b07d-011b1e793e3c'),
	('A1B6521', 'cccd038c-0be5-4624-9f93-ca6caadb303a'),
	('470EACD', '2ef9a231-7bed-4762-b3c3-89cc7f0716c4'),
	('279F553', '7c772789-e2ac-490c-951b-bfb0aee5aea0'),
	('A76D015', 'c4904f06-9519-4ed2-8299-8184883ba234'),
	('41AC662', 'de12c14c-efb5-4f7e-be8e-426487cb6d72'),
	('97908B8', '7380b16a-4143-4470-9986-081a9c0a8174'),
	('ECFE433', '4821664e-8fb8-4220-a9b4-fda4ff6e5d68'),
	('6EE6722', '1258d337-6884-46ae-b4d3-a3c20e500fe3'),
	('A340314', 'f039d905-835d-4194-a464-2c20414564be'),
	('9EBE60A', '71987f58-7b65-4a65-883d-63916b27080d'),
	('99AA327', 'de2d01e4-8a87-4e8a-a414-bd8e1cc07ce4'),
	('4574316', 'a2ce60ac-3053-407d-ae65-d7d969fc5444'),
	('8920DCA', '83c8234c-921b-457e-8755-753340f8039f'),
	('D56D8B4', 'ae63f16a-9d86-49f4-a0c5-64b9c51aadd6'),
	('4CE61B5', '77955a4f-9d0f-40ec-bb0c-eb31ce8263ff'),
	('70BF15E', 'b008ad1f-b6a6-4cd5-9cbb-e1ed61a6d8cb'),
	('97AE425', '9499a8c7-b223-4e7f-9ba0-32439aff32f3'),
	('09ACDA8', '955c5b9f-c791-47c7-b613-a839e0a9918a'),
	('F9A63C5', 'e7e2e04f-d6cf-40b7-9f85-aa8c169c221b'),
	('125E419', '75c26380-d1e8-4a29-a0c3-dff9ab445553'),
	('04E4516', '193d93d8-065f-43f2-a47c-e41f31c16344'),
	('76FADA7', '8f0d7b82-ba79-4100-bacd-2baacef55635'),
	('DD8DA91', '291c15d6-6af2-4e18-a30f-fa951e826a0a'),
	('C760C1A', '3fb0131b-8399-454d-8eae-253363e6b702'),
	('30F7D4F', '2f768932-6dc0-47b7-9429-6689894689ee'),
	('0D1F6BA', 'c72bff9f-37f8-4a5b-915e-6e2f8ace7437'),
	('077431C', '4473051f-635b-43e3-9d74-6c7a66fe3526'),
	('0C793E5', '0c0e3160-419a-4c7a-a62e-a5f76d8dd808'),
	('1286776', '663de71c-d5d7-47fc-93c3-28492f744801'),
	('CCC62B2', '80bf95a7-2159-4775-be4a-898a3bf51669'),
	('AE65834', '77c93c55-08d6-4b7a-9eed-d081f767498a'),
	('3F5603E', '5bb52632-335c-496a-a244-f26e6dffe462'),
	('EA8829F', '1130a508-c630-4eed-b95f-3d221b1cc8c9'),
	('1B44764', '58e6d6b6-cfe5-4831-897d-f7814b0feba7'),
	('810B986', 'd3f6f3a5-f6da-4dff-a433-331cd620fec1'),
	('3852F01', 'ee849f23-831c-4a37-8930-fd7f17575a83'),
	('50A27DB', '3e86c869-36e9-4d19-bc90-d97ea379e625'),
	('B7EAD3C', '5b8965c1-d618-418f-b7b2-a10236f5a962'),
	('EF57FA5', 'b333b2bc-d0e1-476d-adbe-36fb074dd13d'),
	('ACB1867', 'b26f42e3-2736-492e-bc7e-ba3c9b6ff848'),
	('2A3B38C', 'ab686bb8-40bc-4632-a8cd-aff10e1f926a'),
	('CEA3E43', 'e738fb73-4a02-4dfc-9a71-8983259633e0'),
	('89F75F4', '1174e13f-7a1f-4343-b4be-f97382a29efd'),
	('2BFA653', '35b6cd76-3d5b-42f2-a94f-2212787a615e'),
	('3383DF4', 'a1e432f1-2398-462b-8cd2-213bf7cb1596'),
	('C25D5E4', '0ce07bda-ab7a-4a5f-8780-a960421cdec8'),
	('7DF4C14', 'b1b887a2-c9f6-43ae-98ea-c4621b17873c'),
	('6021295', '08ef7c95-5776-4e55-9caa-cf4a9dcbc630'),
	('3FAA2E5', '68ae6573-df0f-426b-8d3e-f09d4854d212'),
	('1C1C6DB', 'fcac7b68-02dc-42dc-83ad-fdf01652f7e8'),
	('64B45F4', 'c48ba229-e070-4bc0-b6ca-c12067582dab'),
	('F7B02D8', '2180f1fd-2bef-44ae-bf29-dbe311c0f9b7'),
	('EE13C07', '422fdbf4-63f7-4f9d-adcc-1dc301b07413'),
	('BB25BB6', '69fc6c75-6bf3-456b-97e9-a1c5dd192f7d'),
	('6AAA2DE', 'dc779059-1525-4732-9227-1a14d2fed150'),
	('1258FDA', '3260795a-c95b-4f9a-b693-637fc643ed05'),
	('D7619DA', '9fdde601-bd2e-4a22-851c-4fde2774495a'),
	('200245A', 'e7be87cc-cbbd-4764-ac01-4247604aa7e4'),
	('4CE94FE', '3994c53a-76a1-483a-8d77-1692ca20b7d1'),
	('0A92670', '4221d63f-04c9-4cab-a9f5-001c808dba17'),
	('691451F', 'cacc11c7-0c8a-413a-9a82-cf20b7b4ce44'),
	('1B41107', '54ff4fb7-116e-4df2-9fe6-1945d58f7830'),
	('FFA5A76', 'bdecbdba-7877-4596-8828-af3cc8c66ece'),
	('2DF5A4C', 'c5143649-1ce9-43c2-97c3-cab028077b8e'),
	('F2BA5A4', 'b86d9517-b11b-495b-8eac-6419ecc917c5'),
	('FDA05FC', 'fbb75591-acd8-456b-b4ab-003564421080'),
	('565033A', '47cab108-ebe8-4e7c-b037-9d8b8c35e54b'),
	('04D38C7', 'b3f08a6c-9d92-456f-8b0c-729f7dcc7bbc'),
	('A99047A', 'e3a6f756-3f85-4cbe-ba41-b9f7e970e94b'),
	('FD2B6FB', '7dedf4c7-74d9-4d37-8bd8-60609ffd2235'),
	('5C0A641', '24d8da78-848f-40fe-9d2e-3c03ec673299'),
	('2A6CD6F', 'b002f202-9533-4ae7-8eb3-fdb98c6698bc'),
	('E7C5545', '769b5930-77d9-427e-9b51-809f21d0ee43'),
	('AE1C01E', '6804241c-af98-45e8-8fe3-0d845e52d7f0'),
	('7A18D42', '5cf6db53-cb5a-41e9-a7a7-c50d3cb7449d'),
	('BB40599', 'ef0391c1-1dad-4d08-92b6-4ca1c01cb621'),
	('FD58E38', '2657472a-395b-4f92-b89e-43002b69c8e0'),
	('42B2FA2', '3ab64710-d33b-485a-aef4-82b9945c0b0c'),
	('AC761AC', '6ef70732-e6fe-4d65-84c7-3b29fe03af7d'),
	('2186816', '8ae428b7-e29e-495e-89f1-21f1a03c9baf'),
	('9D45C78', '58640959-b8a7-4c89-ae98-4c9bf5ff10c4'),
	('15B1239', '9ac58cc1-4d4b-40af-bba0-3181223a7743'),
	('A35A8C4', 'bb84e8ee-c3ce-4310-a80b-6fb14cc0d313'),
	('6B16C15', 'c104777a-884d-4380-8c2b-40d0c89e08d2'),
	('38582E6', 'ad5b5f86-cfc5-486e-9b5b-65e0f354e3c1'),
	('FDBA3DE', 'e5f51dd2-4ca5-4226-bb01-acf9da3c6ee1'),
	('945D95D', 'c21ce953-a650-44bc-b4be-645aa5c523a5'),
	('AC7D19F', 'd5a71fe8-d24d-40e9-891b-f8feda346986'),
	('A10566A', '08eccb87-3972-47d3-a293-d99858a34366'),
	('D3B6F0D', 'da0e1109-4022-41be-88e3-2e29fb50b8dc'),
	('D98CA9A', 'ff0e6572-3787-4017-bfdd-cd08df7248ad'),
	('01BB1B2', 'af3aa131-9c6e-4b08-861b-ffa78a7df82c'),
	('35609CD', '7ebb9c6f-a505-4966-8b39-f104b10b2264'),
	('517813E', 'baac6421-c4f6-4687-a592-af20fbe3c8ff'),
	('AF9BE8F', 'e607f59e-3b5c-434e-9e79-577697867980'),
	('01A0CC5', '1fff86a6-ffc2-408e-8b3c-6c315d7b9d49'),
	('1714DAE', '7bc84456-4a76-44b0-8377-4a78982f9135'),
	('9DD5E21', '25c1b187-0804-4ab9-8b59-ea1af6f7ecf3'),
	('32F1CBF', '6bac6c30-8a6f-496d-b0f1-d94e173d0037'),
	('C8AD923', '2933ce48-ba83-4326-8903-a5a04819a1e4'),
	('87EC6B8', '6ac6e4ab-5c6d-44ef-9c00-b1fbb85aba56'),
	('E7DD612', '097ee5a3-7a6a-4259-8576-6ff3894608d6'),
	('7D2CE14', '341c8fa3-b816-4d39-b3ad-a7f7dd8cf990'),
	('DDCE587', '47a46c95-20fd-4171-9302-2e4ff4ba55d0'),
	('ECE454E', '06c1d8e6-e702-41d8-89a2-a8e9a5c75ae8'),
	('8F69E62', '506dc1a4-d1fe-44aa-9e93-e24f7d7cc113'),
	('94141EA', '2bea2d39-d3d2-42c1-a487-b806e9478677'),
	('E3A7D6E', '676e96fa-6b2c-4a2a-8957-617d8d4dcd25'),
	('8AC5D06', '7c8e79a9-914d-4115-b40d-c7d548c727b2'),
	('1C103D6', '3b8eeb94-b026-47d0-b8cc-9fe7c75323e5'),
	('EF481A2', '14e984f5-6dab-46f6-a04b-315c67abaf01'),
	('0F59806', '0314a4ef-45af-4353-89aa-9565b59bd42c'),
	('E01DFE5', 'a2305699-7ba6-4514-88f1-9dd4cbc1888b'),
	('C3B5C0E', '467a5730-db3b-467e-93dc-f930a084d953'),
	('708416E', '531b3ab2-1e2c-4a52-927a-be9b434eae86'),
	('5CD813D', '30ba1d46-969d-43c0-b476-5f0c48a8c498'),
	('D4C489C', 'bb097d87-29b3-4730-8585-307c9ed4df1f'),
	('3E0FF6F', 'f788243d-a435-46c7-8282-eb02052527bc'),
	('42ED468', 'e81477ef-2d38-4985-a566-93d863206368'),
	('E7720C2', '91e7e0dd-afdb-4c15-93ad-568e421474cd'),
	('00D3CE3', '3074c35f-eef6-42cd-a78a-1d5326ce7ce3'),
	('5BB0B28', '0257cc20-9089-4faf-aa93-4fd6c9d5a9f4'),
	('8503A22', 'd724e785-f129-43c9-bf80-2508d35ee328'),
	('D1AD399', 'd7d7aa0c-534d-4a7e-8fc2-b38ed9d514b9'),
	('E6E908F', 'ba4a5600-e5f0-4449-82c8-1667ad0ad340'),
	('2F75513', 'abedcc8c-9fb0-4a5d-8157-517067992d6a'),
	('E32FC64', '8e979b75-47d5-4272-ae2c-abccdc7808eb'),
	('32419E2', '4fd91943-38cf-40d8-8a52-415e6077c3cc'),
	('DBE17A3', '9714d6c7-2ce2-43b0-936f-380af8d0ac1a'),
	('2373F16', '14e90528-dcb2-485b-bc19-86c61a60c381'),
	('5A49436', '4bf1c121-edda-4cfa-a58f-7fb75ea3d9a8'),
	('5B19B63', 'c57e3693-6f83-425c-8f0e-636be7f6a1b8'),
	('F43D185', 'b20449dd-505b-4020-b6b0-4b294e43af57'),
	('60A8CD1', 'c13cd6c0-56ce-49fd-a9a2-a2693fb0f336'),
	('2391186', 'e5c21a66-88d7-4b79-b34f-0fb70c6483b5'),
	('EA1F51E', 'e88ad369-279b-4ca2-a7b4-e1982a041f12'),
	('36CB6EA', '5010d7c2-fd3a-401e-8396-51ab61c73b76'),
	('A64AFEF', '388da9a7-5b35-4cc9-8adb-7f40f3978de8'),
	('D4D5B20', '3896fc7c-fa09-4aad-aeb7-4aa9b4ec1882'),
	('7C06E3A', '511b4566-dc95-45d9-b60f-9b46d4aeb2c5'),
	('EF6124D', '45be6a74-86a3-4780-8f04-6c6057525459'),
	('96E7967', 'e93b0042-37f8-47d7-80e3-917e42404bc1'),
	('6B81827', 'cc1ed91a-32d6-4948-a766-ed3f196a9401'),
	('B430D12', '93f90d5b-e372-44a8-b173-39f9f0f9b7d5'),
	('5D3F76D', 'd704f0a2-a444-422e-9b4a-7de4ed1bed5d'),
	('49D824F', '2671af50-796d-4104-be84-01e901c6b3f8'),
	('76BC111', '8b44cfb6-889d-439e-9204-271fe208b150'),
	('2EE887F', 'b1b76bc0-a28f-40a5-9300-7cddab67e522'),
	('40DBB0A', '54ef4cd5-2575-4634-95eb-a1c375c69850'),
	('2C4F74E', '5dc2bd42-ad9c-4e50-a440-901741ad56de'),
	('AC825F5', '3592f3b0-7fa0-43c0-a708-f250aff977e6'),
	('5646E45', '7a5ecdea-e198-4eb2-8679-890511b78ebe'),
	('81EA6BF', 'f0130262-3177-494b-9022-83009ff16cc2'),
	('3357C91', '72ce7f8b-1828-4e1d-85ec-61bfc25fb03d'),
	('50C642B', 'bb878f43-a427-4dca-bbdd-23520d064cb9'),
	('FDB275B', '9575405d-70ea-4760-8f30-03be031b6ac4'),
	('0D9C7FD', '9e718695-c892-4783-a53a-227a956666bf'),
	('9DEA499', '1c7844f0-4acb-4428-b68e-f773b1508459'),
	('E6DEBE1', 'e7cb0b90-8fa1-4ec4-83f9-e9305ec3a7b6'),
	('2DCBB1B', 'bf543c80-c19a-4e87-9dbe-4eab11dbc5d5'),
	('3ABC318', '8b15fc60-8f8b-40cb-ba11-845b2f80d8bd'),
	('0DD0DF8', '20ac08d6-a11b-4033-8dc7-1198b2ed9fd9'),
	('EDF7082', '7c3c2bb9-2e9c-44ca-9434-4f1157940dc8'),
	('5E3094B', '25740ca7-7b8b-4937-a5fa-0683a6921c4f'),
	('74C4C4E', 'f575454f-030b-4ec0-ad30-8bff41e07a25'),
	('744D783', 'df5ae83d-8f30-4f5f-b32f-c4d44683dea1'),
	('FC32829', 'af084354-326a-4796-b683-df7ca4e29c26'),
	('CE90453', '0b36fd45-288b-40bd-8143-163e6453503f'),
	('51EF854', '47da9a1a-4060-4002-aa54-8e1363073a51'),
	('8077A8F', '55c9cb06-a5de-4eb6-b921-ed2126721256'),
	('3566527', 'c4a40b13-a065-4e79-9565-33fbf3aaebc6'),
	('396F8DD', 'd1a68a9a-92a1-450c-bf0e-997f5512de60'),
	('9B7D4EC', '71e3f537-0ae0-41d2-a56a-76c5048fb7bf'),
	('47EE964', 'ca0876bc-a43e-4561-af7b-cebdb7f41f63'),
	('A627351', '88246c0a-9447-4522-9f2d-0ba39dac5e51'),
	('17B1ED7', '9eade1ea-c655-419a-9766-e65cddf5c00a'),
	('5B35475', '9f9a2bc1-a26d-4d96-b232-79676404af49'),
	('65E85FE', '328433b0-f7ce-457e-b7cc-7456b380bb83'),
	('E31D2A3', 'b5892c3b-688b-48fc-9f67-3a5db41880e4'),
	('F82A07E', '7805cee8-f4de-4df0-8c11-62506ccf02db'),
	('CF9690B', '3cf3c680-8c77-46b6-9ce4-d16c71a0a57e'),
	('D60CFA5', '267a2547-8c2a-4312-9584-3fa32b572eb1'),
	('C73BAFC', '88fee2d9-9126-442c-bd15-13b6c9d191ac'),
	('68DEB89', 'e618f59a-53e4-4157-9a85-2b93638340ce'),
	('04A4FDB', '548c6e0b-8333-4971-8c63-f6fdca88ef1b'),
	('1BAF113', '1b915665-ffd4-4e63-9647-55dc7a62c97e'),
	('773A9B6', '271eb6ae-deee-45a9-be09-16f2db6b59f6'),
	('5E63844', 'fec981d0-953e-4caa-830f-c3bf8b6d2a06'),
	('53BF909', '349de408-fd42-4877-99e5-3b55197a1ab9'),
	('A618AAF', '904329e4-0b8f-449d-99e9-c1e275dddc9d'),
	('F74B6DD', '83022e9d-c1ba-4ca5-8c6f-3afa0f15b514'),
	('8E4BE75', '3ee0e456-d502-4a50-83ec-1ce2ad360530'),
	('B6768FF', '644f362a-63ad-43dc-aa9b-f2101451549c'),
	('0FDADAF', '37bdd5c0-9983-4faf-988c-15e8c83c22fa'),
	('64D285E', 'bf09ab38-a5de-49d1-a10c-77685675b333'),
	('A4DA37C', 'ee271892-e750-4757-a8c9-757097943582'),
	('50EB39A', '8bbd229b-988b-4466-930d-362222b69f82'),
	('37B0CC3', '7cc7dc46-10f3-448a-8271-d152a219af29'),
	('890B661', '9cecf940-89a8-4df2-be10-7b3c1a447381'),
	('A13F223', 'bdd373f8-567c-40fa-9265-eb08798fc8ac'),
	('A9C05CC', '5d8edb75-404d-4411-9ea6-53aa963ace7b'),
	('2A29295', '7c270f38-e371-449d-8655-bd997202bd67'),
	('06D20D8', 'b85d7745-63c4-47b0-8357-cd7b7430a4ec'),
	('9005164', '569a4540-4037-48d8-a6a7-3b8b6aae003d'),
	('1784102', 'f9c3590c-5776-489a-a005-a26222927100'),
	('E7E28B7', '3a474915-b3b9-40c3-a147-02c5f1c2b08b'),
	('1CB4779', 'b8705985-ef99-41b3-8afb-0f3105e5aa4d'),
	('A2D0E7D', '2ee0d2e3-22e8-44e6-a830-e09bcbe39082'),
	('F74BDF7', 'ee867d25-4485-4d61-bf09-23b9af719f0f'),
	('BDF7C54', '4dcaf25a-2bf9-4b97-bfc2-ffdf64037745'),
	('554264E', '3daaf200-68c4-46c2-b43c-5473a454431a'),
	('CAF32D9', '1b69693f-2ca7-433b-b34e-24f74336cd59'),
	('01A893F', '61be230e-c3d8-44ab-ae4e-157d414e731c'),
	('E127D2E', '92d9a1a2-b40b-4fb6-b130-8fba2a32e6db'),
	('03107DF', '314f281e-c9c4-4b12-84bc-d385b37593aa'),
	('EEEF4EC', '39c94872-2c29-4f43-942a-6b7f912e0f26'),
	('688918B', 'bcec7cf0-2870-45b4-89f5-34e81ac4f939'),
	('F06FC05', '2963a77f-b40c-473c-9aba-0f25f48840a0'),
	('506DF37', 'c0346f1c-68b0-4fb5-9189-9107b54d653e'),
	('7E96CB6', '73072a2b-1c11-4fdf-9e2b-a5677f1cf7bc'),
	('78A1645', 'd30044b7-047b-42bb-9475-48ad0182ad6e'),
	('E390ADD', '57c9c1e6-9a37-49e2-98c5-497387aa9704'),
	('D817A09', '41d2c478-2d21-4321-b7de-1b54a82d22db'),
	('6BB5679', '8f841b55-4694-4a09-ab83-772fce6dbfdf'),
	('AA8CEE8', '7b724e63-8d2f-4458-9d8f-6c7d69aa8322'),
	('2B905C0', '3a29456f-6723-449d-b0ef-5725e3449ca8'),
	('CCF8CA7', '36c1bfe6-f635-4735-b6cc-4323cc918903'),
	('2C7753A', 'b033310c-2230-41b1-8a13-2da25f8d73e1'),
	('A95CF20', '9e0bc545-eec0-4907-aefc-50666754be2c'),
	('5F87530', 'cec3c239-5d3e-40f2-990d-84b533efd744'),
	('0BF5FC4', '18fc594d-6c63-4d60-a2d9-92d425e452aa'),
	('6429179', '73028303-7f69-4591-b233-f743890677ca'),
	('7F1FBB0', '39d2e0f0-37f3-4bf3-b43a-34667a6afd8a'),
	('A2DF67F', '04652a7e-696a-4b15-909b-04a29cc8ae27'),
	('516A7B4', '1b9a4b31-faa4-4f10-8f8a-3b3e4200334e'),
	('4C46CAD', 'a5640338-1fe6-4461-a784-becff1b35285'),
	('968A777', '26c110a6-70cc-4366-8cb9-7b8aad713d3b'),
	('E93E437', 'e9512c55-4f17-45b6-8289-56c894db3ab2'),
	('EED2783', '805abfbb-d12c-489a-84f9-04d019a16c04'),
	('9318DB2', 'f2de8699-017f-4eec-b836-92784459f10b'),
	('818DF3A', 'e27e321b-f4f4-49df-819b-a3930060d381'),
	('7C37E7B', 'dc7526a8-49e9-45b0-bfa1-234377bcefd0'),
	('03623BE', 'babf5154-ae0b-413e-a6e1-48a2ed835457'),
	('198CDA8', 'd68bbd6a-e5b2-4579-9fe0-e6ae15791ade'),
	('0D8CD4A', '0a9b9548-edd1-4d6e-aad9-7321236306b5'),
	('8412C7E', 'be5bf856-bb9d-4986-ac14-c0c407b2a1a6'),
	('CDB4F0B', 'b1535a0f-5ca3-4298-82b3-86106852247c'),
	('B1B5276', '36f0e734-ba7e-492d-92bd-a1cb1823365b'),
	('969610E', '1ce608bd-e03f-4345-b697-a97e7c18cd5a'),
	('0E349B5', '3a9c301c-cfd4-442a-b350-24733b4ea360'),
	('702D3DA', '1b66cbe5-1b8b-4625-b661-fbbd5de8bc71'),
	('F4CD5C4', '32506cbe-c060-49fc-a2cd-b99a07a02787'),
	('5F0C8FE', '5383b045-7645-4dca-a2fb-eec4ddd6d52e'),
	('7E3EC90', '9dba30da-455b-4308-a319-165f776734a4'),
	('B4CED2B', '5d2787ce-eda7-4199-af49-333d49dd075f'),
	('5854097', 'bfab999f-7936-4e71-aa16-3d34f1bcae5b'),
	('970E160', 'cab26b2c-2fd5-421c-94a4-66d4bbada95c'),
	('5A8AC06', '23a5f5c6-bd57-47f5-a773-b80b784c5255'),
	('5A479A2', '626159ae-2a3f-4462-b8ce-a21c41b7fb27'),
	('AC0CDB0', 'a781085f-f354-46bc-810c-104313c09e56'),
	('5A690EC', '2a8984ab-8db2-4e91-acbe-66da89b3e397'),
	('D2E533C', 'ebb05fc6-df6c-49f0-b041-4ee5fc6b307c'),
	('5101DD3', 'df23aea7-0220-4a31-9955-b0a47d9002a4'),
	('1C7C3B9', '2a541c6f-9ddb-4c45-a73d-d7a5c7b35475'),
	('89441E7', '0aad95cf-390c-4866-92be-7a70e1d8aabb'),
	('B1D694F', '66eac931-808f-454d-bdff-1d46d071c1ae'),
	('8C2BCA1', '50cf5384-0e6f-45da-800a-c271cf22235c'),
	('4F78AFF', 'ab335f95-341a-460c-92d3-5a14b64162ca'),
	('DF5D018', 'd21a6d92-cd6c-4060-a348-20505df6f479'),
	('FFD44DB', 'e1cb0e9e-795c-48f9-8c51-267a7dc0735c'),
	('94C9FB6', 'c8542e84-2ab0-4b2d-a5e4-a41a12cf1c46'),
	('9C6B462', '518e3377-050d-40ef-a9f9-30ee4195a1d9'),
	('7B85A98', '827a279f-d9b3-45f0-a57d-b1cd411f9c15'),
	('423C80F', 'b3f82797-503f-4ffc-b910-bd9f2feb933b'),
	('C8893E7', '2bf16b71-c247-4e74-a81d-737dc03f9253'),
	('E287AEF', '60468a6c-50a9-4251-ae4f-75671e7da16c'),
	('022F7DC', '3919a1bc-07e3-4914-8a75-f0f1dceef169'),
	('5BDDD94', '6eb78b14-e625-46a2-985c-b401368787fb'),
	('ABCF501', 'd666d404-d0a0-4ff2-b07d-d48a451aee07'),
	('1665694', 'ea12082f-7f4e-4482-ab53-d569774e3c44'),
	('3A9BE73', '66072145-e084-471c-a504-624c5767622d'),
	('E2B73E3', '4bc2ad9e-5f3c-4b62-9012-3d8c677e1bd6'),
	('0499882', '6208b746-cadb-4bc4-b2b0-7acf77450f44'),
	('19BFA40', '737b059c-d9f4-453e-913a-1173987c2fd6'),
	('C654786', 'f47dccf2-7eea-46ea-a5ec-e93a99e7a546'),
	('87D02D3', 'af8001b4-8596-459b-a84a-36e15e4e6efe'),
	('D4EBD3E', 'fe68720a-9c03-4340-800a-f76057e7b57f'),
	('6B5377A', '11d783cb-8855-4c49-93f4-a60821572167'),
	('C60987B', 'caa686c8-762d-4071-9897-b52de58f84d0'),
	('593192F', '4fbd9aba-c6d8-4e57-9c49-fb7913ba722d'),
	('0F8A432', 'fe117cad-d975-4540-bb15-2ba6127afb28'),
	('5DFF1C8', '69bae932-fc3b-4648-8ea8-36276057305c'),
	('AD4B458', 'd3ee4f53-3ef0-4a49-b8d7-35a21feecb64'),
	('B395045', 'f170876b-4f4b-4b09-8f82-0fa8fb23f530'),
	('867F523', '57e57aae-0e75-4402-84c5-9b528d27ab50'),
	('95B4365', 'a1b63ca4-2918-4bd2-94be-c9d24777e580'),
	('66DE8B8', 'c7923b07-34f5-49bb-8013-e59ce079164e'),
	('1107E67', '74bf0267-17f9-478e-884a-120359bbdf19'),
	('C9B7588', '9eb21bbf-b50f-4dec-aeb7-88ff4e1e722f'),
	('74E394D', '4df7f25c-da89-4a71-9cd1-225e79f8e6f2'),
	('A8DF10E', '7635cb93-b596-48d1-b2ba-9dd20d47f99e'),
	('3A1FD43', 'ac2d4aa7-9f4f-4682-a5da-fdfec69e56e3'),
	('AAF1BF0', 'f37a72e9-c9a7-4b7b-8f18-3c8c6fa58c73'),
	('4FC742B', '8ba1741d-08c8-4bc1-97c2-d3f8da4b2bb2'),
	('3168404', '55f8c35b-5193-4c78-8a4e-e7be63156446'),
	('30691F4', 'c6bf0dfc-3af3-46d6-bca0-1f52b40dac1e'),
	('188AFE4', '98302d7c-52e0-45ed-ae22-7ec775f858a2'),
	('5A58FEE', 'adc80e8a-0f00-4430-aade-15cf45a89109'),
	('CB26E76', '02186d59-968b-4af7-8cb9-58958c38501f'),
	('1FA928E', 'd2975909-61b8-4500-bbf4-0e6d9933696c'),
	('E6D7408', '4f79af3b-303a-48f4-92fe-6ae554555ed1'),
	('270C18E', '81997833-331c-4e6f-ba08-805426fddf72'),
	('E919486', '4d0dc3b6-8b81-4194-8015-163ff0e31056'),
	('82ADCC6', '06f88402-df30-432f-80ec-66991d34a2f6'),
	('AD66AAB', 'b87a62b2-ef80-474d-871a-87f9888f8a5c'),
	('C56E002', 'c7494f4b-4dc0-4341-97e8-24080d3515d4'),
	('10CFF9B', 'efd9dc86-6e5a-420a-a52b-0c70725b434d'),
	('9536B97', 'd3a30572-8460-42d1-a60a-59cc74ef2396'),
	('F337169', 'a4f4914e-6244-4033-adaa-289f119b1c28'),
	('9F24090', '6272cb0e-bec4-4f33-abfd-e15d973e52a4'),
	('148376E', '446653e8-efaf-4fdb-a7a7-02a5bd6d2676'),
	('ED37D2A', '6f35bcb0-2e63-4484-b260-48d3a6875f7c'),
	('CF75783', '3c61fc66-51b4-4e42-a8ae-ba7c2e2c9b80'),
	('77F3CCC', '3c518959-ad92-4bfa-a858-a558549f8453'),
	('7BF2FB9', '7d269b23-c1c1-4365-b510-c03e4ce734d0'),
	('CFCE33F', '52347f57-7166-4c4d-8277-e69108178391'),
	('9AF4763', '806c0a33-0fc7-45d8-b2df-98a3ee494ad0'),
	('60A1169', '69b7ad52-1338-4fc1-afd8-5ed01103fd8d'),
	('EEAB83E', '611d5283-9d4c-4921-aca8-b1660c09e09a'),
	('5E8C2F8', '63e0059c-771c-4285-9fa2-81c2907cddab'),
	('463B951', '5eb74bd2-6a1d-44d3-9918-c798a8e90d3e'),
	('99F0FF2', '3c0df376-d627-42e3-8830-de35fb9a7480'),
	('6F08996', '250a38c4-87a8-4273-8627-4718084dfca9'),
	('A449E8A', '6b06ddf5-0890-424d-8207-c4cc4cbd9e7e'),
	('0E6E4C2', '4dc78a66-aa98-45bb-95f2-9f261979b908'),
	('06C2A06', 'fb39d8f1-0738-4260-b067-8caefb0bbe77'),
	('3432C9E', '37404a46-12fd-4e0e-b9dd-36ce86af2e86'),
	('B47A435', '830176b7-148b-4986-88ec-98c4dbf3d54a'),
	('16AF052', '1ff8ae48-5872-4019-a7ee-5edded66ab07'),
	('F7B863C', '447110d3-0c03-4409-9044-d23495268642'),
	('7F7E0F3', '6c03c183-448f-4073-a37d-45a40b713c6f'),
	('0C166AF', 'c859ac13-37d3-4584-ba28-c477d76fc786'),
	('C7E6C62', 'fbd38ae9-0a01-45a1-9d84-7bb4b136ef2f'),
	('F3CA4F8', '8bf728de-cf90-4fe9-ad94-4c3348f11d23'),
	('EBF9C34', 'de126ee8-bacc-47c0-9663-bb427983994c'),
	('FCA0A28', 'fdc04d6e-e05d-49bf-9019-c39620c72501'),
	('CFA4949', '0e40dac3-25f5-4b3c-941e-50a0c8e48864'),
	('E5B257A', '18e66481-1f94-478e-9e29-c80047ff654f'),
	('353A0A4', '51f65732-3763-4085-ab1a-0ff5bf7f3701'),
	('2FC56B9', 'f142845a-34ac-4675-869a-a0bf8edf8ed0'),
	('A9D5974', 'ecddc4a6-7581-457b-846a-29eb3781ed32'),
	('4F64813', 'e9085c63-ef1b-40cb-819a-74d7bad63a27'),
	('D4337F4', '0c3bac8e-b038-41ce-99a9-e0f2bfe3c8d6'),
	('0E5CB06', 'a07d4e46-e98a-41c3-885a-10d2231ed5d0'),
	('E35CFEE', '2bd972de-91ef-472a-8a27-cad90bac3e05'),
	('2725118', '234b5b34-4d40-420c-b82a-8f9d0cd275eb'),
	('253E237', 'a0d55bf7-2f3d-4976-96b3-31baac23cdb9'),
	('93CA24A', '23880b5f-e38d-4df1-a3ce-f2eafdf1c5d0'),
	('7534F7A', '60f10c7b-11d2-4287-8e6d-3c84799be004'),
	('E1CAE0E', '619ee772-f94a-41dd-a6b8-3ab6975f8aaa'),
	('A0E7C53', 'c56a5e43-6911-4f28-ae70-3eee529cbb69'),
	('02C56B8', 'a30fe928-9c1c-4846-ada2-5118030e6aea'),
	('BE7E6F3', 'ab8c942d-3439-469f-85b0-b0b04ae9987c'),
	('3058875', 'f1c095a1-671d-4165-b5c4-022fb668561e'),
	('CD3EBAA', 'b220a423-d960-4ef3-b900-285a96801b93'),
	('D8E3525', 'e447c2e7-4186-4868-8e84-1a8b1e4eba7c'),
	('A7667F1', '887f9b7d-70bc-4693-84bb-313397f7cad0'),
	('ADA3480', '1a47f7bb-950d-4d32-865c-a06cf1c347b3'),
	('1F00781', 'f6ba6281-5543-4d1d-9f5e-b7bb2ed1cc10'),
	('BE63B84', '7b9a0a88-2b5e-44b2-853f-147f5b4404f0'),
	('B24197A', 'ed0d7ecc-056f-4fc6-b1d9-56fa282c2a7c'),
	('A1E45C8', '58f1b2d6-9b89-4d63-ad5a-7bb9cb8362e4'),
	('3583ABA', 'ab8bd8f8-dc8b-4fc9-a0d5-3c6895e69ec1'),
	('40C8EAE', 'dfa31598-e172-45ea-8425-8548ee7d1459'),
	('2AEC2F8', '150b7787-c714-4e2d-9eea-701d7ed3ff97'),
	('D43AB03', 'dcbcadfa-6e54-417e-aee1-9f3a8d370921'),
	('B4ACBAD', 'c7f1c932-cb8c-47bf-bd64-7ae780c65e0d'),
	('0294FE6', '7f98bf30-005f-4883-9ffe-0a1272838605'),
	('4B7A214', '8f734c7f-3f8e-43a2-811e-df0cb104dd1f'),
	('AEB85D9', 'b480c1de-f940-4e76-bb2a-b196ac6c2971'),
	('875229F', 'dd0281a8-4421-48e8-87ae-a626adaf347f'),
	('10AE158', '4eb24422-358f-41c1-a92d-b742881ccde9'),
	('6458688', '9422d747-4aa4-42df-b116-e58cb66c013f'),
	('503BBFA', '388324b8-08a0-4881-8df1-0f59c2e7a84a'),
	('59CF132', '0efff522-dc1d-413a-8f3c-80a5ee4c1d65'),
	('D5261C2', '4de24f5a-7551-4a74-b424-113b6b967a31'),
	('A7998F2', '4cfbe112-e9b1-49ff-983b-28f5c331363f'),
	('992ED58', '890232a2-b808-4211-b01a-c2207551b660'),
	('449C357', '8f04bf9c-14ad-49fe-b1f8-a4b8e39650cb'),
	('4F13C5C', '5da71948-f634-4bb8-9f20-99ce7fce41b3'),
	('240BDA0', 'cbc373d8-d3c6-4f9a-bb0c-d47efe5b661a'),
	('9B63BFE', 'd7e63f25-9dd0-471e-b76d-64d12fae31b6'),
	('F2191EA', '0659ee49-5faa-44e7-8c42-e758a0b81be9'),
	('B8E7991', '125ac4cf-9dd4-43eb-9afe-2052f1368731'),
	('0A19EB2', '4701a5fe-94d3-4bb2-9243-33364bf3cffd'),
	('3E54D06', '049f11bd-f5f9-4cbe-b6ed-b09e1eef728a'),
	('6E3A2F6', '5b5d1b14-eb66-484d-95e1-a5be11f904aa'),
	('25F1EE1', 'faee7a92-db29-465f-8dfb-f6714e40a4df'),
	('6379E5E', '3ec28e59-6343-4f25-8c5d-746f105a89a2'),
	('C521D30', 'd5a5a3c9-0793-4e99-8734-4f28db2c127d'),
	('0BE15AF', '4fc8a532-88a3-4b6d-ad88-7280e20afe82'),
	('1385F59', '13d01297-a2a9-4c0f-bbfa-ed54ff279347'),
	('0C5F143', '103c104c-3635-4bf4-aca2-c78eca0420e8'),
	('9E3E516', '920a63bb-7f70-45fd-b713-98496363e662'),
	('DE643D2', 'dcbfafe0-4cb3-4ed0-a7dd-2b81955d9af5'),
	('28FAD1E', '21a2d295-8958-4797-818c-17f168d07866'),
	('6C384EE', '17684ef0-46c6-4bb3-8efc-abaef1f8c580'),
	('B78DE6A', '1d0a75d1-2d8c-4627-8ca0-f3a594720b78'),
	('98E874C', 'cb69b631-65dc-4115-8fea-6ee8fe77a150'),
	('BCACECC', '90686174-b2ed-4620-b439-4e7860f08abf'),
	('CEB15BF', 'c2c81667-b527-4c90-8aca-709f83a491ad'),
	('8C3230E', '109583d4-b803-43c0-addb-a2d256dfb8ce'),
	('C06CAC3', '034e5625-e1a8-4f24-99a9-03a876a81c30'),
	('D3C2682', 'a70b1eb8-717a-4b54-a77a-fa9d64e5db78'),
	('7E0977F', '281d0d0f-6d85-4862-aa8c-0ec9e116f8ce'),
	('2976A20', '67630e3d-33e4-4081-b01f-e581d08dd96b'),
	('6397911', 'ad199d54-0e9c-4604-ac31-d4b89664b853'),
	('B1AB3F7', '832d9dbc-6aa9-45f9-89d1-d9617e677e77'),
	('CD58FA7', 'cc5977af-6dc1-4a5f-996c-d54f5d51230d'),
	('8E5FDDB', '66e051f0-5e16-4d84-baf5-960fc3c6e582'),
	('C7D4788', '87d6150f-744f-47a5-824a-baf52ac45e73'),
	('38BF5A4', '965d1339-7581-4075-b989-c4124fc65fac'),
	('990EA9F', 'b9016a4e-a5d6-4512-b3b8-45ca1bf57082'),
	('E9273DD', 'c7317026-45bd-45e9-88cb-422fdbda2ff9'),
	('5CC4AC9', 'b8b1a841-2a64-4540-aef6-00bd43d318f3'),
	('A8A9658', '2862e4c4-dc40-4829-94ea-6182f0f8e634'),
	('0589B3A', '56e101e6-0561-451d-b1cb-bb049d83609d'),
	('44F9F7E', '104a2db9-e013-41b5-9d3c-484c1535cac0'),
	('CF90025', '2f56dce9-ed97-4ff1-8190-fe20e862ef72'),
	('B22E202', '09814357-1fb4-4f4f-9d01-4667eb7728cd'),
	('79413AC', 'a7d547be-2a3d-4c62-b8f6-42ad0ba02d97'),
	('3BCFE1F', 'e5a7ebb3-ca5c-48ae-879f-48e5dfa06ddc'),
	('E3089A1', 'b8011aca-45f1-4487-a478-db144fbf28a4'),
	('78D31B3', 'ea4bd4a8-9335-4f20-84c5-553574ea8980'),
	('ADE9C1D', 'b7f0fdff-6563-4bdc-b064-7ff0560e3b2d'),
	('BD24C2E', 'd5fa1426-9985-4161-99f5-140b275b9b2a'),
	('3CC4BFA', 'd9c7c013-2ade-46fe-a7fc-11c66b2d31d2'),
	('595811B', '71016acb-e6c3-4f9e-815f-68f7a8ff7bc8'),
	('664A72D', 'ab6bfc39-1466-4d3b-a63c-1b54e248c047'),
	('C2B20A7', 'faee0d05-cd61-40f2-a1b2-a715af9a1c33'),
	('0B5D238', 'ed276492-60e8-47f6-a5c2-6358376240a9'),
	('FD2413F', '650fe62b-9ef6-4e93-9f53-b8eba2c07933'),
	('6180771', 'e76a5cd3-c15a-4ed5-81c5-2d869a315ba5'),
	('0A63BD6', '24326520-289d-4594-bd4d-ac7bbcdd21bc'),
	('F3E1086', 'ecb4463e-fc06-41c1-8fab-42506ceb00ef'),
	('0D4C88C', '34d2ce7c-49a3-4d2e-92b8-bfa5d1b2943f'),
	('C89DE03', 'b6debc3c-946c-4ba8-a489-ceb75ab420c1'),
	('EE725B5', '1d97a479-106f-4435-aa19-fa3fecd044a2'),
	('6F04990', '2e40e356-8a54-4dae-bfdf-28d5b6ce0184'),
	('BD924E7', 'ceebf1b0-452d-498d-9f22-e876cc51c04b'),
	('A45E006', '13fd8807-8eb1-4b66-a325-5da874e5659e'),
	('A95CEEE', 'b1367565-bf87-4a82-a845-60fd27d6eecb'),
	('D8B36FA', '07e5ccac-1d08-42e1-bdd8-708a1031248d'),
	('BD462E3', '2efefeb6-1512-441f-a4e3-37201aaf7cca'),
	('8947771', '45415a12-8f6d-42f4-9cc8-3e75b3faf1f2'),
	('2F62732', 'cdd52f77-1edd-411f-b461-aca7ab2cd0fa'),
	('857BCD0', '279b7c74-5421-4e8f-83a9-e4b32f077f3a'),
	('DFD09C5', '38ef1af7-a62c-4860-930e-4788dfed7242'),
	('9C48C0E', '3db6e23f-3228-423a-a98a-bda932479099'),
	('F57F184', '70be2cb7-77bb-4c16-b720-a3ed8f77a894'),
	('7FC1767', '257c413d-0ca3-4b51-a155-1a77c1684cdc'),
	('A1D4AF2', '0b99bb5f-35d5-4bf4-a393-f464faa3aa51'),
	('B7A1011', '36a7996b-4c82-4763-a8a5-f92da953cb53'),
	('FBF18D0', 'abab700a-5efd-4282-ba36-f3e4d137f028'),
	('24933B8', '579a6db1-1858-46a2-907e-e0daad2e1978'),
	('E199B0F', '20a4e1e1-ce3c-4c47-b969-bbd0b3535d40'),
	('7C105D0', '48f6fe40-0c9f-4163-a1b8-30148e48d818'),
	('711B0FB', '041d9457-489a-4be7-8898-b7f3bffb4d26'),
	('042EE3F', 'b1e47179-60ab-45c7-8a15-25f4a716cb94'),
	('AB94E78', '82b10c57-9d8b-469c-a8da-0cc2bf359070'),
	('3A2C5FF', '96550fd5-31cd-42a0-bdc5-f8bc373530ce'),
	('5FC3C89', '408c47c1-582c-48fd-9e2f-e35541e0dd91'),
	('F9100C1', '93a65b71-fca3-478c-bf74-5f6d67b9cb46'),
	('9693A27', 'c1b720a6-bdc3-48c2-9fdc-aee074d9a0d0'),
	('447724B', 'd0438231-db5e-43ae-9b34-022d6ea9a36f'),
	('7540E39', 'ba60e211-83a1-4805-aa85-61f269c5a1f0'),
	('F2F1A6D', 'd6f3005c-251a-4d84-ab4d-da378057ded1'),
	('F85C8A3', '91bcf082-3d02-4c39-aa1b-b314835af902'),
	('1E7E9DA', 'acddf7af-022b-4e55-a128-f8cfaefb7d45'),
	('AEC6C9D', '646df4a7-ddbd-422f-a64d-b410774df1df'),
	('6EF0ABA', '8ba04640-dfb0-4f2c-a986-fe8f74055fea'),
	('F6FB2A3', '621d77db-ba15-4625-ad2a-ffeda634b8f3'),
	('7EE095F', '697b4d79-bd7e-4db6-abe1-6831a27a56e0'),
	('0AAC8F6', '7d922488-914c-4375-acaa-f4a52c537e99'),
	('23C8BCA', '1f4f8693-2b80-4cf2-bc33-2eb4b06a4ca8'),
	('81449B9', '252c0d35-6a7a-4ac3-9a3f-1d92d720bdbe'),
	('414ABC5', 'e9fa32bc-e9d9-4385-80a0-5221097d9476'),
	('F5A2AE8', 'e46c9e7f-1454-4ed0-ae8f-177756f8abd0'),
	('75C1108', '4f707061-0bbf-4f33-9ddf-e4783dc13466'),
	('8544A60', '750ac62f-4f53-45f1-af89-2be264a8f742'),
	('E9B8DF3', '3e0d1953-f74b-4791-bb30-3fb7b2ae2f6e'),
	('0A02C09', '8aecdfa8-10b1-4933-8b3e-7cb3f84cd603'),
	('BC2A0DF', '06ad58c0-1067-4e7d-92bf-a0c5d4c336ec'),
	('A866CA6', '1a20fc0f-c83a-41c1-9dbb-498f734357e5'),
	('2101359', 'a2f763c8-26be-475d-86aa-3d64b65ba351'),
	('80A5C3C', '6056d440-63ab-4468-b9af-6daecfe73293'),
	('58C061F', '8698494d-e5c7-493c-a4d7-17e649cad956'),
	('A3E59B2', 'c659a46e-8c19-4021-923f-8a06a582c14d'),
	('5F331F0', 'de25efa3-c2e0-4f86-bd8f-9c926603f7ae'),
	('46DE634', 'd6bba728-854a-4cca-937d-9e48cb08d653'),
	('F2D12E2', '72cb6e88-db53-4acf-a6da-c06b47cabc4f'),
	('ABD27E5', '801140bd-1f26-4ce2-b151-86d4d96671b9'),
	('D3C7617', 'f20851c2-8bb0-4099-8c7c-c76215abd406'),
	('345B5E6', '11d2d005-ff14-4c74-9627-4657e2dce4db'),
	('B60E1C6', '8a322ec6-c28c-4ad5-94e5-54d5c9bed39e'),
	('0B299BB', 'f4a0a379-625a-4c9e-9c3c-2153e7bc7fa4'),
	('DD01C92', '5559b6e8-9a01-477a-9a92-503948944070'),
	('A2B9ED1', 'eb8b02ca-2e98-44ce-9a58-906bff8fb398'),
	('EEEA2A8', '2ee995e1-4215-4969-b0de-6683e266b995'),
	('1134E4D', '9582f710-6a5f-4985-9a73-8132b8cbbe3b'),
	('CAAD259', '7a328136-886d-42d2-ab17-fcd07001b2f7'),
	('DF5CE4E', '812a0d59-6c8c-4964-8b55-012884f653c7'),
	('CC51E9C', '45dcc072-914c-4704-8718-06889fd91dfd'),
	('072AB1F', 'd9e8e84b-5cb4-456f-bd1b-a0573967e8c8'),
	('B12F858', '64226663-b6d4-43fe-b5fd-ef4b12f3cafe'),
	('B2825D2', '45c4a222-c08d-40fa-b337-b49cd24d5cae'),
	('70BE9BD', 'd6fe2615-6588-48f2-b13f-38989cb7c9b4'),
	('332044C', '79527906-3fbd-43ca-b549-3066f495b4b2'),
	('7675FB0', '530cddd1-5181-49b8-8e71-40902269fc8e'),
	('DDB9CE7', '1ea0a3f8-faa8-4815-be3e-9714392af371'),
	('DBBA89D', '29816429-90b8-4d6c-9b34-5b80169638f6'),
	('1C91C3D', '92c7609b-5955-4ac9-a6df-92126ef5dd84'),
	('1ECD1C5', 'bbc4c353-80a2-4b1e-9d81-354a277bdcec'),
	('C29D58F', '406281f7-dd1a-4061-bffe-93266b680968'),
	('0973C31', '6b211376-3e82-41ed-9d97-3630698ee560'),
	('D390960', 'b4163cae-d810-46f9-a926-c68e84b0358b'),
	('D4F8098', '17461f0b-3d91-4fed-bc79-b3b4912ad4f4'),
	('9A380B6', '08924986-90c1-4348-93cf-347fb77fe437'),
	('B55F4E4', '5ff533ae-b7c9-4e68-be31-9ded3e8e77a4'),
	('B73E8F4', '5e7e4133-3493-4e1f-84be-e479961de53f'),
	('879EE15', 'c7df15bf-dfc9-4647-9d98-610b05413c60'),
	('52E1558', 'b6dfebf6-40e8-4143-a7c5-cff7e6f2f9a0'),
	('B4F04C3', '9798bdcf-976f-4371-8909-3cb59cb2ae28'),
	('87597D5', '6844a276-eee8-49d2-9d9c-04278927f7d0'),
	('93B2AA0', '0135bd3d-9a3f-43d4-bc26-78400ea0dcce'),
	('EA2B565', '40c3c886-6094-40e8-aa40-dbf6270c751d'),
	('9985361', 'f3e29cf7-2916-4c4f-a650-b40576515d8d'),
	('5CF11EE', 'e2808c59-2c1a-4abe-9540-56c399e24b24'),
	('D2A3AAD', '5c99011d-8dd7-443f-8018-468ecca97d4e'),
	('0B33BCA', '8e1da5df-4310-47b2-9ff6-e1ff9938bcaa'),
	('5B7B748', 'f5572d37-dbdd-441a-abf2-e12b8e4b7893'),
	('6999472', '60652210-119e-4aa1-ab2a-4cab174b1ce5'),
	('B5F4A28', 'e1f0ec28-8df7-4a45-acb0-3bd05f5836a9'),
	('E2F32FE', '5a59189c-0887-431e-9da3-e962ff685230'),
	('93FD25C', '97913283-7177-42bc-9c22-c1f0936413fb'),
	('4BCFA10', 'ac2567a6-965c-4b06-91f5-9d54ec7cb84e'),
	('32FFE50', '6e84eda2-2122-4c42-81b4-b75f1c3173a7'),
	('DADDBA4', 'ccd8b33f-1fb0-453e-9f1c-2391a1ff3bbc'),
	('632CD3B', 'dad4bb81-08cd-4411-bc7f-d4bbd95544ec'),
	('B1967C0', '24dd29b5-8215-4cbf-ae21-ecc7843ab2d5'),
	('0D0B8E9', '66f38fb2-74d8-48d9-9252-7dd2879fb44e'),
	('C740A31', '0d47c73a-e507-4b33-8b25-4ce1ec1524e7'),
	('3409B7B', '43a708a6-43fc-4878-9857-7a1cb517175f'),
	('BA1EDF6', '83ceb4e0-40c4-4f75-90fd-4149c5679931'),
	('BCFC9D5', '199a28e2-5307-4668-8db0-57454688809f'),
	('564B8B1', '07a603dd-d6bb-4b09-a4c8-6a352a8f7f74'),
	('EF24CA9', '5146a06d-58e4-43a9-90b1-c00af001b48b'),
	('C0BA403', 'b111da5f-7f3e-4a6e-a65f-3c932ac8bc75'),
	('16439DA', 'ae8a1eb0-4856-4b12-b572-b06c6a8c678a'),
	('9380EAE', '882e52fe-7ac7-441a-8295-c12e8c00240a'),
	('002F073', '6a347556-8b20-4a83-8b4c-9352382ea012'),
	('2A4DA43', '25f10914-3b8a-4328-bd48-feb8ffea887c'),
	('570EDE1', '3e57b592-709b-4a1d-a962-1d152c04d5e5'),
	('FA80102', '27c39531-7c31-4e06-a62e-f2a022e4e362'),
	('60EEDBA', 'a55fc0e4-1598-4e8b-8fff-18d3fb11ca9f'),
	('8BEC954', 'eb88aa2d-7e24-44f7-bce8-c88ba1a8137d'),
	('50B4879', 'a6ffa3a3-c692-4af6-a8b8-1217addef6e9'),
	('ACFDAF9', '0db7178c-b7d0-4f66-84ea-fed3428be810'),
	('477350B', '9bd385f2-9c9c-4abc-a754-c7f7baa87d1e'),
	('FC4F137', '153a59a9-f4b5-4e55-ab37-e3018be959c9'),
	('CA1FBF3', '65ab2b3b-7628-4999-a9b8-f8aef4207ba5'),
	('A5E26EB', '5b772260-21a9-4c5b-9bc6-bc1c5cddfa47'),
	('9466875', '4ba8b23e-61fa-403a-a318-ee893a790306'),
	('00B516C', 'b70e1162-2dfe-42be-810f-d515f7edd2ee'),
	('8D495D1', '03068e3c-d679-4d32-9d18-433045cc1621'),
	('468E36D', '31e9bf2f-88cf-4305-9cb6-47220d332041'),
	('1442299', 'f44a3917-69b6-4317-b9da-724c907754ac'),
	('244C198', '531123ac-0a8e-410d-bf9d-b8b82612c60c'),
	('7A2B533', '008fbbcb-9caa-43d3-85d0-94f6c5e10664'),
	('8B2A519', 'd0a920ca-4516-47f5-b441-92a5cf51509f'),
	('B3644C0', 'f9413123-782f-4d95-96c5-a9891f25dd41'),
	('4E7C875', 'd724108e-1b3f-41e2-99b2-0226f3b499f3'),
	('9322136', 'a6cd9ff2-3af9-46d9-b9bd-a722e24a130b'),
	('AE2099D', 'f9a3b8ca-f5aa-44b9-80cd-1bfb76f10f53'),
	('43D33A5', 'e3bf107a-c8e7-49e0-b599-00745e08b599'),
	('319965F', '083dcdd3-148a-4ac7-9540-358e3a63c667'),
	('EF98A09', 'c2995fde-e0a9-476b-914c-24d91fce06db'),
	('A792634', '5142f242-cac3-449f-a322-d7a7a9010fd0'),
	('3F98881', 'a50d6cfe-568b-41bd-a392-c8494b6a6943'),
	('BAE894C', 'f066f012-72a9-45bd-b86a-de48c3064628'),
	('F192350', '2e0e20e5-3333-4faf-a225-9af21916264e'),
	('BD6923D', 'a939e2b3-0ab8-43d9-8c14-417f14a67117'),
	('B3C6E12', '3ad49fc6-6270-4223-af12-3ce2891129b4'),
	('8BC864D', 'e0a92534-4daf-444a-99f2-97f58fab1bfd'),
	('122BF61', '883c90ac-11b0-4558-ad4a-f0f56d672395'),
	('A42874C', '41a54c5c-2881-4e47-806e-9b820e9df49c'),
	('A880E80', '7a6cf260-892a-45c8-9880-55bcc0993a8e'),
	('28CC33A', '34da53c1-dc49-4500-b6aa-f1a2d23ed356'),
	('FDF89BA', 'b5d00670-0cd2-4dd2-87ef-2a67e6bdbed5'),
	('A0A2CE4', '7c91a57f-088f-4e59-9789-18aa33e2525f'),
	('E91098E', '0b7a10fb-2a75-4cba-9af3-7af48f18a0ea'),
	('69E0378', '9b033950-e6fa-4a55-964b-120ffafe66d7'),
	('6656766', '03bb788a-ebcb-4146-b1fb-6af77234c437'),
	('07E36D3', '9d788315-586f-4b94-a6c6-38287f38b159'),
	('6AC643E', 'b883b2cf-4dcf-4ca6-834e-f0e13e1ea2ee'),
	('63C9EE0', '88fe56de-42ef-4ee6-b934-fa8fc9d68cea'),
	('6A68C90', 'fd398363-0ade-41ef-9fa5-f7c80f69a2de'),
	('32E5FEE', '36944d12-e56e-40ff-9607-772a213634e6'),
	('4522C4F', 'e0ddc144-bce8-4420-b56a-3e1f6289e690'),
	('D21DF69', '7433fa25-4d07-44f9-856c-aeba3efaae7f'),
	('BC1B902', '737396ef-8d0d-42f2-9349-5bdc475a85bc'),
	('865A7A2', '014d5e8a-ab25-428c-93ae-26647158ea05'),
	('B3CDB8E', 'f1f6bed4-e56a-446c-9dd0-d76255779a8e'),
	('F5C87C9', '53fc1216-cbfb-4bae-8f46-30a9dd12a196'),
	('CBD9D25', 'bb20439b-04e4-433f-a7a4-9108afc8b447'),
	('A7EEB08', 'a8d16192-c95d-457e-874f-194772a46844'),
	('4E7942D', 'e0553468-1906-4909-bfba-282ae54c6c29'),
	('7880676', '4d5e23ec-2fda-47eb-9937-0d0405c59c04'),
	('2D539CB', 'f76d4685-8655-456a-a787-79cc85574ee7'),
	('8384846', 'a6ce1ad1-cae9-45a4-bdf4-42ee947b0b04'),
	('42BCC07', '957cdbae-10d8-4de9-b45a-e70ed7206ffb'),
	('B6FB064', 'daa94ca6-a67d-4e9c-a5bd-f67f1777eb50'),
	('F1FE0C2', '0fdb5c94-42be-4a9e-afb0-a74ccf7beda0'),
	('A3652E1', 'b0c35c99-0c74-47a1-96ae-fc4a6150c39a'),
	('6FFBE63', '8a401fd5-df4e-4cb3-91d0-248df64b39f9'),
	('7D4DC30', '71cb99ab-cbd6-4cdf-9fe9-3f8fcd31207c'),
	('75577C5', '107b8f4a-3cf6-4d71-af41-76c13779eb91'),
	('E729862', '07c08bf7-ba07-4527-8aee-7fea1a0073e3'),
	('1BED11D', '8efa975b-6987-45bb-813e-635661cac956'),
	('349E06D', '1b901214-d690-4a59-ae1e-bb5306a92a6c'),
	('090C358', '33785b62-072a-4efb-be23-a835974d8e12'),
	('C4A80AF', 'f7d4e17a-c970-46b9-8dce-7c398f1db512'),
	('09129DD', '32dea211-04bc-4a93-944a-3f4fb81d964f'),
	('D95576B', '99c86fce-6f71-464c-bbd3-cd6977233ac4'),
	('A0C1F0D', '7b39698c-48c2-4753-8bb1-2757cf7a686b'),
	('ABE455F', 'adc7568e-8dee-4cc3-9ad5-5410e8e5f1ca'),
	('76188D3', '2a3a9da8-5c85-49c5-916e-db5823ee35d2'),
	('6984F3D', 'fb2d44cf-bd1c-40fd-8113-e5ae02312780'),
	('308D1E6', '8a1e073a-72f8-471f-acc5-59f3e9871226'),
	('72AE211', '7982cfc2-5f8f-457f-9db5-dac6422611d3'),
	('8D763DB', 'd4b66716-a28f-41c2-9c79-9f8b77b12d64'),
	('C15809B', '1c740ab8-d978-4964-931b-5639ee1358a0'),
	('A1F2B31', '041d42e6-e9ea-43fa-a7f2-02cb716afe03'),
	('920540A', 'a4044c75-ec55-49c3-8e25-abddcdef6212'),
	('3810777', '5e2da3a3-c681-4228-bebc-9a9b687ee49e'),
	('C14DFE8', '8ef30eb5-929e-429c-8730-5b21932ca58b'),
	('43C3533', 'fa97f644-a553-4e4a-be68-a40552c81108'),
	('A978267', 'd463347a-333a-4660-a620-93744f768c4d'),
	('204F915', '636d5a9e-0528-4613-a733-9b69ff1ca900'),
	('7B3F4E9', '05be4fa8-2141-4217-9742-9d43108e8804'),
	('3BB7FFC', 'dab494bd-2992-4d22-9530-94a295a4ff2b'),
	('98B5204', '8b56c0f2-906d-4f04-baf5-c78cc5085948'),
	('5217518', '0d505c31-97d7-40a5-b9f0-1a577ed4632c'),
	('7C175F1', 'edb9808e-cf72-46c5-8c1d-20ae9008dc35'),
	('FC9D174', 'b130383c-d926-4942-b678-d184426c53d4'),
	('F3FA6EF', '8a682248-dc4e-4d17-ab8c-091772829ec1'),
	('88685BD', 'f83844cc-e7a3-4e67-be7e-e73a2fe77505'),
	('BDE3300', '1d68eeb7-f894-4d36-8865-7d143f012769'),
	('B001FFF', 'dec9a7a3-b2d3-4237-8d97-5525250d6d0b'),
	('A39D906', '7cecb8b5-c3b2-486a-ae15-015b30f62756'),
	('1EA094D', 'a27b65b5-6f89-453c-b4f6-5653940a5dd3'),
	('A7607F8', 'ac65c9d5-cf04-44c3-97b6-73e018c3dedc'),
	('3A40E06', 'a6f98cb3-59cd-43f5-aa66-93b2897e0630'),
	('1160047', 'fc51bf6a-5537-494f-81bc-c97de192e331'),
	('D485B07', 'df07f780-a079-4f17-bcca-18ea617fc533'),
	('2CDE365', '40655e26-f1aa-45f6-a9d7-034313cc9910'),
	('DB9E30A', '0f97f7cd-f604-4df5-bd1a-7d9f94bf2d80'),
	('3BDDDDE', '70df3b10-de5a-4e57-bbb3-e30206136184'),
	('527E3F8', 'dbf5ec84-5410-45da-a76b-5154ba9764bc'),
	('6F5BA86', 'ca2ea8b2-378f-43ea-97b8-b5dad3fc9d34'),
	('AB5BF20', '7ee2de89-e312-46c0-80ba-cee6c1c3ce25'),
	('CE8B2E0', '051c2770-6231-4649-ac9e-20789c9dde0b'),
	('FFA7BF9', '4bd4bc49-346c-4fd4-9536-53a12bf5a7a9'),
	('D037EF9', 'ef7d930a-d7b0-42ad-b5dd-529674248dab'),
	('6AE0ACD', 'e90bbff9-1e34-412b-9352-7f4cd4f2e5cd'),
	('8E5B1A8', '70420df7-cef1-4972-a5d0-247e6bedf3f1'),
	('917196F', 'dfa77476-c8c7-445c-ac1a-b426fa65d228'),
	('C4337F8', '37ebd79d-a7f5-42f9-811a-bfaef8823d16'),
	('7AF4565', 'ad1b78b6-93ca-42c5-8ba6-1dc9ae3a25ca'),
	('9368B9D', '2460c066-2c2a-4612-9cff-b8300ffb4531'),
	('2068727', '4c30be47-b79d-4b7b-ae10-aa1c8df43696'),
	('764A84C', 'aef6fad8-7414-4ea5-b74a-a25973ad79fd'),
	('81BD509', 'a2a2af7e-99a8-41af-94e9-3bda2a47f62b'),
	('351D0D9', 'd1e49db6-a08e-47bf-950b-2e67de64f768'),
	('E90A538', '6aaa4670-6c27-4408-91d7-e9e5dd859182'),
	('43EC116', '270d01c9-613b-4d34-82c2-eea351de239b'),
	('9232138', '457a3b91-4d33-4169-8bb5-b55a78dae22e'),
	('4A4013F', '2c4c8fd8-c3a9-4317-ad25-0f0d844b72cd'),
	('C116BA9', '5958f120-19f4-4867-8b18-13768951c035'),
	('E32941B', '6930c254-a854-42a2-9e66-26c8bd466a81'),
	('5A96364', 'ac2f43f1-ef6f-4fa0-9683-dd36778cb722'),
	('CF30EDC', 'c61e9e0d-110d-4345-8088-bec5c75ce52b'),
	('AE5D599', 'f55bb595-a0ae-42dd-8c17-8e34dcddb231'),
	('C0D169E', '73272c60-e8f7-4594-b014-38ddb2079e5a'),
	('384AA6F', 'f2ab7f80-ad27-4ef7-859e-40d1f1a9e556'),
	('9A2E3BB', '3c9a908d-bc08-43c4-9e8d-c9cb95560cc7'),
	('1DC31B5', '3852fa0b-08fc-4ffa-87db-f4e7696a133b'),
	('41F726E', 'cd8af2d5-5cb0-4714-91fd-6eebedf4aebf'),
	('4D2FDE6', 'e16dca9b-d6bf-4d2f-ae10-28224a923637'),
	('7A25B8E', '7f566272-3f63-4034-bd28-235d0a73ab6a'),
	('3763A6E', '01ae8005-e4ae-4a03-a9b3-3ea9c592ac19'),
	('7291A15', '04125716-e09c-4f97-862c-882b9d8b1f98'),
	('559953A', '5986b881-b431-46b6-81d8-32dd7739a3d6'),
	('B425EDA', 'b97a2d42-4009-4aa0-bcf5-0d2c770b10ab'),
	('A73AE40', '388d8e27-87e0-4b22-946c-05650cacef30'),
	('6DF3DE2', '9a58abec-5354-4315-943e-85bd5707a3b4'),
	('9AE601E', '25e34076-28ff-4c8a-a67e-c131d12dcd7f'),
	('D1F2DEF', 'ba8cd86d-56f1-43d9-88b8-0f586e92c4be'),
	('E6A4302', '6516ce6e-393e-4fd2-b9e4-38fc3f9aa7d7'),
	('7031966', 'ffb4dd26-a6c2-439d-9707-786819a247f5'),
	('6F46CA0', '7495ffed-6618-4a40-b024-04e945ab838b'),
	('1E61334', '9a9fb3aa-effe-4bc2-986c-da6ec08869d8'),
	('F76D00E', '6dc62325-a807-4c87-83ff-e11629c288e4'),
	('5A3BC0F', 'bc8052d0-2bac-44c7-9ef4-e91ab1848d9a'),
	('F2D3B43', 'c2ea113b-6e5a-485e-a21f-2667075fb5e1'),
	('1CFBC73', '2c787dfd-a2ad-437f-beed-c15f145f18a3'),
	('A5C8FA5', '76901b66-4c8d-44a5-ad61-00c98efd2a2e'),
	('65CAD36', 'b2648e01-d091-49bf-8782-b4588d1da299'),
	('5F5EDB5', '3d9d2802-681d-408e-a4ea-073beb83c355'),
	('A1B4632', '641db891-84ba-4063-91f2-87a6eb8c7f29'),
	('3D100E4', 'e895c7a8-9a27-45f9-824c-227cf59932ba'),
	('2AED3BB', 'e7c0116a-7eac-465f-81bc-2411625462aa'),
	('988ED10', '25e9b303-0444-4a4a-957f-58453e57a818'),
	('4370F4F', '31d596b6-bc29-47b0-94c6-b3525d67c50b'),
	('F1E42D3', '3af45dbb-f8a7-40bc-9490-46248ae15465'),
	('AC9DC04', '8814927e-def8-4ee1-8874-061057f11012'),
	('DE2FB13', '3b18cf12-2a82-4a7a-8b58-2da8bf3d5822'),
	('3572DB0', 'b9ffb773-5819-41d9-a181-8514d0b18285'),
	('0B47DEB', '23cdc04e-1c81-4797-ad67-838aff4a487a'),
	('87AC60E', 'c33b7850-824d-4e5b-a2eb-e3fdb25e240e'),
	('FFE77DA', 'd5c7e07c-2493-48d0-b691-41ed9909a980'),
	('AEC2BE5', '2d184820-d3b8-478d-be0d-5b5c503315af'),
	('A9AB325', '41a467ac-1621-46b5-9672-4dbcd82320ef'),
	('54018E8', '8de67c86-3e69-43d8-9b6c-c2ff8d6dfa10'),
	('90402FA', 'c9a95e99-0164-4249-93a3-418710691ae6'),
	('90618EC', '4b50d71a-4ce0-43a0-8d21-a7531458666d'),
	('9A68DF3', '3474e515-d50d-49c4-9826-06ed0556bfac'),
	('8B0D4E8', '61af8edf-f761-487c-a72a-a800812b3f65'),
	('3DEDF1E', 'd9f364a4-e95d-4888-a391-23dcc532cddb'),
	('6E8C402', '020abe57-cf2f-47b3-903e-8b9b81e6fef5'),
	('3DC33AC', '1047fafe-4919-4de1-b748-929c5cd3fb69'),
	('6365500', 'e774f009-698b-4556-9eb9-c5413ed770ce'),
	('A14F050', '5ffc3c57-deec-4b54-8052-a7032169ee15'),
	('E36E626', '991c2296-0c10-4ad9-a0b2-addaf1241649'),
	('FA34697', 'ed5884b0-f931-4d29-823a-8ca6170a3eba'),
	('FFCF6F2', '19921ce5-0ce1-4a0f-8de4-2d7d2e194102'),
	('D6D8947', '8113ab9e-9896-4b21-bea1-c7c631cfe1b6'),
	('F6AAB20', '5658b47a-6d36-4748-9bad-9033297e227e'),
	('D2774A6', '26b486ce-6631-4fbc-9ccf-a7a1f73ce713'),
	('991B710', '4310cb33-7b34-4113-a1fe-a652c86d72bd'),
	('36A4E78', 'e3a86856-970b-4c06-a4c9-6e88882784c3'),
	('C018512', 'c78a7eb2-55a0-4d4c-824c-bff5eba4376c'),
	('BD85251', 'da377cfa-924f-4735-89cd-e86b89036c61'),
	('3665EC6', '943a755d-8655-4b85-a62e-3c9c893f342a'),
	('746B243', '540a4249-6c58-4271-85f6-d2a0aca54d23'),
	('6674F71', '662e38e3-4986-47e6-b23c-3bb0170c8dd9'),
	('3650617', '4ab43a5d-a548-4611-a983-e4eff7d48ba9'),
	('BB91EF9', '189fb988-81ac-43fb-90b4-c1e4f372a7c6'),
	('24069D7', 'f5ebcbc5-f57d-4381-a20c-2ebea5456c13'),
	('6B56923', '70826ac0-c915-4aaf-a5bb-74c5f3dfc3b7'),
	('5962D4E', '7f468937-292c-47db-a35d-085c7add5693'),
	('BF33003', 'f041f867-6032-4977-b005-b553ec777575'),
	('D84DFC3', '89561bb5-8e68-4611-b241-cc81c2f5ecb1'),
	('851A5EB', '31daf193-6630-4b8d-8a57-3040a3b7b235'),
	('F4503F1', 'bb46d986-7892-4b5c-bafb-346cbd7b550a'),
	('E297C5E', '9d192782-7f5f-4977-8dee-ccf4692e3f55'),
	('A4F433B', '2cee03ba-a333-407b-8d8a-306b7c5317a1'),
	('8A68706', '012a1e54-725c-4705-83d4-cbac70c382e1'),
	('3796991', 'be6246c9-afa4-48c9-a958-beea1816124f'),
	('7CCB188', '35fcc91a-370f-49ca-8627-69e3842cc86d'),
	('7A57F73', '10536096-a151-40d4-ad7f-656e885da628'),
	('47F6129', '44ab385f-dd59-4b12-a860-e44155ef226f'),
	('EE46755', '7479a872-99ae-45a9-b1d9-6a0da55801aa'),
	('EA853DC', 'a6126023-d910-408f-ad67-cdcfc46fa48a'),
	('A37C10B', '189b8ef6-e15a-4030-b347-8b40e979a8e3'),
	('BB065C4', 'ad9c8958-4090-4148-a1b3-945a41894842'),
	('382C54F', 'f02b795d-52b3-4f2a-b408-bb02dbcedfcd'),
	('925CAB7', '96bddc6c-8875-49eb-a6b2-393bddddcea1'),
	('AE5AA22', '6d25224d-4c05-40f4-8a23-12bafe5d5567'),
	('4B17316', '2f104f43-4b8f-4aa4-bd8d-d66a228d9e4b'),
	('BA672D7', '73a74524-16e2-484c-af50-d12b0158c1cb'),
	('EA2E66B', 'ac78fe21-2b9b-4ec4-8f1b-8f4d75b7f75d'),
	('E7ABCE6', '135fed5c-5a4d-44a4-9438-7fbc58673e30'),
	('35F1D46', '3d15ec90-ab6a-4e5a-ac01-56432fa1d146'),
	('4D04C12', '27abfb86-2c1a-461a-b695-3e565be9fb20'),
	('D84F1A0', '57541576-72ac-4a48-98e2-1e83ffb19c96'),
	('D35AEFD', 'feb6cf46-fd6c-4702-833f-74ce4d04e55d'),
	('3AB89E8', '6968a8d8-25ca-4616-91c0-9a51e2eb8ff1'),
	('B727CAB', 'b7fc12c5-de12-4106-a73e-13365eb9ff53'),
	('F5BAB88', '462f8231-d805-496c-ad13-ce940cd3b89d');


--
-- Data for Name: user_roles; Type: TABLE DATA; Schema: public; Owner: postgres
--

INSERT INTO "public"."user_roles" ("id", "user_profile_id", "role") VALUES
	('6ac681c8-3521-464e-bf9c-bcf3a6cd2117', 'd0288cae-0334-4a86-90a5-8f72f92dd97c', 'SUBCOM_AGENT'),
	('034601ff-c6ae-44ce-b62c-be235ae4e0a7', '2495cca3-1b11-4e50-a222-c8461bb47f2e', 'COM_ADMIN');


--
-- Data for Name: user_captain_clusters; Type: TABLE DATA; Schema: public; Owner: postgres
--

INSERT INTO "public"."user_captain_clusters" ("id", "cluster_id", "user_role_id") VALUES
	('a94001d8-49d8-43da-8f9e-a98cb9457fbc', '5f75075c-337f-4ba9-836f-5715a97c5c20', '6ac681c8-3521-464e-bf9c-bcf3a6cd2117'),
	('b178fc55-f2ca-4feb-b96a-4f31c73dbd7c', 'acafc5bf-c867-4a78-bdcd-142dba8b98c6', '6ac681c8-3521-464e-bf9c-bcf3a6cd2117');


--
-- Data for Name: user_checklists; Type: TABLE DATA; Schema: public; Owner: postgres
--

INSERT INTO "public"."user_checklists" ("id", "checklist_id", "user_profile_id", "completed_at") VALUES
	('0076d134-d8f8-4fb2-89de-1e6eaf9a458b', '36b46b3e-3250-480c-a67c-bb69404ec544', 'd0288cae-0334-4a86-90a5-8f72f92dd97c', NULL),
	('59b7deca-3e5a-40bb-af75-afd28a0dfdef', '36b46b3e-3250-480c-a67c-bb69404ec544', '2495cca3-1b11-4e50-a222-c8461bb47f2e', NULL),
	('2b6b5328-aa6c-411b-bf59-08627bfbcc96', 'f19fb46f-c5ef-4d19-a5d0-42d55829f9d3', 'd0288cae-0334-4a86-90a5-8f72f92dd97c', NULL),
	('a843f152-d569-41f9-bfa6-e069a62094b2', 'f19fb46f-c5ef-4d19-a5d0-42d55829f9d3', '2495cca3-1b11-4e50-a222-c8461bb47f2e', NULL),
	('19d22acd-7547-4012-8229-a0e1b5487caf', '4c057cb7-93fd-40d9-80e4-deb817d4f4ea', 'd0288cae-0334-4a86-90a5-8f72f92dd97c', NULL),
	('11059cda-d07b-43df-b501-66563d643b30', '4c057cb7-93fd-40d9-80e4-deb817d4f4ea', '2495cca3-1b11-4e50-a222-c8461bb47f2e', NULL),
	('ebb35f6f-6855-4c20-9bfc-cb4cfd3ac3be', 'ebcc122f-55ef-452d-995a-c121976c8ba6', 'd0288cae-0334-4a86-90a5-8f72f92dd97c', NULL),
	('d6911986-36c5-413a-bc57-accf5e2c14f4', 'ebcc122f-55ef-452d-995a-c121976c8ba6', '2495cca3-1b11-4e50-a222-c8461bb47f2e', NULL);


--
-- Data for Name: user_resources; Type: TABLE DATA; Schema: public; Owner: postgres
--



--
-- Data for Name: buckets; Type: TABLE DATA; Schema: storage; Owner: supabase_storage_admin
--



--
-- Data for Name: buckets_analytics; Type: TABLE DATA; Schema: storage; Owner: supabase_storage_admin
--



--
-- Data for Name: iceberg_namespaces; Type: TABLE DATA; Schema: storage; Owner: supabase_storage_admin
--



--
-- Data for Name: iceberg_tables; Type: TABLE DATA; Schema: storage; Owner: supabase_storage_admin
--



--
-- Data for Name: objects; Type: TABLE DATA; Schema: storage; Owner: supabase_storage_admin
--



--
-- Data for Name: prefixes; Type: TABLE DATA; Schema: storage; Owner: supabase_storage_admin
--



--
-- Data for Name: s3_multipart_uploads; Type: TABLE DATA; Schema: storage; Owner: supabase_storage_admin
--



--
-- Data for Name: s3_multipart_uploads_parts; Type: TABLE DATA; Schema: storage; Owner: supabase_storage_admin
--



--
-- Data for Name: hooks; Type: TABLE DATA; Schema: supabase_functions; Owner: supabase_functions_admin
--



--
-- Name: refresh_tokens_id_seq; Type: SEQUENCE SET; Schema: auth; Owner: supabase_auth_admin
--

SELECT pg_catalog.setval('"auth"."refresh_tokens_id_seq"', 6, true);


--
-- Name: hooks_id_seq; Type: SEQUENCE SET; Schema: supabase_functions; Owner: supabase_functions_admin
--

SELECT pg_catalog.setval('"supabase_functions"."hooks_id_seq"', 1, false);


--
-- PostgreSQL database dump complete
--

-- \unrestrict Arq1c3tH88fTcGPLU2KihLXjnmJLDLNXDSncsYKFCav51aSIXgYq1CIINMi11Qj

RESET ALL;
